category,section,range,code,description,keywords
Category III,Temporary Codes,0000T–9999T,0003T,Cervicography,cervicography
Category III,Temporary Codes,0000T–9999T,0008T,Upper gi endoscopy w/suture,upper gi endoscopy w/suture
Category III,Temporary Codes,0000T–9999T,0010T,"""Tb test, gamma interferon""","""tb test, gamma interferon"""
Category III,Temporary Codes,0000T–9999T,0016T,Thermotx choroid vasc lesion,thermotx choroid vasc lesion
Category III,Temporary Codes,0000T–9999T,0017T,Photocoagulat macular drusen,photocoagulat macular drusen
Category III,Temporary Codes,0000T–9999T,0018T,Transcranial magnetic stimul,transcranial magnetic stimul
Category III,Temporary Codes,0000T–9999T,0019T,"""Extracorp shock wave tx, ms""","""extracorp shock wave tx, ms"""
Category III,Temporary Codes,0000T–9999T,0020T,"""Extracorp shock wave tx, ft""","""extracorp shock wave tx, ft"""
Category III,Temporary Codes,0000T–9999T,0021T,"""Fetal oximetry, trnsvag/cerv""","""fetal oximetry, trnsvag/cerv"""
Category III,Temporary Codes,0000T–9999T,0023T,"""Phenotype drug test, hiv 1""","""phenotype drug test, hiv 1"""
Category III,Temporary Codes,0000T–9999T,0024T,Transcath cardiac reduction,transcath cardiac reduction
Category III,Temporary Codes,0000T–9999T,0026T,Measure remnant lipoproteins,measure remnant lipoproteins
Category III,Temporary Codes,0000T–9999T,0027T,Endoscopic epidural lysis,endoscopic epidural lysis
Category III,Temporary Codes,0000T–9999T,0028T,Dexa body composition study,dexa body composition study
Category III,Temporary Codes,0000T–9999T,0029T,Magnetic tx for incontinence,magnetic tx for incontinence
Category III,Temporary Codes,0000T–9999T,0030T,Antiprothrombin antibody,antiprothrombin antibody
Category III,Temporary Codes,0000T–9999T,0031T,Speculoscopy,speculoscopy
Category III,Temporary Codes,0000T–9999T,0032T,Speculoscopy w/direct sample,speculoscopy w/direct sample
Category III,Temporary Codes,0000T–9999T,0033T,Endovasc taa repr incl subcl,endovasc taa repr incl subcl
Category III,Temporary Codes,0000T–9999T,0034T,Endovasc taa repr w/o subcl,endovasc taa repr w/o subcl
Category III,Temporary Codes,0000T–9999T,0035T,"""Insert endovasc prosth, taa""","""insert endovasc prosth, taa"""
Category III,Temporary Codes,0000T–9999T,0036T,"""Endovasc prosth, taa, add-on""","""endovasc prosth, taa, add-on"""
Category III,Temporary Codes,0000T–9999T,0037T,Artery transpose/endovas taa,artery transpose/endovas taa
Category III,Temporary Codes,0000T–9999T,0038T,Rad endovasc taa rpr w/cover,rad endovasc taa rpr w/cover
Category III,Temporary Codes,0000T–9999T,0039T,"""Rad s/i, endovasc taa repair""","""rad s/i, endovasc taa repair"""
Category III,Temporary Codes,0000T–9999T,0040T,"""Rad s/i, endovasc taa prosth""","""rad s/i, endovasc taa prosth"""
Category III,Temporary Codes,0000T–9999T,0041T,Detect ur infect agnt w/cpas,detect ur infect agnt w/cpas
Category III,Temporary Codes,0000T–9999T,0042T,"""Ct perfusion w/contrast, cbf""","""ct perfusion w/contrast, cbf"""
Category III,Temporary Codes,0000T–9999T,0043T,Co expired gas analysis,co expired gas analysis
Category III,Temporary Codes,0000T–9999T,0044T,Whole body photography,whole body photography
Category III,Temporary Codes,0000T–9999T,0045T,Whole body photography,whole body photography
Category III,Temporary Codes,0000T–9999T,0046T,"""Cath lavage, mammary duct(s""","""cath lavage, mammary duct(s"""
Category III,Temporary Codes,0000T–9999T,0047T,"""Cath lavage, mammary duct(s)""","""cath lavage, mammary duct(s)"""
Category III,Temporary Codes,0000T–9999T,0048T,Implant ventricular device,implant ventricular device
Category III,Temporary Codes,0000T–9999T,0049T,External circulation assist,external circulation assist
Category III,Temporary Codes,0000T–9999T,0050T,Removal circulation assist,removal circulation assist
Category III,Temporary Codes,0000T–9999T,0051T,Implant total heart system,implant total heart system
Category III,Temporary Codes,0000T–9999T,0052T,Replace component heart syst,replace component heart syst
Category III,Temporary Codes,0000T–9999T,0053T,Replace component heart syst,replace component heart syst
Category III,Temporary Codes,0000T–9999T,0054T,Bone surgery using computer,bone surgery using computer
Category III,Temporary Codes,0000T–9999T,0055T,Bone surgery using computer,bone surgery using computer
Category III,Temporary Codes,0000T–9999T,0056T,Bone surgery using computer,bone surgery using computer
Category III,Temporary Codes,0000T–9999T,0058T,"""Cryopreservation, ovary tiss""","""cryopreservation, ovary tiss"""
Category III,Temporary Codes,0000T–9999T,0059T,"""Cryopreservation, oocyte""","""cryopreservation, oocyte"""
Category III,Temporary Codes,0000T–9999T,0060T,Electrical impedance scan,electrical impedance scan
Category III,Temporary Codes,0000T–9999T,0061T,"""Destruction of tumor, breast""","""destruction of tumor, breast"""
Category III,Temporary Codes,0000T–9999T,0062T,Rep intradisc annulus;1 lev,rep intradisc annulus;1 lev
Category III,Temporary Codes,0000T–9999T,0063T,Rep intradisc annulus;>1lev,rep intradisc annulus;>1lev
Category III,Temporary Codes,0000T–9999T,0064T,Spectroscop eval expired gas,spectroscop eval expired gas
Category III,Temporary Codes,0000T–9999T,0065T,Ocular photoscreen bilat,ocular photoscreen bilat
Category III,Temporary Codes,0000T–9999T,0066T,Ct colonography;screen,ct colonography;screen
Category III,Temporary Codes,0000T–9999T,0067T,Ct colonography;dx,ct colonography;dx
Category III,Temporary Codes,0000T–9999T,0068T,Interp/rept heart sound,interp/rept heart sound
Category III,Temporary Codes,0000T–9999T,0069T,Analysis only heart sound,analysis only heart sound
Category III,Temporary Codes,0000T–9999T,0070T,Interp only heart sound,interp only heart sound
Category III,Temporary Codes,0000T–9999T,0071T,U/s leiomyomata ablate <200,u/s leiomyomata ablate <200
Category III,Temporary Codes,0000T–9999T,0072T,U/s leiomyomata ablate >200,u/s leiomyomata ablate >200
Category III,Temporary Codes,0000T–9999T,0073T,"""Delivery, comp imrt""","""delivery, comp imrt"""
Category III,Temporary Codes,0000T–9999T,0074T,Online physician e/m,online physician e/m
Category III,Temporary Codes,0000T–9999T,0075T,Perq stent/chest vert art,perq stent/chest vert art
Category III,Temporary Codes,0000T–9999T,0076T,S&i stent/chest vert art,s&i stent/chest vert art
Category III,Temporary Codes,0000T–9999T,0077T,Cereb therm perfusion probe,cereb therm perfusion probe
Category III,Temporary Codes,0000T–9999T,0078T,Endovasc aort repr w/device,endovasc aort repr w/device
Category III,Temporary Codes,0000T–9999T,0079T,Endovasc visc extnsn repr,endovasc visc extnsn repr
Category III,Temporary Codes,0000T–9999T,0080T,Endovasc aort repr rad s&i,endovasc aort repr rad s&i
Category III,Temporary Codes,0000T–9999T,0081T,Endovasc visc extnsn s&i,endovasc visc extnsn s&i
Category III,Temporary Codes,0000T–9999T,0082T,Stereotactic rad delivery,stereotactic rad delivery
Category III,Temporary Codes,0000T–9999T,0083T,Stereotactic rad tx mngmt,stereotactic rad tx mngmt
Category III,Temporary Codes,0000T–9999T,0084T,Temp prostate urethral stent,temp prostate urethral stent
Category III,Temporary Codes,0000T–9999T,0085T,Breath test heart reject,breath test heart reject
Category III,Temporary Codes,0000T–9999T,0086T,L ventricle fill pressure,l ventricle fill pressure
Category III,Temporary Codes,0000T–9999T,0087T,Sperm eval hyaluronan,sperm eval hyaluronan
Category III,Temporary Codes,0000T–9999T,0088T,Rf tongue base vol reduxn,rf tongue base vol reduxn
Category II,Performance Measures,0000F–9999F,0500F,Initial prenatal care visit,initial prenatal care visit
Category II,Performance Measures,0000F–9999F,0501F,Prenatal flow sheet,prenatal flow sheet
Category II,Performance Measures,0000F–9999F,0502F,Subsequent prenatal care,subsequent prenatal care
Category II,Performance Measures,0000F–9999F,0503F,Postpartum care visit,postpartum care visit
Category II,Performance Measures,0000F–9999F,1000F,"""Tobacco use, smoking, assess""","""tobacco use, smoking, assess"""
Category II,Performance Measures,0000F–9999F,1001F,"""Tobacco use, non-smoking""","""tobacco use, non-smoking"""
Category I,Surgery – Integumentary,10000–19999,10021,Fna w/o image,fna w/o image
Category I,Surgery – Integumentary,10000–19999,10022,Fna w/image,fna w/image
Category II,Performance Measures,0000F–9999F,1002F,Assess anginal symptom/level,assess anginal symptom/level
Category I,Surgery – Integumentary,10000–19999,10040,Acne surgery,acne surgery
Category I,Surgery – Integumentary,10000–19999,10060,Drainage of skin abscess,drainage of skin abscess
Category I,Surgery – Integumentary,10000–19999,10061,Drainage of skin abscess,drainage of skin abscess
Category I,Surgery – Integumentary,10000–19999,10080,Drainage of pilonidal cyst,drainage of pilonidal cyst
Category I,Surgery – Integumentary,10000–19999,10081,Drainage of pilonidal cyst,drainage of pilonidal cyst
Category I,Surgery – Integumentary,10000–19999,10120,Remove foreign body,remove foreign body
Category I,Surgery – Integumentary,10000–19999,10121,Remove foreign body,remove foreign body
Category I,Surgery – Integumentary,10000–19999,10140,Drainage of hematoma/fluid,drainage of hematoma/fluid
Category I,Surgery – Integumentary,10000–19999,10160,Puncture drainage of lesion,puncture drainage of lesion
Category I,Surgery – Integumentary,10000–19999,10180,"""Complex drainage, wound""","""complex drainage, wound"""
Category I,Surgery – Integumentary,10000–19999,11000,Debride infected skin,debride infected skin
Category I,Surgery – Integumentary,10000–19999,11001,Debride infected skin add-on,debride infected skin add-on
Category I,Surgery – Integumentary,10000–19999,11004,Debride genitalia & perineum,debride genitalia & perineum
Category I,Surgery – Integumentary,10000–19999,11005,Debride abdom wall,debride abdom wall
Category I,Surgery – Integumentary,10000–19999,11006,Debride genit/per/abdom wall,debride genit/per/abdom wall
Category I,Surgery – Integumentary,10000–19999,11008,Remove mesh from abd wall,remove mesh from abd wall
Category I,Surgery – Integumentary,10000–19999,11010,"""Debride skin, fx""","""debride skin, fx"""
Category I,Surgery – Integumentary,10000–19999,11011,"""Debride skin/muscle, fx""","""debride skin/muscle, fx"""
Category I,Surgery – Integumentary,10000–19999,11012,"""Debride skin/muscle/bone, fx""","""debride skin/muscle/bone, fx"""
Category I,Surgery – Integumentary,10000–19999,11040,"""Debride skin, partial""","""debride skin, partial"""
Category I,Surgery – Integumentary,10000–19999,11041,"""Debride skin, full""","""debride skin, full"""
Category I,Surgery – Integumentary,10000–19999,11042,Debride skin/tissue,debride skin/tissue
Category I,Surgery – Integumentary,10000–19999,11043,Debride tissue/muscle,debride tissue/muscle
Category I,Surgery – Integumentary,10000–19999,11044,Debride tissue/muscle/bone,debride tissue/muscle/bone
Category I,Surgery – Integumentary,10000–19999,11055,Trim skin lesion,trim skin lesion
Category I,Surgery – Integumentary,10000–19999,11056,"""Trim skin lesions, 2 to 4""","""trim skin lesions, 2 to 4"""
Category I,Surgery – Integumentary,10000–19999,11057,"""Trim skin lesions, over 4""","""trim skin lesions, over 4"""
Category I,Surgery – Integumentary,10000–19999,11100,"""Biopsy, skin lesion""","""biopsy, skin lesion"""
Category I,Surgery – Integumentary,10000–19999,11101,"""Biopsy, skin add-on""","""biopsy, skin add-on"""
Category I,Surgery – Integumentary,10000–19999,11200,Removal of skin tags,removal of skin tags
Category I,Surgery – Integumentary,10000–19999,11201,Remove skin tags add-on,remove skin tags add-on
Category I,Surgery – Integumentary,10000–19999,11300,Shave skin lesion,shave skin lesion
Category I,Surgery – Integumentary,10000–19999,11301,Shave skin lesion,shave skin lesion
Category I,Surgery – Integumentary,10000–19999,11302,Shave skin lesion,shave skin lesion
Category I,Surgery – Integumentary,10000–19999,11303,Shave skin lesion,shave skin lesion
Category I,Surgery – Integumentary,10000–19999,11305,Shave skin lesion,shave skin lesion
Category I,Surgery – Integumentary,10000–19999,11306,Shave skin lesion,shave skin lesion
Category I,Surgery – Integumentary,10000–19999,11307,Shave skin lesion,shave skin lesion
Category I,Surgery – Integumentary,10000–19999,11308,Shave skin lesion,shave skin lesion
Category I,Surgery – Integumentary,10000–19999,11310,Shave skin lesion,shave skin lesion
Category I,Surgery – Integumentary,10000–19999,11311,Shave skin lesion,shave skin lesion
Category I,Surgery – Integumentary,10000–19999,11312,Shave skin lesion,shave skin lesion
Category I,Surgery – Integumentary,10000–19999,11313,Shave skin lesion,shave skin lesion
Category I,Surgery – Integumentary,10000–19999,11400,Exc tr-ext b9+marg 0.5 < cm,exc tr-ext b9+marg 0.5 < cm
Category I,Surgery – Integumentary,10000–19999,11401,Exc tr-ext b9+marg 0.6-1 cm,exc tr-ext b9+marg 0.6-1 cm
Category I,Surgery – Integumentary,10000–19999,11402,Exc tr-ext b9+marg 1.1-2 cm,exc tr-ext b9+marg 1.1-2 cm
Category I,Surgery – Integumentary,10000–19999,11403,Exc tr-ext b9+marg 2.1-3 cm,exc tr-ext b9+marg 2.1-3 cm
Category I,Surgery – Integumentary,10000–19999,11404,Exc tr-ext b9+marg 3.1-4 cm,exc tr-ext b9+marg 3.1-4 cm
Category I,Surgery – Integumentary,10000–19999,11406,Exc tr-ext b9+marg > 4.0 cm,exc tr-ext b9+marg > 4.0 cm
Category I,Surgery – Integumentary,10000–19999,11420,Exc h-f-nk-sp b9+marg 0.5 <,exc h-f-nk-sp b9+marg 0.5 <
Category I,Surgery – Integumentary,10000–19999,11421,Exc h-f-nk-sp b9+marg 0.6-1,exc h-f-nk-sp b9+marg 0.6-1
Category I,Surgery – Integumentary,10000–19999,11422,Exc h-f-nk-sp b9+marg 1.1-2,exc h-f-nk-sp b9+marg 1.1-2
Category I,Surgery – Integumentary,10000–19999,11423,Exc h-f-nk-sp b9+marg 2.1-3,exc h-f-nk-sp b9+marg 2.1-3
Category I,Surgery – Integumentary,10000–19999,11424,Exc h-f-nk-sp b9+marg 3.1-4,exc h-f-nk-sp b9+marg 3.1-4
Category I,Surgery – Integumentary,10000–19999,11426,Exc h-f-nk-sp b9+marg > 4 cm,exc h-f-nk-sp b9+marg > 4 cm
Category I,Surgery – Integumentary,10000–19999,11440,Exc face-mm b9+marg 0.5 < cm,exc face-mm b9+marg 0.5 < cm
Category I,Surgery – Integumentary,10000–19999,11441,Exc face-mm b9+marg 0.6-1 cm,exc face-mm b9+marg 0.6-1 cm
Category I,Surgery – Integumentary,10000–19999,11442,Exc face-mm b9+marg 1.1-2 cm,exc face-mm b9+marg 1.1-2 cm
Category I,Surgery – Integumentary,10000–19999,11443,Exc face-mm b9+marg 2.1-3 cm,exc face-mm b9+marg 2.1-3 cm
Category I,Surgery – Integumentary,10000–19999,11444,Exc face-mm b9+marg 3.1-4 cm,exc face-mm b9+marg 3.1-4 cm
Category I,Surgery – Integumentary,10000–19999,11446,Exc face-mm b9+marg > 4 cm,exc face-mm b9+marg > 4 cm
Category I,Surgery – Integumentary,10000–19999,11450,"""Removal, sweat gland lesion""","""removal, sweat gland lesion"""
Category I,Surgery – Integumentary,10000–19999,11451,"""Removal, sweat gland lesion""","""removal, sweat gland lesion"""
Category I,Surgery – Integumentary,10000–19999,11462,"""Removal, sweat gland lesion""","""removal, sweat gland lesion"""
Category I,Surgery – Integumentary,10000–19999,11463,"""Removal, sweat gland lesion""","""removal, sweat gland lesion"""
Category I,Surgery – Integumentary,10000–19999,11470,"""Removal, sweat gland lesion""","""removal, sweat gland lesion"""
Category I,Surgery – Integumentary,10000–19999,11471,"""Removal, sweat gland lesion""","""removal, sweat gland lesion"""
Category I,Surgery – Integumentary,10000–19999,11600,Exc tr-ext mlg+marg 0.5 < cm,exc tr-ext mlg+marg 0.5 < cm
Category I,Surgery – Integumentary,10000–19999,11601,Exc tr-ext mlg+marg 0.6-1 cm,exc tr-ext mlg+marg 0.6-1 cm
Category I,Surgery – Integumentary,10000–19999,11602,Exc tr-ext mlg+marg 1.1-2 cm,exc tr-ext mlg+marg 1.1-2 cm
Category I,Surgery – Integumentary,10000–19999,11603,Exc tr-ext mlg+marg 2.1-3 cm,exc tr-ext mlg+marg 2.1-3 cm
Category I,Surgery – Integumentary,10000–19999,11604,Exc tr-ext mlg+marg 3.1-4 cm,exc tr-ext mlg+marg 3.1-4 cm
Category I,Surgery – Integumentary,10000–19999,11606,Exc tr-ext mlg+marg > 4 cm,exc tr-ext mlg+marg > 4 cm
Category I,Surgery – Integumentary,10000–19999,11620,Exc h-f-nk-sp mlg+marg 0.5 <,exc h-f-nk-sp mlg+marg 0.5 <
Category I,Surgery – Integumentary,10000–19999,11621,Exc h-f-nk-sp mlg+marg 0.6-1,exc h-f-nk-sp mlg+marg 0.6-1
Category I,Surgery – Integumentary,10000–19999,11622,Exc h-f-nk-sp mlg+marg 1.1-2,exc h-f-nk-sp mlg+marg 1.1-2
Category I,Surgery – Integumentary,10000–19999,11623,Exc h-f-nk-sp mlg+marg 2.1-3,exc h-f-nk-sp mlg+marg 2.1-3
Category I,Surgery – Integumentary,10000–19999,11624,Exc h-f-nk-sp mlg+marg 3.1-4,exc h-f-nk-sp mlg+marg 3.1-4
Category I,Surgery – Integumentary,10000–19999,11626,Exc h-f-nk-sp mlg+mar > 4 cm,exc h-f-nk-sp mlg+mar > 4 cm
Category I,Surgery – Integumentary,10000–19999,11640,Exc face-mm malig+marg 0.5 <,exc face-mm malig+marg 0.5 <
Category I,Surgery – Integumentary,10000–19999,11641,Exc face-mm malig+marg 0.6-1,exc face-mm malig+marg 0.6-1
Category I,Surgery – Integumentary,10000–19999,11642,Exc face-mm malig+marg 1.1-2,exc face-mm malig+marg 1.1-2
Category I,Surgery – Integumentary,10000–19999,11643,Exc face-mm malig+marg 2.1-3,exc face-mm malig+marg 2.1-3
Category I,Surgery – Integumentary,10000–19999,11644,Exc face-mm malig+marg 3.1-4,exc face-mm malig+marg 3.1-4
Category I,Surgery – Integumentary,10000–19999,11646,Exc face-mm mlg+marg > 4 cm,exc face-mm mlg+marg > 4 cm
Category I,Surgery – Integumentary,10000–19999,11719,Trim nail(s),trim nail(s)
Category I,Surgery – Integumentary,10000–19999,11720,"""Debride nail, 1-5""","""debride nail, 1-5"""
Category I,Surgery – Integumentary,10000–19999,11721,"""Debride nail, 6 or more""","""debride nail, 6 or more"""
Category I,Surgery – Integumentary,10000–19999,11730,Removal of nail plate,removal of nail plate
Category I,Surgery – Integumentary,10000–19999,11732,"""Remove nail plate, add-on""","""remove nail plate, add-on"""
Category I,Surgery – Integumentary,10000–19999,11740,Drain blood from under nail,drain blood from under nail
Category I,Surgery – Integumentary,10000–19999,11750,Removal of nail bed,removal of nail bed
Category I,Surgery – Integumentary,10000–19999,11752,Remove nail bed/finger tip,remove nail bed/finger tip
Category I,Surgery – Integumentary,10000–19999,11755,"""Biopsy, nail unit""","""biopsy, nail unit"""
Category I,Surgery – Integumentary,10000–19999,11760,Repair of nail bed,repair of nail bed
Category I,Surgery – Integumentary,10000–19999,11762,Reconstruction of nail bed,reconstruction of nail bed
Category I,Surgery – Integumentary,10000–19999,11765,"""Excision of nail fold, toe""","""excision of nail fold, toe"""
Category I,Surgery – Integumentary,10000–19999,11770,Removal of pilonidal lesion,removal of pilonidal lesion
Category I,Surgery – Integumentary,10000–19999,11771,Removal of pilonidal lesion,removal of pilonidal lesion
Category I,Surgery – Integumentary,10000–19999,11772,Removal of pilonidal lesion,removal of pilonidal lesion
Category I,Surgery – Integumentary,10000–19999,11900,Injection into skin lesions,injection into skin lesions
Category I,Surgery – Integumentary,10000–19999,11901,Added skin lesions injection,added skin lesions injection
Category I,Surgery – Integumentary,10000–19999,11920,Correct skin color defects,correct skin color defects
Category I,Surgery – Integumentary,10000–19999,11921,Correct skin color defects,correct skin color defects
Category I,Surgery – Integumentary,10000–19999,11922,Correct skin color defects,correct skin color defects
Category I,Surgery – Integumentary,10000–19999,11950,Therapy for contour defects,therapy for contour defects
Category I,Surgery – Integumentary,10000–19999,11951,Therapy for contour defects,therapy for contour defects
Category I,Surgery – Integumentary,10000–19999,11952,Therapy for contour defects,therapy for contour defects
Category I,Surgery – Integumentary,10000–19999,11954,Therapy for contour defects,therapy for contour defects
Category I,Surgery – Integumentary,10000–19999,11960,Insert tissue expander(s),insert tissue expander(s)
Category I,Surgery – Integumentary,10000–19999,11970,Replace tissue expander,replace tissue expander
Category I,Surgery – Integumentary,10000–19999,11971,Remove tissue expander(s),remove tissue expander(s)
Category I,Surgery – Integumentary,10000–19999,11975,Insert contraceptive cap,insert contraceptive cap
Category I,Surgery – Integumentary,10000–19999,11976,Removal of contraceptive cap,removal of contraceptive cap
Category I,Surgery – Integumentary,10000–19999,11977,Removal/reinsert contra cap,removal/reinsert contra cap
Category I,Surgery – Integumentary,10000–19999,11980,Implant hormone pellet(s),implant hormone pellet(s)
Category I,Surgery – Integumentary,10000–19999,11981,Insert drug implant device,insert drug implant device
Category I,Surgery – Integumentary,10000–19999,11982,Remove drug implant device,remove drug implant device
Category I,Surgery – Integumentary,10000–19999,11983,Remove/insert drug implant,remove/insert drug implant
Category I,Surgery – Integumentary,10000–19999,12001,Repair superficial wound(s),repair superficial wound(s)
Category I,Surgery – Integumentary,10000–19999,12002,Repair superficial wound(s),repair superficial wound(s)
Category I,Surgery – Integumentary,10000–19999,12004,Repair superficial wound(s),repair superficial wound(s)
Category I,Surgery – Integumentary,10000–19999,12005,Repair superficial wound(s),repair superficial wound(s)
Category I,Surgery – Integumentary,10000–19999,12006,Repair superficial wound(s),repair superficial wound(s)
Category I,Surgery – Integumentary,10000–19999,12007,Repair superficial wound(s),repair superficial wound(s)
Category I,Surgery – Integumentary,10000–19999,12011,Repair superficial wound(s),repair superficial wound(s)
Category I,Surgery – Integumentary,10000–19999,12013,Repair superficial wound(s),repair superficial wound(s)
Category I,Surgery – Integumentary,10000–19999,12014,Repair superficial wound(s),repair superficial wound(s)
Category I,Surgery – Integumentary,10000–19999,12015,Repair superficial wound(s),repair superficial wound(s)
Category I,Surgery – Integumentary,10000–19999,12016,Repair superficial wound(s),repair superficial wound(s)
Category I,Surgery – Integumentary,10000–19999,12017,Repair superficial wound(s),repair superficial wound(s)
Category I,Surgery – Integumentary,10000–19999,12018,Repair superficial wound(s),repair superficial wound(s)
Category I,Surgery – Integumentary,10000–19999,12020,Closure of split wound,closure of split wound
Category I,Surgery – Integumentary,10000–19999,12021,Closure of split wound,closure of split wound
Category I,Surgery – Integumentary,10000–19999,12031,Layer closure of wound(s),layer closure of wound(s)
Category I,Surgery – Integumentary,10000–19999,12032,Layer closure of wound(s),layer closure of wound(s)
Category I,Surgery – Integumentary,10000–19999,12034,Layer closure of wound(s),layer closure of wound(s)
Category I,Surgery – Integumentary,10000–19999,12035,Layer closure of wound(s),layer closure of wound(s)
Category I,Surgery – Integumentary,10000–19999,12036,Layer closure of wound(s),layer closure of wound(s)
Category I,Surgery – Integumentary,10000–19999,12037,Layer closure of wound(s),layer closure of wound(s)
Category I,Surgery – Integumentary,10000–19999,12041,Layer closure of wound(s),layer closure of wound(s)
Category I,Surgery – Integumentary,10000–19999,12042,Layer closure of wound(s),layer closure of wound(s)
Category I,Surgery – Integumentary,10000–19999,12044,Layer closure of wound(s),layer closure of wound(s)
Category I,Surgery – Integumentary,10000–19999,12045,Layer closure of wound(s),layer closure of wound(s)
Category I,Surgery – Integumentary,10000–19999,12046,Layer closure of wound(s),layer closure of wound(s)
Category I,Surgery – Integumentary,10000–19999,12047,Layer closure of wound(s),layer closure of wound(s)
Category I,Surgery – Integumentary,10000–19999,12051,Layer closure of wound(s),layer closure of wound(s)
Category I,Surgery – Integumentary,10000–19999,12052,Layer closure of wound(s),layer closure of wound(s)
Category I,Surgery – Integumentary,10000–19999,12053,Layer closure of wound(s),layer closure of wound(s)
Category I,Surgery – Integumentary,10000–19999,12054,Layer closure of wound(s),layer closure of wound(s)
Category I,Surgery – Integumentary,10000–19999,12055,Layer closure of wound(s),layer closure of wound(s)
Category I,Surgery – Integumentary,10000–19999,12056,Layer closure of wound(s),layer closure of wound(s)
Category I,Surgery – Integumentary,10000–19999,12057,Layer closure of wound(s),layer closure of wound(s)
Category I,Surgery – Integumentary,10000–19999,13100,Repair of wound or lesion,repair of wound or lesion
Category I,Surgery – Integumentary,10000–19999,13101,Repair of wound or lesion,repair of wound or lesion
Category I,Surgery – Integumentary,10000–19999,13102,Repair wound/lesion add-on,repair wound/lesion add-on
Category I,Surgery – Integumentary,10000–19999,13120,Repair of wound or lesion,repair of wound or lesion
Category I,Surgery – Integumentary,10000–19999,13121,Repair of wound or lesion,repair of wound or lesion
Category I,Surgery – Integumentary,10000–19999,13122,Repair wound/lesion add-on,repair wound/lesion add-on
Category I,Surgery – Integumentary,10000–19999,13131,Repair of wound or lesion,repair of wound or lesion
Category I,Surgery – Integumentary,10000–19999,13132,Repair of wound or lesion,repair of wound or lesion
Category I,Surgery – Integumentary,10000–19999,13133,Repair wound/lesion add-on,repair wound/lesion add-on
Category I,Surgery – Integumentary,10000–19999,13150,Repair of wound or lesion,repair of wound or lesion
Category I,Surgery – Integumentary,10000–19999,13151,Repair of wound or lesion,repair of wound or lesion
Category I,Surgery – Integumentary,10000–19999,13152,Repair of wound or lesion,repair of wound or lesion
Category I,Surgery – Integumentary,10000–19999,13153,Repair wound/lesion add-on,repair wound/lesion add-on
Category I,Surgery – Integumentary,10000–19999,13160,Late closure of wound,late closure of wound
Category I,Surgery – Integumentary,10000–19999,14000,Skin tissue rearrangement,skin tissue rearrangement
Category I,Surgery – Integumentary,10000–19999,14001,Skin tissue rearrangement,skin tissue rearrangement
Category I,Surgery – Integumentary,10000–19999,14020,Skin tissue rearrangement,skin tissue rearrangement
Category I,Surgery – Integumentary,10000–19999,14021,Skin tissue rearrangement,skin tissue rearrangement
Category I,Surgery – Integumentary,10000–19999,14040,Skin tissue rearrangement,skin tissue rearrangement
Category I,Surgery – Integumentary,10000–19999,14041,Skin tissue rearrangement,skin tissue rearrangement
Category I,Surgery – Integumentary,10000–19999,14060,Skin tissue rearrangement,skin tissue rearrangement
Category I,Surgery – Integumentary,10000–19999,14061,Skin tissue rearrangement,skin tissue rearrangement
Category I,Surgery – Integumentary,10000–19999,14300,Skin tissue rearrangement,skin tissue rearrangement
Category I,Surgery – Integumentary,10000–19999,14350,Skin tissue rearrangement,skin tissue rearrangement
Category I,Surgery – Integumentary,10000–19999,15000,Skin graft,skin graft
Category I,Surgery – Integumentary,10000–19999,15001,Skin graft add-on,skin graft add-on
Category I,Surgery – Integumentary,10000–19999,15050,Skin pinch graft,skin pinch graft
Category I,Surgery – Integumentary,10000–19999,15100,Skin split graft,skin split graft
Category I,Surgery – Integumentary,10000–19999,15101,Skin split graft add-on,skin split graft add-on
Category I,Surgery – Integumentary,10000–19999,15120,Skin split graft,skin split graft
Category I,Surgery – Integumentary,10000–19999,15121,Skin split graft add-on,skin split graft add-on
Category I,Surgery – Integumentary,10000–19999,15200,Skin full graft,skin full graft
Category I,Surgery – Integumentary,10000–19999,15201,Skin full graft add-on,skin full graft add-on
Category I,Surgery – Integumentary,10000–19999,15220,Skin full graft,skin full graft
Category I,Surgery – Integumentary,10000–19999,15221,Skin full graft add-on,skin full graft add-on
Category I,Surgery – Integumentary,10000–19999,15240,Skin full graft,skin full graft
Category I,Surgery – Integumentary,10000–19999,15241,Skin full graft add-on,skin full graft add-on
Category I,Surgery – Integumentary,10000–19999,15260,Skin full graft,skin full graft
Category I,Surgery – Integumentary,10000–19999,15261,Skin full graft add-on,skin full graft add-on
Category I,Surgery – Integumentary,10000–19999,15342,"""Cultured skin graft, 25 cm""","""cultured skin graft, 25 cm"""
Category I,Surgery – Integumentary,10000–19999,15343,Culture skn graft addl 25 cm,culture skn graft addl 25 cm
Category I,Surgery – Integumentary,10000–19999,15350,Skin homograft,skin homograft
Category I,Surgery – Integumentary,10000–19999,15351,Skin homograft add-on,skin homograft add-on
Category I,Surgery – Integumentary,10000–19999,15400,Skin heterograft,skin heterograft
Category I,Surgery – Integumentary,10000–19999,15401,Skin heterograft add-on,skin heterograft add-on
Category I,Surgery – Integumentary,10000–19999,15570,Form skin pedicle flap,form skin pedicle flap
Category I,Surgery – Integumentary,10000–19999,15572,Form skin pedicle flap,form skin pedicle flap
Category I,Surgery – Integumentary,10000–19999,15574,Form skin pedicle flap,form skin pedicle flap
Category I,Surgery – Integumentary,10000–19999,15576,Form skin pedicle flap,form skin pedicle flap
Category I,Surgery – Integumentary,10000–19999,15600,Skin graft,skin graft
Category I,Surgery – Integumentary,10000–19999,15610,Skin graft,skin graft
Category I,Surgery – Integumentary,10000–19999,15620,Skin graft,skin graft
Category I,Surgery – Integumentary,10000–19999,15630,Skin graft,skin graft
Category I,Surgery – Integumentary,10000–19999,15650,Transfer skin pedicle flap,transfer skin pedicle flap
Category I,Surgery – Integumentary,10000–19999,15732,"""Muscle-skin graft, head/neck""","""muscle-skin graft, head/neck"""
Category I,Surgery – Integumentary,10000–19999,15734,"""Muscle-skin graft, trunk""","""muscle-skin graft, trunk"""
Category I,Surgery – Integumentary,10000–19999,15736,"""Muscle-skin graft, arm""","""muscle-skin graft, arm"""
Category I,Surgery – Integumentary,10000–19999,15738,"""Muscle-skin graft, leg""","""muscle-skin graft, leg"""
Category I,Surgery – Integumentary,10000–19999,15740,Island pedicle flap graft,island pedicle flap graft
Category I,Surgery – Integumentary,10000–19999,15750,Neurovascular pedicle graft,neurovascular pedicle graft
Category I,Surgery – Integumentary,10000–19999,15756,Free myo/skin flap microvasc,free myo/skin flap microvasc
Category I,Surgery – Integumentary,10000–19999,15757,"""Free skin flap, microvasc""","""free skin flap, microvasc"""
Category I,Surgery – Integumentary,10000–19999,15758,"""Free fascial flap, microvasc""","""free fascial flap, microvasc"""
Category I,Surgery – Integumentary,10000–19999,15760,Composite skin graft,composite skin graft
Category I,Surgery – Integumentary,10000–19999,15770,Derma-fat-fascia graft,derma-fat-fascia graft
Category I,Surgery – Integumentary,10000–19999,15775,Hair transplant punch grafts,hair transplant punch grafts
Category I,Surgery – Integumentary,10000–19999,15776,Hair transplant punch grafts,hair transplant punch grafts
Category I,Surgery – Integumentary,10000–19999,15780,Abrasion treatment of skin,abrasion treatment of skin
Category I,Surgery – Integumentary,10000–19999,15781,Abrasion treatment of skin,abrasion treatment of skin
Category I,Surgery – Integumentary,10000–19999,15782,Abrasion treatment of skin,abrasion treatment of skin
Category I,Surgery – Integumentary,10000–19999,15783,Abrasion treatment of skin,abrasion treatment of skin
Category I,Surgery – Integumentary,10000–19999,15786,"""Abrasion, lesion, single""","""abrasion, lesion, single"""
Category I,Surgery – Integumentary,10000–19999,15787,"""Abrasion, lesions, add-on""","""abrasion, lesions, add-on"""
Category I,Surgery – Integumentary,10000–19999,15788,"""Chemical peel, face, epiderm""","""chemical peel, face, epiderm"""
Category I,Surgery – Integumentary,10000–19999,15789,"""Chemical peel, face, dermal""","""chemical peel, face, dermal"""
Category I,Surgery – Integumentary,10000–19999,15792,"""Chemical peel, nonfacial""","""chemical peel, nonfacial"""
Category I,Surgery – Integumentary,10000–19999,15793,"""Chemical peel, nonfacial""","""chemical peel, nonfacial"""
Category I,Surgery – Integumentary,10000–19999,15810,Salabrasion,salabrasion
Category I,Surgery – Integumentary,10000–19999,15811,Salabrasion,salabrasion
Category I,Surgery – Integumentary,10000–19999,15819,"""Plastic surgery, neck""","""plastic surgery, neck"""
Category I,Surgery – Integumentary,10000–19999,15820,Revision of lower eyelid,revision of lower eyelid
Category I,Surgery – Integumentary,10000–19999,15821,Revision of lower eyelid,revision of lower eyelid
Category I,Surgery – Integumentary,10000–19999,15822,Revision of upper eyelid,revision of upper eyelid
Category I,Surgery – Integumentary,10000–19999,15823,Revision of upper eyelid,revision of upper eyelid
Category I,Surgery – Integumentary,10000–19999,15824,Removal of forehead wrinkles,removal of forehead wrinkles
Category I,Surgery – Integumentary,10000–19999,15825,Removal of neck wrinkles,removal of neck wrinkles
Category I,Surgery – Integumentary,10000–19999,15826,Removal of brow wrinkles,removal of brow wrinkles
Category I,Surgery – Integumentary,10000–19999,15828,Removal of face wrinkles,removal of face wrinkles
Category I,Surgery – Integumentary,10000–19999,15829,Removal of skin wrinkles,removal of skin wrinkles
Category I,Surgery – Integumentary,10000–19999,15831,Excise excessive skin tissue,excise excessive skin tissue
Category I,Surgery – Integumentary,10000–19999,15832,Excise excessive skin tissue,excise excessive skin tissue
Category I,Surgery – Integumentary,10000–19999,15833,Excise excessive skin tissue,excise excessive skin tissue
Category I,Surgery – Integumentary,10000–19999,15834,Excise excessive skin tissue,excise excessive skin tissue
Category I,Surgery – Integumentary,10000–19999,15835,Excise excessive skin tissue,excise excessive skin tissue
Category I,Surgery – Integumentary,10000–19999,15836,Excise excessive skin tissue,excise excessive skin tissue
Category I,Surgery – Integumentary,10000–19999,15837,Excise excessive skin tissue,excise excessive skin tissue
Category I,Surgery – Integumentary,10000–19999,15838,Excise excessive skin tissue,excise excessive skin tissue
Category I,Surgery – Integumentary,10000–19999,15839,Excise excessive skin tissue,excise excessive skin tissue
Category I,Surgery – Integumentary,10000–19999,15840,Graft for face nerve palsy,graft for face nerve palsy
Category I,Surgery – Integumentary,10000–19999,15841,Graft for face nerve palsy,graft for face nerve palsy
Category I,Surgery – Integumentary,10000–19999,15842,Flap for face nerve palsy,flap for face nerve palsy
Category I,Surgery – Integumentary,10000–19999,15845,"""Skin and muscle repair, face""","""skin and muscle repair, face"""
Category I,Surgery – Integumentary,10000–19999,15850,Removal of sutures,removal of sutures
Category I,Surgery – Integumentary,10000–19999,15851,Removal of sutures,removal of sutures
Category I,Surgery – Integumentary,10000–19999,15852,Dressing change not for burn,dressing change not for burn
Category I,Surgery – Integumentary,10000–19999,15860,Test for blood flow in graft,test for blood flow in graft
Category I,Surgery – Integumentary,10000–19999,15876,Suction assisted lipectomy,suction assisted lipectomy
Category I,Surgery – Integumentary,10000–19999,15877,Suction assisted lipectomy,suction assisted lipectomy
Category I,Surgery – Integumentary,10000–19999,15878,Suction assisted lipectomy,suction assisted lipectomy
Category I,Surgery – Integumentary,10000–19999,15879,Suction assisted lipectomy,suction assisted lipectomy
Category I,Surgery – Integumentary,10000–19999,15920,Removal of tail bone ulcer,removal of tail bone ulcer
Category I,Surgery – Integumentary,10000–19999,15922,Removal of tail bone ulcer,removal of tail bone ulcer
Category I,Surgery – Integumentary,10000–19999,15931,Remove sacrum pressure sore,remove sacrum pressure sore
Category I,Surgery – Integumentary,10000–19999,15933,Remove sacrum pressure sore,remove sacrum pressure sore
Category I,Surgery – Integumentary,10000–19999,15934,Remove sacrum pressure sore,remove sacrum pressure sore
Category I,Surgery – Integumentary,10000–19999,15935,Remove sacrum pressure sore,remove sacrum pressure sore
Category I,Surgery – Integumentary,10000–19999,15936,Remove sacrum pressure sore,remove sacrum pressure sore
Category I,Surgery – Integumentary,10000–19999,15937,Remove sacrum pressure sore,remove sacrum pressure sore
Category I,Surgery – Integumentary,10000–19999,15940,Remove hip pressure sore,remove hip pressure sore
Category I,Surgery – Integumentary,10000–19999,15941,Remove hip pressure sore,remove hip pressure sore
Category I,Surgery – Integumentary,10000–19999,15944,Remove hip pressure sore,remove hip pressure sore
Category I,Surgery – Integumentary,10000–19999,15945,Remove hip pressure sore,remove hip pressure sore
Category I,Surgery – Integumentary,10000–19999,15946,Remove hip pressure sore,remove hip pressure sore
Category I,Surgery – Integumentary,10000–19999,15950,Remove thigh pressure sore,remove thigh pressure sore
Category I,Surgery – Integumentary,10000–19999,15951,Remove thigh pressure sore,remove thigh pressure sore
Category I,Surgery – Integumentary,10000–19999,15952,Remove thigh pressure sore,remove thigh pressure sore
Category I,Surgery – Integumentary,10000–19999,15953,Remove thigh pressure sore,remove thigh pressure sore
Category I,Surgery – Integumentary,10000–19999,15956,Remove thigh pressure sore,remove thigh pressure sore
Category I,Surgery – Integumentary,10000–19999,15958,Remove thigh pressure sore,remove thigh pressure sore
Category I,Surgery – Integumentary,10000–19999,15999,Removal of pressure sore,removal of pressure sore
Category I,Surgery – Integumentary,10000–19999,16000,Initial treatment of burn(s),initial treatment of burn(s)
Category I,Surgery – Integumentary,10000–19999,16010,Treatment of burn(s),treatment of burn(s)
Category I,Surgery – Integumentary,10000–19999,16015,Treatment of burn(s),treatment of burn(s)
Category I,Surgery – Integumentary,10000–19999,16020,Treatment of burn(s),treatment of burn(s)
Category I,Surgery – Integumentary,10000–19999,16025,Treatment of burn(s),treatment of burn(s)
Category I,Surgery – Integumentary,10000–19999,16030,Treatment of burn(s),treatment of burn(s)
Category I,Surgery – Integumentary,10000–19999,16035,"""Incision of burn scab, initi""","""incision of burn scab, initi"""
Category I,Surgery – Integumentary,10000–19999,16036,Escharotomy; add?l incision,escharotomy; add?l incision
Category I,Surgery – Integumentary,10000–19999,17000,Destroy benign/premlg lesion,destroy benign/premlg lesion
Category I,Surgery – Integumentary,10000–19999,17003,"""Destroy lesions, 2-14""","""destroy lesions, 2-14"""
Category I,Surgery – Integumentary,10000–19999,17004,"""Destroy lesions, 15 or more""","""destroy lesions, 15 or more"""
Category I,Surgery – Integumentary,10000–19999,17106,Destruction of skin lesions,destruction of skin lesions
Category I,Surgery – Integumentary,10000–19999,17107,Destruction of skin lesions,destruction of skin lesions
Category I,Surgery – Integumentary,10000–19999,17108,Destruction of skin lesions,destruction of skin lesions
Category I,Surgery – Integumentary,10000–19999,17110,"""Destruct lesion, 1-14""","""destruct lesion, 1-14"""
Category I,Surgery – Integumentary,10000–19999,17111,"""Destruct lesion, 15 or more""","""destruct lesion, 15 or more"""
Category I,Surgery – Integumentary,10000–19999,17250,"""Chemical cautery, tissue""","""chemical cautery, tissue"""
Category I,Surgery – Integumentary,10000–19999,17260,Destruction of skin lesions,destruction of skin lesions
Category I,Surgery – Integumentary,10000–19999,17261,Destruction of skin lesions,destruction of skin lesions
Category I,Surgery – Integumentary,10000–19999,17262,Destruction of skin lesions,destruction of skin lesions
Category I,Surgery – Integumentary,10000–19999,17263,Destruction of skin lesions,destruction of skin lesions
Category I,Surgery – Integumentary,10000–19999,17264,Destruction of skin lesions,destruction of skin lesions
Category I,Surgery – Integumentary,10000–19999,17266,Destruction of skin lesions,destruction of skin lesions
Category I,Surgery – Integumentary,10000–19999,17270,Destruction of skin lesions,destruction of skin lesions
Category I,Surgery – Integumentary,10000–19999,17271,Destruction of skin lesions,destruction of skin lesions
Category I,Surgery – Integumentary,10000–19999,17272,Destruction of skin lesions,destruction of skin lesions
Category I,Surgery – Integumentary,10000–19999,17273,Destruction of skin lesions,destruction of skin lesions
Category I,Surgery – Integumentary,10000–19999,17274,Destruction of skin lesions,destruction of skin lesions
Category I,Surgery – Integumentary,10000–19999,17276,Destruction of skin lesions,destruction of skin lesions
Category I,Surgery – Integumentary,10000–19999,17280,Destruction of skin lesions,destruction of skin lesions
Category I,Surgery – Integumentary,10000–19999,17281,Destruction of skin lesions,destruction of skin lesions
Category I,Surgery – Integumentary,10000–19999,17282,Destruction of skin lesions,destruction of skin lesions
Category I,Surgery – Integumentary,10000–19999,17283,Destruction of skin lesions,destruction of skin lesions
Category I,Surgery – Integumentary,10000–19999,17284,Destruction of skin lesions,destruction of skin lesions
Category I,Surgery – Integumentary,10000–19999,17286,Destruction of skin lesions,destruction of skin lesions
Category I,Surgery – Integumentary,10000–19999,17304,"""1 stage mohs, up to 5 spec""","""1 stage mohs, up to 5 spec"""
Category I,Surgery – Integumentary,10000–19999,17305,"""2 stage mohs, up to 5 spec""","""2 stage mohs, up to 5 spec"""
Category I,Surgery – Integumentary,10000–19999,17306,"""3 stage mohs, up to 5 spec""","""3 stage mohs, up to 5 spec"""
Category I,Surgery – Integumentary,10000–19999,17307,Mohs addl stage up to 5 spec,mohs addl stage up to 5 spec
Category I,Surgery – Integumentary,10000–19999,17310,Mohs any stage > 5 spec each,mohs any stage > 5 spec each
Category I,Surgery – Integumentary,10000–19999,17340,Cryotherapy of skin,cryotherapy of skin
Category I,Surgery – Integumentary,10000–19999,17360,Skin peel therapy,skin peel therapy
Category I,Surgery – Integumentary,10000–19999,17380,Hair removal by electrolysis,hair removal by electrolysis
Category I,Surgery – Integumentary,10000–19999,17999,Skin tissue procedure,skin tissue procedure
Category I,Surgery – Integumentary,10000–19999,19000,Drainage of breast lesion,drainage of breast lesion
Category I,Surgery – Integumentary,10000–19999,19001,Drain breast lesion add-on,drain breast lesion add-on
Category I,Surgery – Integumentary,10000–19999,19020,Incision of breast lesion,incision of breast lesion
Category I,Surgery – Integumentary,10000–19999,19030,Injection for breast x-ray,injection for breast x-ray
Category I,Surgery – Integumentary,10000–19999,19100,Bx breast percut w/o image,bx breast percut w/o image
Category I,Surgery – Integumentary,10000–19999,19101,"""Biopsy of breast, open""","""biopsy of breast, open"""
Category I,Surgery – Integumentary,10000–19999,19102,Bx breast percut w/image,bx breast percut w/image
Category I,Surgery – Integumentary,10000–19999,19103,Bx breast percut w/device,bx breast percut w/device
Category I,Surgery – Integumentary,10000–19999,19110,Nipple exploration,nipple exploration
Category I,Surgery – Integumentary,10000–19999,19112,Excise breast duct fistula,excise breast duct fistula
Category I,Surgery – Integumentary,10000–19999,19120,Removal of breast lesion,removal of breast lesion
Category I,Surgery – Integumentary,10000–19999,19125,"""Excision, breast lesion""","""excision, breast lesion"""
Category I,Surgery – Integumentary,10000–19999,19126,"""Excision, addl breast lesion""","""excision, addl breast lesion"""
Category I,Surgery – Integumentary,10000–19999,19140,Removal of breast tissue,removal of breast tissue
Category I,Surgery – Integumentary,10000–19999,19160,Partial mastectomy,partial mastectomy
Category I,Surgery – Integumentary,10000–19999,19162,P-mastectomy w/ln removal,p-mastectomy w/ln removal
Category I,Surgery – Integumentary,10000–19999,19180,Removal of breast,removal of breast
Category I,Surgery – Integumentary,10000–19999,19182,Removal of breast,removal of breast
Category I,Surgery – Integumentary,10000–19999,19200,Removal of breast,removal of breast
Category I,Surgery – Integumentary,10000–19999,19220,Removal of breast,removal of breast
Category I,Surgery – Integumentary,10000–19999,19240,Removal of breast,removal of breast
Category I,Surgery – Integumentary,10000–19999,19260,Removal of chest wall lesion,removal of chest wall lesion
Category I,Surgery – Integumentary,10000–19999,19271,Revision of chest wall,revision of chest wall
Category I,Surgery – Integumentary,10000–19999,19272,Extensive chest wall surgery,extensive chest wall surgery
Category I,Surgery – Integumentary,10000–19999,19290,"""Place needle wire, breast""","""place needle wire, breast"""
Category I,Surgery – Integumentary,10000–19999,19291,"""Place needle wire, breast""","""place needle wire, breast"""
Category I,Surgery – Integumentary,10000–19999,19295,"""Place breast clip, percut""","""place breast clip, percut"""
Category I,Surgery – Integumentary,10000–19999,19296,Place po breast cath for rad,place po breast cath for rad
Category I,Surgery – Integumentary,10000–19999,19297,Place breast cath for rad,place breast cath for rad
Category I,Surgery – Integumentary,10000–19999,19298,Place breast rad tube/caths,place breast rad tube/caths
Category I,Surgery – Integumentary,10000–19999,19316,Suspension of breast,suspension of breast
Category I,Surgery – Integumentary,10000–19999,19318,Reduction of large breast,reduction of large breast
Category I,Surgery – Integumentary,10000–19999,19324,Enlarge breast,enlarge breast
Category I,Surgery – Integumentary,10000–19999,19325,Enlarge breast with implant,enlarge breast with implant
Category I,Surgery – Integumentary,10000–19999,19328,Removal of breast implant,removal of breast implant
Category I,Surgery – Integumentary,10000–19999,19330,Removal of implant material,removal of implant material
Category I,Surgery – Integumentary,10000–19999,19340,Immediate breast prosthesis,immediate breast prosthesis
Category I,Surgery – Integumentary,10000–19999,19342,Delayed breast prosthesis,delayed breast prosthesis
Category I,Surgery – Integumentary,10000–19999,19350,Breast reconstruction,breast reconstruction
Category I,Surgery – Integumentary,10000–19999,19355,Correct inverted nipple(s),correct inverted nipple(s)
Category I,Surgery – Integumentary,10000–19999,19357,Breast reconstruction,breast reconstruction
Category I,Surgery – Integumentary,10000–19999,19361,Breast reconstruction,breast reconstruction
Category I,Surgery – Integumentary,10000–19999,19364,Breast reconstruction,breast reconstruction
Category I,Surgery – Integumentary,10000–19999,19366,Breast reconstruction,breast reconstruction
Category I,Surgery – Integumentary,10000–19999,19367,Breast reconstruction,breast reconstruction
Category I,Surgery – Integumentary,10000–19999,19368,Breast reconstruction,breast reconstruction
Category I,Surgery – Integumentary,10000–19999,19369,Breast reconstruction,breast reconstruction
Category I,Surgery – Integumentary,10000–19999,19370,Surgery of breast capsule,surgery of breast capsule
Category I,Surgery – Integumentary,10000–19999,19371,Removal of breast capsule,removal of breast capsule
Category I,Surgery – Integumentary,10000–19999,19380,Revise breast reconstruction,revise breast reconstruction
Category I,Surgery – Integumentary,10000–19999,19396,Design custom breast implant,design custom breast implant
Category I,Surgery – Integumentary,10000–19999,19499,Breast surgery procedure,breast surgery procedure
Category I,Surgery – Musculoskeletal,20000–29999,20000,Incision of abscess,incision of abscess
Category I,Surgery – Musculoskeletal,20000–29999,20005,Incision of deep abscess,incision of deep abscess
Category II,Performance Measures,0000F–9999F,2000F,"""Blood pressure, measured""","""blood pressure, measured"""
Category I,Surgery – Musculoskeletal,20000–29999,20100,"""Explore wound, neck""","""explore wound, neck"""
Category I,Surgery – Musculoskeletal,20000–29999,20101,"""Explore wound, chest""","""explore wound, chest"""
Category I,Surgery – Musculoskeletal,20000–29999,20102,"""Explore wound, abdomen""","""explore wound, abdomen"""
Category I,Surgery – Musculoskeletal,20000–29999,20103,"""Explore wound, extremity""","""explore wound, extremity"""
Category I,Surgery – Musculoskeletal,20000–29999,20150,Excise epiphyseal bar,excise epiphyseal bar
Category I,Surgery – Musculoskeletal,20000–29999,20200,Muscle biopsy,muscle biopsy
Category I,Surgery – Musculoskeletal,20000–29999,20205,Deep muscle biopsy,deep muscle biopsy
Category I,Surgery – Musculoskeletal,20000–29999,20206,"""Needle biopsy, muscle""","""needle biopsy, muscle"""
Category I,Surgery – Musculoskeletal,20000–29999,20220,"""Bone biopsy, trocar/needle""","""bone biopsy, trocar/needle"""
Category I,Surgery – Musculoskeletal,20000–29999,20225,"""Bone biopsy, trocar/needle""","""bone biopsy, trocar/needle"""
Category I,Surgery – Musculoskeletal,20000–29999,20240,"""Bone biopsy, excisional""","""bone biopsy, excisional"""
Category I,Surgery – Musculoskeletal,20000–29999,20245,"""Bone biopsy, excisional""","""bone biopsy, excisional"""
Category I,Surgery – Musculoskeletal,20000–29999,20250,Open bone biopsy,open bone biopsy
Category I,Surgery – Musculoskeletal,20000–29999,20251,Open bone biopsy,open bone biopsy
Category I,Surgery – Musculoskeletal,20000–29999,20500,Injection of sinus tract,injection of sinus tract
Category I,Surgery – Musculoskeletal,20000–29999,20501,Inject sinus tract for x-ray,inject sinus tract for x-ray
Category I,Surgery – Musculoskeletal,20000–29999,20520,Removal of foreign body,removal of foreign body
Category I,Surgery – Musculoskeletal,20000–29999,20525,Removal of foreign body,removal of foreign body
Category I,Surgery – Musculoskeletal,20000–29999,20526,"""Ther injection, carp tunnel""","""ther injection, carp tunnel"""
Category I,Surgery – Musculoskeletal,20000–29999,20550,Inj tendon sheath/ligament,inj tendon sheath/ligament
Category I,Surgery – Musculoskeletal,20000–29999,20551,Inj tendon origin/insertion,inj tendon origin/insertion
Category I,Surgery – Musculoskeletal,20000–29999,20552,"""Inj trigger point, 1/2 muscl""","""inj trigger point, 1/2 muscl"""
Category I,Surgery – Musculoskeletal,20000–29999,20553,"""Inject trigger points, =/> 3""","""inject trigger points, =/> 3"""
Category I,Surgery – Musculoskeletal,20000–29999,20600,"""Drain/inject, joint/bursa""","""drain/inject, joint/bursa"""
Category I,Surgery – Musculoskeletal,20000–29999,20605,"""Drain/inject, joint/bursa""","""drain/inject, joint/bursa"""
Category I,Surgery – Musculoskeletal,20000–29999,20610,"""Drain/inject, joint/bursa""","""drain/inject, joint/bursa"""
Category I,Surgery – Musculoskeletal,20000–29999,20612,Aspirate/inj ganglion cyst,aspirate/inj ganglion cyst
Category I,Surgery – Musculoskeletal,20000–29999,20615,Treatment of bone cyst,treatment of bone cyst
Category I,Surgery – Musculoskeletal,20000–29999,20650,Insert and remove bone pin,insert and remove bone pin
Category I,Surgery – Musculoskeletal,20000–29999,20660,"""Apply, rem fixation device""","""apply, rem fixation device"""
Category I,Surgery – Musculoskeletal,20000–29999,20661,Application of head brace,application of head brace
Category I,Surgery – Musculoskeletal,20000–29999,20662,Application of pelvis brace,application of pelvis brace
Category I,Surgery – Musculoskeletal,20000–29999,20663,Application of thigh brace,application of thigh brace
Category I,Surgery – Musculoskeletal,20000–29999,20664,Halo brace application,halo brace application
Category I,Surgery – Musculoskeletal,20000–29999,20665,Removal of fixation device,removal of fixation device
Category I,Surgery – Musculoskeletal,20000–29999,20670,Removal of support implant,removal of support implant
Category I,Surgery – Musculoskeletal,20000–29999,20680,Removal of support implant,removal of support implant
Category I,Surgery – Musculoskeletal,20000–29999,20690,Apply bone fixation device,apply bone fixation device
Category I,Surgery – Musculoskeletal,20000–29999,20692,Apply bone fixation device,apply bone fixation device
Category I,Surgery – Musculoskeletal,20000–29999,20693,Adjust bone fixation device,adjust bone fixation device
Category I,Surgery – Musculoskeletal,20000–29999,20694,Remove bone fixation device,remove bone fixation device
Category I,Surgery – Musculoskeletal,20000–29999,20802,"""Replantation, arm, complete""","""replantation, arm, complete"""
Category I,Surgery – Musculoskeletal,20000–29999,20805,"""Replant forearm, complete""","""replant forearm, complete"""
Category I,Surgery – Musculoskeletal,20000–29999,20808,"""Replantation hand, complete""","""replantation hand, complete"""
Category I,Surgery – Musculoskeletal,20000–29999,20816,"""Replantation digit, complete""","""replantation digit, complete"""
Category I,Surgery – Musculoskeletal,20000–29999,20822,"""Replantation digit, complete""","""replantation digit, complete"""
Category I,Surgery – Musculoskeletal,20000–29999,20824,"""Replantation thumb, complete""","""replantation thumb, complete"""
Category I,Surgery – Musculoskeletal,20000–29999,20827,"""Replantation thumb, complete""","""replantation thumb, complete"""
Category I,Surgery – Musculoskeletal,20000–29999,20838,"""Replantation foot, complete""","""replantation foot, complete"""
Category I,Surgery – Musculoskeletal,20000–29999,20900,Removal of bone for graft,removal of bone for graft
Category I,Surgery – Musculoskeletal,20000–29999,20902,Removal of bone for graft,removal of bone for graft
Category I,Surgery – Musculoskeletal,20000–29999,20910,Remove cartilage for graft,remove cartilage for graft
Category I,Surgery – Musculoskeletal,20000–29999,20912,Remove cartilage for graft,remove cartilage for graft
Category I,Surgery – Musculoskeletal,20000–29999,20920,Removal of fascia for graft,removal of fascia for graft
Category I,Surgery – Musculoskeletal,20000–29999,20922,Removal of fascia for graft,removal of fascia for graft
Category I,Surgery – Musculoskeletal,20000–29999,20924,Removal of tendon for graft,removal of tendon for graft
Category I,Surgery – Musculoskeletal,20000–29999,20926,Removal of tissue for graft,removal of tissue for graft
Category I,Surgery – Musculoskeletal,20000–29999,20930,Spinal bone allograft,spinal bone allograft
Category I,Surgery – Musculoskeletal,20000–29999,20931,Spinal bone allograft,spinal bone allograft
Category I,Surgery – Musculoskeletal,20000–29999,20936,Spinal bone autograft,spinal bone autograft
Category I,Surgery – Musculoskeletal,20000–29999,20937,Spinal bone autograft,spinal bone autograft
Category I,Surgery – Musculoskeletal,20000–29999,20938,Spinal bone autograft,spinal bone autograft
Category I,Surgery – Musculoskeletal,20000–29999,20950,"""Fluid pressure, muscle""","""fluid pressure, muscle"""
Category I,Surgery – Musculoskeletal,20000–29999,20955,"""Fibula bone graft, microvasc""","""fibula bone graft, microvasc"""
Category I,Surgery – Musculoskeletal,20000–29999,20956,"""Iliac bone graft, microvasc""","""iliac bone graft, microvasc"""
Category I,Surgery – Musculoskeletal,20000–29999,20957,"""Mt bone graft, microvasc""","""mt bone graft, microvasc"""
Category I,Surgery – Musculoskeletal,20000–29999,20962,"""Other bone graft, microvasc""","""other bone graft, microvasc"""
Category I,Surgery – Musculoskeletal,20000–29999,20969,"""Bone/skin graft, microvasc""","""bone/skin graft, microvasc"""
Category I,Surgery – Musculoskeletal,20000–29999,20970,"""Bone/skin graft, iliac crest""","""bone/skin graft, iliac crest"""
Category I,Surgery – Musculoskeletal,20000–29999,20972,"""Bone/skin graft, metatarsal""","""bone/skin graft, metatarsal"""
Category I,Surgery – Musculoskeletal,20000–29999,20973,"""Bone/skin graft, great toe""","""bone/skin graft, great toe"""
Category I,Surgery – Musculoskeletal,20000–29999,20974,Electrical bone stimulation,electrical bone stimulation
Category I,Surgery – Musculoskeletal,20000–29999,20975,Electrical bone stimulation,electrical bone stimulation
Category I,Surgery – Musculoskeletal,20000–29999,20979,Us bone stimulation,us bone stimulation
Category I,Surgery – Musculoskeletal,20000–29999,20982,"""Ablate, bone tumor(s) perq""","""ablate, bone tumor(s) perq"""
Category I,Surgery – Musculoskeletal,20000–29999,20999,Musculoskeletal surgery,musculoskeletal surgery
Category I,Surgery – Musculoskeletal,20000–29999,21010,Incision of jaw joint,incision of jaw joint
Category I,Surgery – Musculoskeletal,20000–29999,21015,Resection of facial tumor,resection of facial tumor
Category I,Surgery – Musculoskeletal,20000–29999,21025,"""Excision of bone, lower jaw""","""excision of bone, lower jaw"""
Category I,Surgery – Musculoskeletal,20000–29999,21026,Excision of facial bone(s),excision of facial bone(s)
Category I,Surgery – Musculoskeletal,20000–29999,21029,Contour of face bone lesion,contour of face bone lesion
Category I,Surgery – Musculoskeletal,20000–29999,21030,Excise max/zygoma b9 tumor,excise max/zygoma b9 tumor
Category I,Surgery – Musculoskeletal,20000–29999,21031,"""Remove exostosis, mandible""","""remove exostosis, mandible"""
Category I,Surgery – Musculoskeletal,20000–29999,21032,"""Remove exostosis, maxilla""","""remove exostosis, maxilla"""
Category I,Surgery – Musculoskeletal,20000–29999,21034,Excise max/zygoma mlg tumor,excise max/zygoma mlg tumor
Category I,Surgery – Musculoskeletal,20000–29999,21040,Excise mandible lesion,excise mandible lesion
Category I,Surgery – Musculoskeletal,20000–29999,21044,Removal of jaw bone lesion,removal of jaw bone lesion
Category I,Surgery – Musculoskeletal,20000–29999,21045,Extensive jaw surgery,extensive jaw surgery
Category I,Surgery – Musculoskeletal,20000–29999,21046,Remove mandible cyst complex,remove mandible cyst complex
Category I,Surgery – Musculoskeletal,20000–29999,21047,Excise lwr jaw cyst w/repair,excise lwr jaw cyst w/repair
Category I,Surgery – Musculoskeletal,20000–29999,21048,Remove maxilla cyst complex,remove maxilla cyst complex
Category I,Surgery – Musculoskeletal,20000–29999,21049,Excis uppr jaw cyst w/repair,excis uppr jaw cyst w/repair
Category I,Surgery – Musculoskeletal,20000–29999,21050,Removal of jaw joint,removal of jaw joint
Category I,Surgery – Musculoskeletal,20000–29999,21060,Remove jaw joint cartilage,remove jaw joint cartilage
Category I,Surgery – Musculoskeletal,20000–29999,21070,Remove coronoid process,remove coronoid process
Category I,Surgery – Musculoskeletal,20000–29999,21076,Prepare face/oral prosthesis,prepare face/oral prosthesis
Category I,Surgery – Musculoskeletal,20000–29999,21077,Prepare face/oral prosthesis,prepare face/oral prosthesis
Category I,Surgery – Musculoskeletal,20000–29999,21079,Prepare face/oral prosthesis,prepare face/oral prosthesis
Category I,Surgery – Musculoskeletal,20000–29999,21080,Prepare face/oral prosthesis,prepare face/oral prosthesis
Category I,Surgery – Musculoskeletal,20000–29999,21081,Prepare face/oral prosthesis,prepare face/oral prosthesis
Category I,Surgery – Musculoskeletal,20000–29999,21082,Prepare face/oral prosthesis,prepare face/oral prosthesis
Category I,Surgery – Musculoskeletal,20000–29999,21083,Prepare face/oral prosthesis,prepare face/oral prosthesis
Category I,Surgery – Musculoskeletal,20000–29999,21084,Prepare face/oral prosthesis,prepare face/oral prosthesis
Category I,Surgery – Musculoskeletal,20000–29999,21085,Prepare face/oral prosthesis,prepare face/oral prosthesis
Category I,Surgery – Musculoskeletal,20000–29999,21086,Prepare face/oral prosthesis,prepare face/oral prosthesis
Category I,Surgery – Musculoskeletal,20000–29999,21087,Prepare face/oral prosthesis,prepare face/oral prosthesis
Category I,Surgery – Musculoskeletal,20000–29999,21088,Prepare face/oral prosthesis,prepare face/oral prosthesis
Category I,Surgery – Musculoskeletal,20000–29999,21089,Prepare face/oral prosthesis,prepare face/oral prosthesis
Category I,Surgery – Musculoskeletal,20000–29999,21100,Maxillofacial fixation,maxillofacial fixation
Category I,Surgery – Musculoskeletal,20000–29999,21110,Interdental fixation,interdental fixation
Category I,Surgery – Musculoskeletal,20000–29999,21116,"""Injection, jaw joint x-ray""","""injection, jaw joint x-ray"""
Category I,Surgery – Musculoskeletal,20000–29999,21120,Reconstruction of chin,reconstruction of chin
Category I,Surgery – Musculoskeletal,20000–29999,21121,Reconstruction of chin,reconstruction of chin
Category I,Surgery – Musculoskeletal,20000–29999,21122,Reconstruction of chin,reconstruction of chin
Category I,Surgery – Musculoskeletal,20000–29999,21123,Reconstruction of chin,reconstruction of chin
Category I,Surgery – Musculoskeletal,20000–29999,21125,"""Augmentation, lower jaw bone""","""augmentation, lower jaw bone"""
Category I,Surgery – Musculoskeletal,20000–29999,21127,"""Augmentation, lower jaw bone""","""augmentation, lower jaw bone"""
Category I,Surgery – Musculoskeletal,20000–29999,21137,Reduction of forehead,reduction of forehead
Category I,Surgery – Musculoskeletal,20000–29999,21138,Reduction of forehead,reduction of forehead
Category I,Surgery – Musculoskeletal,20000–29999,21139,Reduction of forehead,reduction of forehead
Category I,Surgery – Musculoskeletal,20000–29999,21141,"""Reconstruct midface, lefort""","""reconstruct midface, lefort"""
Category I,Surgery – Musculoskeletal,20000–29999,21142,"""Reconstruct midface, lefort""","""reconstruct midface, lefort"""
Category I,Surgery – Musculoskeletal,20000–29999,21143,"""Reconstruct midface, lefort""","""reconstruct midface, lefort"""
Category I,Surgery – Musculoskeletal,20000–29999,21145,"""Reconstruct midface, lefort""","""reconstruct midface, lefort"""
Category I,Surgery – Musculoskeletal,20000–29999,21146,"""Reconstruct midface, lefort""","""reconstruct midface, lefort"""
Category I,Surgery – Musculoskeletal,20000–29999,21147,"""Reconstruct midface, lefort""","""reconstruct midface, lefort"""
Category I,Surgery – Musculoskeletal,20000–29999,21150,"""Reconstruct midface, lefort""","""reconstruct midface, lefort"""
Category I,Surgery – Musculoskeletal,20000–29999,21151,"""Reconstruct midface, lefort""","""reconstruct midface, lefort"""
Category I,Surgery – Musculoskeletal,20000–29999,21154,"""Reconstruct midface, lefort""","""reconstruct midface, lefort"""
Category I,Surgery – Musculoskeletal,20000–29999,21155,"""Reconstruct midface, lefort""","""reconstruct midface, lefort"""
Category I,Surgery – Musculoskeletal,20000–29999,21159,"""Reconstruct midface, lefort""","""reconstruct midface, lefort"""
Category I,Surgery – Musculoskeletal,20000–29999,21160,"""Reconstruct midface, lefort""","""reconstruct midface, lefort"""
Category I,Surgery – Musculoskeletal,20000–29999,21172,Reconstruct orbit/forehead,reconstruct orbit/forehead
Category I,Surgery – Musculoskeletal,20000–29999,21175,Reconstruct orbit/forehead,reconstruct orbit/forehead
Category I,Surgery – Musculoskeletal,20000–29999,21179,Reconstruct entire forehead,reconstruct entire forehead
Category I,Surgery – Musculoskeletal,20000–29999,21180,Reconstruct entire forehead,reconstruct entire forehead
Category I,Surgery – Musculoskeletal,20000–29999,21181,Contour cranial bone lesion,contour cranial bone lesion
Category I,Surgery – Musculoskeletal,20000–29999,21182,Reconstruct cranial bone,reconstruct cranial bone
Category I,Surgery – Musculoskeletal,20000–29999,21183,Reconstruct cranial bone,reconstruct cranial bone
Category I,Surgery – Musculoskeletal,20000–29999,21184,Reconstruct cranial bone,reconstruct cranial bone
Category I,Surgery – Musculoskeletal,20000–29999,21188,Reconstruction of midface,reconstruction of midface
Category I,Surgery – Musculoskeletal,20000–29999,21193,Reconst lwr jaw w/o graft,reconst lwr jaw w/o graft
Category I,Surgery – Musculoskeletal,20000–29999,21194,Reconst lwr jaw w/graft,reconst lwr jaw w/graft
Category I,Surgery – Musculoskeletal,20000–29999,21195,Reconst lwr jaw w/o fixation,reconst lwr jaw w/o fixation
Category I,Surgery – Musculoskeletal,20000–29999,21196,Reconst lwr jaw w/fixation,reconst lwr jaw w/fixation
Category I,Surgery – Musculoskeletal,20000–29999,21198,Reconstr lwr jaw segment,reconstr lwr jaw segment
Category I,Surgery – Musculoskeletal,20000–29999,21199,Reconstr lwr jaw w/advance,reconstr lwr jaw w/advance
Category I,Surgery – Musculoskeletal,20000–29999,21206,Reconstruct upper jaw bone,reconstruct upper jaw bone
Category I,Surgery – Musculoskeletal,20000–29999,21208,Augmentation of facial bones,augmentation of facial bones
Category I,Surgery – Musculoskeletal,20000–29999,21209,Reduction of facial bones,reduction of facial bones
Category I,Surgery – Musculoskeletal,20000–29999,21210,Face bone graft,face bone graft
Category I,Surgery – Musculoskeletal,20000–29999,21215,Lower jaw bone graft,lower jaw bone graft
Category I,Surgery – Musculoskeletal,20000–29999,21230,Rib cartilage graft,rib cartilage graft
Category I,Surgery – Musculoskeletal,20000–29999,21235,Ear cartilage graft,ear cartilage graft
Category I,Surgery – Musculoskeletal,20000–29999,21240,Reconstruction of jaw joint,reconstruction of jaw joint
Category I,Surgery – Musculoskeletal,20000–29999,21242,Reconstruction of jaw joint,reconstruction of jaw joint
Category I,Surgery – Musculoskeletal,20000–29999,21243,Reconstruction of jaw joint,reconstruction of jaw joint
Category I,Surgery – Musculoskeletal,20000–29999,21244,Reconstruction of lower jaw,reconstruction of lower jaw
Category I,Surgery – Musculoskeletal,20000–29999,21245,Reconstruction of jaw,reconstruction of jaw
Category I,Surgery – Musculoskeletal,20000–29999,21246,Reconstruction of jaw,reconstruction of jaw
Category I,Surgery – Musculoskeletal,20000–29999,21247,Reconstruct lower jaw bone,reconstruct lower jaw bone
Category I,Surgery – Musculoskeletal,20000–29999,21248,Reconstruction of jaw,reconstruction of jaw
Category I,Surgery – Musculoskeletal,20000–29999,21249,Reconstruction of jaw,reconstruction of jaw
Category I,Surgery – Musculoskeletal,20000–29999,21255,Reconstruct lower jaw bone,reconstruct lower jaw bone
Category I,Surgery – Musculoskeletal,20000–29999,21256,Reconstruction of orbit,reconstruction of orbit
Category I,Surgery – Musculoskeletal,20000–29999,21260,Revise eye sockets,revise eye sockets
Category I,Surgery – Musculoskeletal,20000–29999,21261,Revise eye sockets,revise eye sockets
Category I,Surgery – Musculoskeletal,20000–29999,21263,Revise eye sockets,revise eye sockets
Category I,Surgery – Musculoskeletal,20000–29999,21267,Revise eye sockets,revise eye sockets
Category I,Surgery – Musculoskeletal,20000–29999,21268,Revise eye sockets,revise eye sockets
Category I,Surgery – Musculoskeletal,20000–29999,21270,"""Augmentation, cheek bone""","""augmentation, cheek bone"""
Category I,Surgery – Musculoskeletal,20000–29999,21275,"""Revision, orbitofacial bones""","""revision, orbitofacial bones"""
Category I,Surgery – Musculoskeletal,20000–29999,21280,Revision of eyelid,revision of eyelid
Category I,Surgery – Musculoskeletal,20000–29999,21282,Revision of eyelid,revision of eyelid
Category I,Surgery – Musculoskeletal,20000–29999,21295,Revision of jaw muscle/bone,revision of jaw muscle/bone
Category I,Surgery – Musculoskeletal,20000–29999,21296,Revision of jaw muscle/bone,revision of jaw muscle/bone
Category I,Surgery – Musculoskeletal,20000–29999,21299,Cranio/maxillofacial surgery,cranio/maxillofacial surgery
Category I,Surgery – Musculoskeletal,20000–29999,21300,Treatment of skull fracture,treatment of skull fracture
Category I,Surgery – Musculoskeletal,20000–29999,21310,Treatment of nose fracture,treatment of nose fracture
Category I,Surgery – Musculoskeletal,20000–29999,21315,Treatment of nose fracture,treatment of nose fracture
Category I,Surgery – Musculoskeletal,20000–29999,21320,Treatment of nose fracture,treatment of nose fracture
Category I,Surgery – Musculoskeletal,20000–29999,21325,Treatment of nose fracture,treatment of nose fracture
Category I,Surgery – Musculoskeletal,20000–29999,21330,Treatment of nose fracture,treatment of nose fracture
Category I,Surgery – Musculoskeletal,20000–29999,21335,Treatment of nose fracture,treatment of nose fracture
Category I,Surgery – Musculoskeletal,20000–29999,21336,Treat nasal septal fracture,treat nasal septal fracture
Category I,Surgery – Musculoskeletal,20000–29999,21337,Treat nasal septal fracture,treat nasal septal fracture
Category I,Surgery – Musculoskeletal,20000–29999,21338,Treat nasoethmoid fracture,treat nasoethmoid fracture
Category I,Surgery – Musculoskeletal,20000–29999,21339,Treat nasoethmoid fracture,treat nasoethmoid fracture
Category I,Surgery – Musculoskeletal,20000–29999,21340,Treatment of nose fracture,treatment of nose fracture
Category I,Surgery – Musculoskeletal,20000–29999,21343,Treatment of sinus fracture,treatment of sinus fracture
Category I,Surgery – Musculoskeletal,20000–29999,21344,Treatment of sinus fracture,treatment of sinus fracture
Category I,Surgery – Musculoskeletal,20000–29999,21345,Treat nose/jaw fracture,treat nose/jaw fracture
Category I,Surgery – Musculoskeletal,20000–29999,21346,Treat nose/jaw fracture,treat nose/jaw fracture
Category I,Surgery – Musculoskeletal,20000–29999,21347,Treat nose/jaw fracture,treat nose/jaw fracture
Category I,Surgery – Musculoskeletal,20000–29999,21348,Treat nose/jaw fracture,treat nose/jaw fracture
Category I,Surgery – Musculoskeletal,20000–29999,21355,Treat cheek bone fracture,treat cheek bone fracture
Category I,Surgery – Musculoskeletal,20000–29999,21356,Treat cheek bone fracture,treat cheek bone fracture
Category I,Surgery – Musculoskeletal,20000–29999,21360,Treat cheek bone fracture,treat cheek bone fracture
Category I,Surgery – Musculoskeletal,20000–29999,21365,Treat cheek bone fracture,treat cheek bone fracture
Category I,Surgery – Musculoskeletal,20000–29999,21366,Treat cheek bone fracture,treat cheek bone fracture
Category I,Surgery – Musculoskeletal,20000–29999,21385,Treat eye socket fracture,treat eye socket fracture
Category I,Surgery – Musculoskeletal,20000–29999,21386,Treat eye socket fracture,treat eye socket fracture
Category I,Surgery – Musculoskeletal,20000–29999,21387,Treat eye socket fracture,treat eye socket fracture
Category I,Surgery – Musculoskeletal,20000–29999,21390,Treat eye socket fracture,treat eye socket fracture
Category I,Surgery – Musculoskeletal,20000–29999,21395,Treat eye socket fracture,treat eye socket fracture
Category I,Surgery – Musculoskeletal,20000–29999,21400,Treat eye socket fracture,treat eye socket fracture
Category I,Surgery – Musculoskeletal,20000–29999,21401,Treat eye socket fracture,treat eye socket fracture
Category I,Surgery – Musculoskeletal,20000–29999,21406,Treat eye socket fracture,treat eye socket fracture
Category I,Surgery – Musculoskeletal,20000–29999,21407,Treat eye socket fracture,treat eye socket fracture
Category I,Surgery – Musculoskeletal,20000–29999,21408,Treat eye socket fracture,treat eye socket fracture
Category I,Surgery – Musculoskeletal,20000–29999,21421,Treat mouth roof fracture,treat mouth roof fracture
Category I,Surgery – Musculoskeletal,20000–29999,21422,Treat mouth roof fracture,treat mouth roof fracture
Category I,Surgery – Musculoskeletal,20000–29999,21423,Treat mouth roof fracture,treat mouth roof fracture
Category I,Surgery – Musculoskeletal,20000–29999,21431,Treat craniofacial fracture,treat craniofacial fracture
Category I,Surgery – Musculoskeletal,20000–29999,21432,Treat craniofacial fracture,treat craniofacial fracture
Category I,Surgery – Musculoskeletal,20000–29999,21433,Treat craniofacial fracture,treat craniofacial fracture
Category I,Surgery – Musculoskeletal,20000–29999,21435,Treat craniofacial fracture,treat craniofacial fracture
Category I,Surgery – Musculoskeletal,20000–29999,21436,Treat craniofacial fracture,treat craniofacial fracture
Category I,Surgery – Musculoskeletal,20000–29999,21440,Treat dental ridge fracture,treat dental ridge fracture
Category I,Surgery – Musculoskeletal,20000–29999,21445,Treat dental ridge fracture,treat dental ridge fracture
Category I,Surgery – Musculoskeletal,20000–29999,21450,Treat lower jaw fracture,treat lower jaw fracture
Category I,Surgery – Musculoskeletal,20000–29999,21451,Treat lower jaw fracture,treat lower jaw fracture
Category I,Surgery – Musculoskeletal,20000–29999,21452,Treat lower jaw fracture,treat lower jaw fracture
Category I,Surgery – Musculoskeletal,20000–29999,21453,Treat lower jaw fracture,treat lower jaw fracture
Category I,Surgery – Musculoskeletal,20000–29999,21454,Treat lower jaw fracture,treat lower jaw fracture
Category I,Surgery – Musculoskeletal,20000–29999,21461,Treat lower jaw fracture,treat lower jaw fracture
Category I,Surgery – Musculoskeletal,20000–29999,21462,Treat lower jaw fracture,treat lower jaw fracture
Category I,Surgery – Musculoskeletal,20000–29999,21465,Treat lower jaw fracture,treat lower jaw fracture
Category I,Surgery – Musculoskeletal,20000–29999,21470,Treat lower jaw fracture,treat lower jaw fracture
Category I,Surgery – Musculoskeletal,20000–29999,21480,Reset dislocated jaw,reset dislocated jaw
Category I,Surgery – Musculoskeletal,20000–29999,21485,Reset dislocated jaw,reset dislocated jaw
Category I,Surgery – Musculoskeletal,20000–29999,21490,Repair dislocated jaw,repair dislocated jaw
Category I,Surgery – Musculoskeletal,20000–29999,21493,Treat hyoid bone fracture,treat hyoid bone fracture
Category I,Surgery – Musculoskeletal,20000–29999,21494,Treat hyoid bone fracture,treat hyoid bone fracture
Category I,Surgery – Musculoskeletal,20000–29999,21495,Treat hyoid bone fracture,treat hyoid bone fracture
Category I,Surgery – Musculoskeletal,20000–29999,21497,Interdental wiring,interdental wiring
Category I,Surgery – Musculoskeletal,20000–29999,21499,Head surgery procedure,head surgery procedure
Category I,Surgery – Musculoskeletal,20000–29999,21501,Drain neck/chest lesion,drain neck/chest lesion
Category I,Surgery – Musculoskeletal,20000–29999,21502,Drain chest lesion,drain chest lesion
Category I,Surgery – Musculoskeletal,20000–29999,21510,Drainage of bone lesion,drainage of bone lesion
Category I,Surgery – Musculoskeletal,20000–29999,21550,Biopsy of neck/chest,biopsy of neck/chest
Category I,Surgery – Musculoskeletal,20000–29999,21555,"""Remove lesion, neck/chest""","""remove lesion, neck/chest"""
Category I,Surgery – Musculoskeletal,20000–29999,21556,"""Remove lesion, neck/chest""","""remove lesion, neck/chest"""
Category I,Surgery – Musculoskeletal,20000–29999,21557,"""Remove tumor, neck/chest""","""remove tumor, neck/chest"""
Category I,Surgery – Musculoskeletal,20000–29999,21600,Partial removal of rib,partial removal of rib
Category I,Surgery – Musculoskeletal,20000–29999,21610,Partial removal of rib,partial removal of rib
Category I,Surgery – Musculoskeletal,20000–29999,21615,Removal of rib,removal of rib
Category I,Surgery – Musculoskeletal,20000–29999,21616,Removal of rib and nerves,removal of rib and nerves
Category I,Surgery – Musculoskeletal,20000–29999,21620,Partial removal of sternum,partial removal of sternum
Category I,Surgery – Musculoskeletal,20000–29999,21627,Sternal debridement,sternal debridement
Category I,Surgery – Musculoskeletal,20000–29999,21630,Extensive sternum surgery,extensive sternum surgery
Category I,Surgery – Musculoskeletal,20000–29999,21632,Extensive sternum surgery,extensive sternum surgery
Category I,Surgery – Musculoskeletal,20000–29999,21685,Hyoid myotomy & suspension,hyoid myotomy & suspension
Category I,Surgery – Musculoskeletal,20000–29999,21700,Revision of neck muscle,revision of neck muscle
Category I,Surgery – Musculoskeletal,20000–29999,21705,Revision of neck muscle/rib,revision of neck muscle/rib
Category I,Surgery – Musculoskeletal,20000–29999,21720,Revision of neck muscle,revision of neck muscle
Category I,Surgery – Musculoskeletal,20000–29999,21725,Revision of neck muscle,revision of neck muscle
Category I,Surgery – Musculoskeletal,20000–29999,21740,Reconstruction of sternum,reconstruction of sternum
Category I,Surgery – Musculoskeletal,20000–29999,21742,Repair stern/nuss w/o scope,repair stern/nuss w/o scope
Category I,Surgery – Musculoskeletal,20000–29999,21743,Repair sternum/nuss w/scope,repair sternum/nuss w/scope
Category I,Surgery – Musculoskeletal,20000–29999,21750,Repair of sternum separation,repair of sternum separation
Category I,Surgery – Musculoskeletal,20000–29999,21800,Treatment of rib fracture,treatment of rib fracture
Category I,Surgery – Musculoskeletal,20000–29999,21805,Treatment of rib fracture,treatment of rib fracture
Category I,Surgery – Musculoskeletal,20000–29999,21810,Treatment of rib fracture(s),treatment of rib fracture(s)
Category I,Surgery – Musculoskeletal,20000–29999,21820,Treat sternum fracture,treat sternum fracture
Category I,Surgery – Musculoskeletal,20000–29999,21825,Treat sternum fracture,treat sternum fracture
Category I,Surgery – Musculoskeletal,20000–29999,21899,Neck/chest surgery procedure,neck/chest surgery procedure
Category I,Surgery – Musculoskeletal,20000–29999,21920,Biopsy soft tissue of back,biopsy soft tissue of back
Category I,Surgery – Musculoskeletal,20000–29999,21925,Biopsy soft tissue of back,biopsy soft tissue of back
Category I,Surgery – Musculoskeletal,20000–29999,21930,"""Remove lesion, back or flank""","""remove lesion, back or flank"""
Category I,Surgery – Musculoskeletal,20000–29999,21935,"""Remove tumor, back""","""remove tumor, back"""
Category I,Surgery – Musculoskeletal,20000–29999,22100,Remove part of neck vertebra,remove part of neck vertebra
Category I,Surgery – Musculoskeletal,20000–29999,22101,"""Remove part, thorax vertebra""","""remove part, thorax vertebra"""
Category I,Surgery – Musculoskeletal,20000–29999,22102,"""Remove part, lumbar vertebra""","""remove part, lumbar vertebra"""
Category I,Surgery – Musculoskeletal,20000–29999,22103,Remove extra spine segment,remove extra spine segment
Category I,Surgery – Musculoskeletal,20000–29999,22110,Remove part of neck vertebra,remove part of neck vertebra
Category I,Surgery – Musculoskeletal,20000–29999,22112,"""Remove part, thorax vertebra""","""remove part, thorax vertebra"""
Category I,Surgery – Musculoskeletal,20000–29999,22114,"""Remove part, lumbar vertebra""","""remove part, lumbar vertebra"""
Category I,Surgery – Musculoskeletal,20000–29999,22116,Remove extra spine segment,remove extra spine segment
Category I,Surgery – Musculoskeletal,20000–29999,22210,Revision of neck spine,revision of neck spine
Category I,Surgery – Musculoskeletal,20000–29999,22212,Revision of thorax spine,revision of thorax spine
Category I,Surgery – Musculoskeletal,20000–29999,22214,Revision of lumbar spine,revision of lumbar spine
Category I,Surgery – Musculoskeletal,20000–29999,22216,"""Revise, extra spine segment""","""revise, extra spine segment"""
Category I,Surgery – Musculoskeletal,20000–29999,22220,Revision of neck spine,revision of neck spine
Category I,Surgery – Musculoskeletal,20000–29999,22222,Revision of thorax spine,revision of thorax spine
Category I,Surgery – Musculoskeletal,20000–29999,22224,Revision of lumbar spine,revision of lumbar spine
Category I,Surgery – Musculoskeletal,20000–29999,22226,"""Revise, extra spine segment""","""revise, extra spine segment"""
Category I,Surgery – Musculoskeletal,20000–29999,22305,Treat spine process fracture,treat spine process fracture
Category I,Surgery – Musculoskeletal,20000–29999,22310,Treat spine fracture,treat spine fracture
Category I,Surgery – Musculoskeletal,20000–29999,22315,Treat spine fracture,treat spine fracture
Category I,Surgery – Musculoskeletal,20000–29999,22318,Treat odontoid fx w/o graft,treat odontoid fx w/o graft
Category I,Surgery – Musculoskeletal,20000–29999,22319,Treat odontoid fx w/graft,treat odontoid fx w/graft
Category I,Surgery – Musculoskeletal,20000–29999,22325,Treat spine fracture,treat spine fracture
Category I,Surgery – Musculoskeletal,20000–29999,22326,Treat neck spine fracture,treat neck spine fracture
Category I,Surgery – Musculoskeletal,20000–29999,22327,Treat thorax spine fracture,treat thorax spine fracture
Category I,Surgery – Musculoskeletal,20000–29999,22328,Treat each add spine fx,treat each add spine fx
Category I,Surgery – Musculoskeletal,20000–29999,22505,Manipulation of spine,manipulation of spine
Category I,Surgery – Musculoskeletal,20000–29999,22520,Percut vertebroplasty thor,percut vertebroplasty thor
Category I,Surgery – Musculoskeletal,20000–29999,22521,Percut vertebroplasty lumb,percut vertebroplasty lumb
Category I,Surgery – Musculoskeletal,20000–29999,22522,Percut vertebroplasty add?l,percut vertebroplasty add?l
Category I,Surgery – Musculoskeletal,20000–29999,22532,Lat thorax spine fusion,lat thorax spine fusion
Category I,Surgery – Musculoskeletal,20000–29999,22533,Lat lumbar spine fusion,lat lumbar spine fusion
Category I,Surgery – Musculoskeletal,20000–29999,22534,"""Lat thor/lumb, add?l seg""","""lat thor/lumb, add?l seg"""
Category I,Surgery – Musculoskeletal,20000–29999,22548,Neck spine fusion,neck spine fusion
Category I,Surgery – Musculoskeletal,20000–29999,22554,Neck spine fusion,neck spine fusion
Category I,Surgery – Musculoskeletal,20000–29999,22556,Thorax spine fusion,thorax spine fusion
Category I,Surgery – Musculoskeletal,20000–29999,22558,Lumbar spine fusion,lumbar spine fusion
Category I,Surgery – Musculoskeletal,20000–29999,22585,Additional spinal fusion,additional spinal fusion
Category I,Surgery – Musculoskeletal,20000–29999,22590,Spine & skull spinal fusion,spine & skull spinal fusion
Category I,Surgery – Musculoskeletal,20000–29999,22595,Neck spinal fusion,neck spinal fusion
Category I,Surgery – Musculoskeletal,20000–29999,22600,Neck spine fusion,neck spine fusion
Category I,Surgery – Musculoskeletal,20000–29999,22610,Thorax spine fusion,thorax spine fusion
Category I,Surgery – Musculoskeletal,20000–29999,22612,Lumbar spine fusion,lumbar spine fusion
Category I,Surgery – Musculoskeletal,20000–29999,22614,"""Spine fusion, extra segment""","""spine fusion, extra segment"""
Category I,Surgery – Musculoskeletal,20000–29999,22630,Lumbar spine fusion,lumbar spine fusion
Category I,Surgery – Musculoskeletal,20000–29999,22632,"""Spine fusion, extra segment""","""spine fusion, extra segment"""
Category I,Surgery – Musculoskeletal,20000–29999,22800,Fusion of spine,fusion of spine
Category I,Surgery – Musculoskeletal,20000–29999,22802,Fusion of spine,fusion of spine
Category I,Surgery – Musculoskeletal,20000–29999,22804,Fusion of spine,fusion of spine
Category I,Surgery – Musculoskeletal,20000–29999,22808,Fusion of spine,fusion of spine
Category I,Surgery – Musculoskeletal,20000–29999,22810,Fusion of spine,fusion of spine
Category I,Surgery – Musculoskeletal,20000–29999,22812,Fusion of spine,fusion of spine
Category I,Surgery – Musculoskeletal,20000–29999,22818,"""Kyphectomy, 1-2 segments""","""kyphectomy, 1-2 segments"""
Category I,Surgery – Musculoskeletal,20000–29999,22819,"""Kyphectomy, 3 or more""","""kyphectomy, 3 or more"""
Category I,Surgery – Musculoskeletal,20000–29999,22830,Exploration of spinal fusion,exploration of spinal fusion
Category I,Surgery – Musculoskeletal,20000–29999,22840,Insert spine fixation device,insert spine fixation device
Category I,Surgery – Musculoskeletal,20000–29999,22841,Insert spine fixation device,insert spine fixation device
Category I,Surgery – Musculoskeletal,20000–29999,22842,Insert spine fixation device,insert spine fixation device
Category I,Surgery – Musculoskeletal,20000–29999,22843,Insert spine fixation device,insert spine fixation device
Category I,Surgery – Musculoskeletal,20000–29999,22844,Insert spine fixation device,insert spine fixation device
Category I,Surgery – Musculoskeletal,20000–29999,22845,Insert spine fixation device,insert spine fixation device
Category I,Surgery – Musculoskeletal,20000–29999,22846,Insert spine fixation device,insert spine fixation device
Category I,Surgery – Musculoskeletal,20000–29999,22847,Insert spine fixation device,insert spine fixation device
Category I,Surgery – Musculoskeletal,20000–29999,22848,Insert pelv fixation device,insert pelv fixation device
Category I,Surgery – Musculoskeletal,20000–29999,22849,Reinsert spinal fixation,reinsert spinal fixation
Category I,Surgery – Musculoskeletal,20000–29999,22850,Remove spine fixation device,remove spine fixation device
Category I,Surgery – Musculoskeletal,20000–29999,22851,Apply spine prosth device,apply spine prosth device
Category I,Surgery – Musculoskeletal,20000–29999,22852,Remove spine fixation device,remove spine fixation device
Category I,Surgery – Musculoskeletal,20000–29999,22855,Remove spine fixation device,remove spine fixation device
Category I,Surgery – Musculoskeletal,20000–29999,22899,Spine surgery procedure,spine surgery procedure
Category I,Surgery – Musculoskeletal,20000–29999,22900,Remove abdominal wall lesion,remove abdominal wall lesion
Category I,Surgery – Musculoskeletal,20000–29999,22999,Abdomen surgery procedure,abdomen surgery procedure
Category I,Surgery – Musculoskeletal,20000–29999,23000,Removal of calcium deposits,removal of calcium deposits
Category I,Surgery – Musculoskeletal,20000–29999,23020,Release shoulder joint,release shoulder joint
Category I,Surgery – Musculoskeletal,20000–29999,23030,Drain shoulder lesion,drain shoulder lesion
Category I,Surgery – Musculoskeletal,20000–29999,23031,Drain shoulder bursa,drain shoulder bursa
Category I,Surgery – Musculoskeletal,20000–29999,23035,Drain shoulder bone lesion,drain shoulder bone lesion
Category I,Surgery – Musculoskeletal,20000–29999,23040,Exploratory shoulder surgery,exploratory shoulder surgery
Category I,Surgery – Musculoskeletal,20000–29999,23044,Exploratory shoulder surgery,exploratory shoulder surgery
Category I,Surgery – Musculoskeletal,20000–29999,23065,Biopsy shoulder tissues,biopsy shoulder tissues
Category I,Surgery – Musculoskeletal,20000–29999,23066,Biopsy shoulder tissues,biopsy shoulder tissues
Category I,Surgery – Musculoskeletal,20000–29999,23075,Removal of shoulder lesion,removal of shoulder lesion
Category I,Surgery – Musculoskeletal,20000–29999,23076,Removal of shoulder lesion,removal of shoulder lesion
Category I,Surgery – Musculoskeletal,20000–29999,23077,Remove tumor of shoulder,remove tumor of shoulder
Category I,Surgery – Musculoskeletal,20000–29999,23100,Biopsy of shoulder joint,biopsy of shoulder joint
Category I,Surgery – Musculoskeletal,20000–29999,23101,Shoulder joint surgery,shoulder joint surgery
Category I,Surgery – Musculoskeletal,20000–29999,23105,Remove shoulder joint lining,remove shoulder joint lining
Category I,Surgery – Musculoskeletal,20000–29999,23106,Incision of collarbone joint,incision of collarbone joint
Category I,Surgery – Musculoskeletal,20000–29999,23107,Explore treat shoulder joint,explore treat shoulder joint
Category I,Surgery – Musculoskeletal,20000–29999,23120,"""Partial removal, collar bone""","""partial removal, collar bone"""
Category I,Surgery – Musculoskeletal,20000–29999,23125,Removal of collar bone,removal of collar bone
Category I,Surgery – Musculoskeletal,20000–29999,23130,"""Remove shoulder bone, part""","""remove shoulder bone, part"""
Category I,Surgery – Musculoskeletal,20000–29999,23140,Removal of bone lesion,removal of bone lesion
Category I,Surgery – Musculoskeletal,20000–29999,23145,Removal of bone lesion,removal of bone lesion
Category I,Surgery – Musculoskeletal,20000–29999,23146,Removal of bone lesion,removal of bone lesion
Category I,Surgery – Musculoskeletal,20000–29999,23150,Removal of humerus lesion,removal of humerus lesion
Category I,Surgery – Musculoskeletal,20000–29999,23155,Removal of humerus lesion,removal of humerus lesion
Category I,Surgery – Musculoskeletal,20000–29999,23156,Removal of humerus lesion,removal of humerus lesion
Category I,Surgery – Musculoskeletal,20000–29999,23170,Remove collar bone lesion,remove collar bone lesion
Category I,Surgery – Musculoskeletal,20000–29999,23172,Remove shoulder blade lesion,remove shoulder blade lesion
Category I,Surgery – Musculoskeletal,20000–29999,23174,Remove humerus lesion,remove humerus lesion
Category I,Surgery – Musculoskeletal,20000–29999,23180,Remove collar bone lesion,remove collar bone lesion
Category I,Surgery – Musculoskeletal,20000–29999,23182,Remove shoulder blade lesion,remove shoulder blade lesion
Category I,Surgery – Musculoskeletal,20000–29999,23184,Remove humerus lesion,remove humerus lesion
Category I,Surgery – Musculoskeletal,20000–29999,23190,Partial removal of scapula,partial removal of scapula
Category I,Surgery – Musculoskeletal,20000–29999,23195,Removal of head of humerus,removal of head of humerus
Category I,Surgery – Musculoskeletal,20000–29999,23200,Removal of collar bone,removal of collar bone
Category I,Surgery – Musculoskeletal,20000–29999,23210,Removal of shoulder blade,removal of shoulder blade
Category I,Surgery – Musculoskeletal,20000–29999,23220,Partial removal of humerus,partial removal of humerus
Category I,Surgery – Musculoskeletal,20000–29999,23221,Partial removal of humerus,partial removal of humerus
Category I,Surgery – Musculoskeletal,20000–29999,23222,Partial removal of humerus,partial removal of humerus
Category I,Surgery – Musculoskeletal,20000–29999,23330,Remove shoulder foreign body,remove shoulder foreign body
Category I,Surgery – Musculoskeletal,20000–29999,23331,Remove shoulder foreign body,remove shoulder foreign body
Category I,Surgery – Musculoskeletal,20000–29999,23332,Remove shoulder foreign body,remove shoulder foreign body
Category I,Surgery – Musculoskeletal,20000–29999,23350,Injection for shoulder x-ray,injection for shoulder x-ray
Category I,Surgery – Musculoskeletal,20000–29999,23395,"""Muscle transfer,shoulder/arm""","""muscle transfer,shoulder/arm"""
Category I,Surgery – Musculoskeletal,20000–29999,23397,Muscle transfers,muscle transfers
Category I,Surgery – Musculoskeletal,20000–29999,23400,Fixation of shoulder blade,fixation of shoulder blade
Category I,Surgery – Musculoskeletal,20000–29999,23405,Incision of tendon & muscle,incision of tendon & muscle
Category I,Surgery – Musculoskeletal,20000–29999,23406,Incise tendon(s) & muscle(s),incise tendon(s) & muscle(s)
Category I,Surgery – Musculoskeletal,20000–29999,23410,"""Repair rotator cuff, acute""","""repair rotator cuff, acute"""
Category I,Surgery – Musculoskeletal,20000–29999,23412,"""Repair rotator cuff, chronic""","""repair rotator cuff, chronic"""
Category I,Surgery – Musculoskeletal,20000–29999,23415,Release of shoulder ligament,release of shoulder ligament
Category I,Surgery – Musculoskeletal,20000–29999,23420,Repair of shoulder,repair of shoulder
Category I,Surgery – Musculoskeletal,20000–29999,23430,Repair biceps tendon,repair biceps tendon
Category I,Surgery – Musculoskeletal,20000–29999,23440,Remove/transplant tendon,remove/transplant tendon
Category I,Surgery – Musculoskeletal,20000–29999,23450,Repair shoulder capsule,repair shoulder capsule
Category I,Surgery – Musculoskeletal,20000–29999,23455,Repair shoulder capsule,repair shoulder capsule
Category I,Surgery – Musculoskeletal,20000–29999,23460,Repair shoulder capsule,repair shoulder capsule
Category I,Surgery – Musculoskeletal,20000–29999,23462,Repair shoulder capsule,repair shoulder capsule
Category I,Surgery – Musculoskeletal,20000–29999,23465,Repair shoulder capsule,repair shoulder capsule
Category I,Surgery – Musculoskeletal,20000–29999,23466,Repair shoulder capsule,repair shoulder capsule
Category I,Surgery – Musculoskeletal,20000–29999,23470,Reconstruct shoulder joint,reconstruct shoulder joint
Category I,Surgery – Musculoskeletal,20000–29999,23472,Reconstruct shoulder joint,reconstruct shoulder joint
Category I,Surgery – Musculoskeletal,20000–29999,23480,Revision of collar bone,revision of collar bone
Category I,Surgery – Musculoskeletal,20000–29999,23485,Revision of collar bone,revision of collar bone
Category I,Surgery – Musculoskeletal,20000–29999,23490,Reinforce clavicle,reinforce clavicle
Category I,Surgery – Musculoskeletal,20000–29999,23491,Reinforce shoulder bones,reinforce shoulder bones
Category I,Surgery – Musculoskeletal,20000–29999,23500,Treat clavicle fracture,treat clavicle fracture
Category I,Surgery – Musculoskeletal,20000–29999,23505,Treat clavicle fracture,treat clavicle fracture
Category I,Surgery – Musculoskeletal,20000–29999,23515,Treat clavicle fracture,treat clavicle fracture
Category I,Surgery – Musculoskeletal,20000–29999,23520,Treat clavicle dislocation,treat clavicle dislocation
Category I,Surgery – Musculoskeletal,20000–29999,23525,Treat clavicle dislocation,treat clavicle dislocation
Category I,Surgery – Musculoskeletal,20000–29999,23530,Treat clavicle dislocation,treat clavicle dislocation
Category I,Surgery – Musculoskeletal,20000–29999,23532,Treat clavicle dislocation,treat clavicle dislocation
Category I,Surgery – Musculoskeletal,20000–29999,23540,Treat clavicle dislocation,treat clavicle dislocation
Category I,Surgery – Musculoskeletal,20000–29999,23545,Treat clavicle dislocation,treat clavicle dislocation
Category I,Surgery – Musculoskeletal,20000–29999,23550,Treat clavicle dislocation,treat clavicle dislocation
Category I,Surgery – Musculoskeletal,20000–29999,23552,Treat clavicle dislocation,treat clavicle dislocation
Category I,Surgery – Musculoskeletal,20000–29999,23570,Treat shoulder blade fx,treat shoulder blade fx
Category I,Surgery – Musculoskeletal,20000–29999,23575,Treat shoulder blade fx,treat shoulder blade fx
Category I,Surgery – Musculoskeletal,20000–29999,23585,Treat scapula fracture,treat scapula fracture
Category I,Surgery – Musculoskeletal,20000–29999,23600,Treat humerus fracture,treat humerus fracture
Category I,Surgery – Musculoskeletal,20000–29999,23605,Treat humerus fracture,treat humerus fracture
Category I,Surgery – Musculoskeletal,20000–29999,23615,Treat humerus fracture,treat humerus fracture
Category I,Surgery – Musculoskeletal,20000–29999,23616,Treat humerus fracture,treat humerus fracture
Category I,Surgery – Musculoskeletal,20000–29999,23620,Treat humerus fracture,treat humerus fracture
Category I,Surgery – Musculoskeletal,20000–29999,23625,Treat humerus fracture,treat humerus fracture
Category I,Surgery – Musculoskeletal,20000–29999,23630,Treat humerus fracture,treat humerus fracture
Category I,Surgery – Musculoskeletal,20000–29999,23650,Treat shoulder dislocation,treat shoulder dislocation
Category I,Surgery – Musculoskeletal,20000–29999,23655,Treat shoulder dislocation,treat shoulder dislocation
Category I,Surgery – Musculoskeletal,20000–29999,23660,Treat shoulder dislocation,treat shoulder dislocation
Category I,Surgery – Musculoskeletal,20000–29999,23665,Treat dislocation/fracture,treat dislocation/fracture
Category I,Surgery – Musculoskeletal,20000–29999,23670,Treat dislocation/fracture,treat dislocation/fracture
Category I,Surgery – Musculoskeletal,20000–29999,23675,Treat dislocation/fracture,treat dislocation/fracture
Category I,Surgery – Musculoskeletal,20000–29999,23680,Treat dislocation/fracture,treat dislocation/fracture
Category I,Surgery – Musculoskeletal,20000–29999,23700,Fixation of shoulder,fixation of shoulder
Category I,Surgery – Musculoskeletal,20000–29999,23800,Fusion of shoulder joint,fusion of shoulder joint
Category I,Surgery – Musculoskeletal,20000–29999,23802,Fusion of shoulder joint,fusion of shoulder joint
Category I,Surgery – Musculoskeletal,20000–29999,23900,Amputation of arm & girdle,amputation of arm & girdle
Category I,Surgery – Musculoskeletal,20000–29999,23920,Amputation at shoulder joint,amputation at shoulder joint
Category I,Surgery – Musculoskeletal,20000–29999,23921,Amputation follow-up surgery,amputation follow-up surgery
Category I,Surgery – Musculoskeletal,20000–29999,23929,Shoulder surgery procedure,shoulder surgery procedure
Category I,Surgery – Musculoskeletal,20000–29999,23930,Drainage of arm lesion,drainage of arm lesion
Category I,Surgery – Musculoskeletal,20000–29999,23931,Drainage of arm bursa,drainage of arm bursa
Category I,Surgery – Musculoskeletal,20000–29999,23935,Drain arm/elbow bone lesion,drain arm/elbow bone lesion
Category I,Surgery – Musculoskeletal,20000–29999,24000,Exploratory elbow surgery,exploratory elbow surgery
Category I,Surgery – Musculoskeletal,20000–29999,24006,Release elbow joint,release elbow joint
Category I,Surgery – Musculoskeletal,20000–29999,24065,Biopsy arm/elbow soft tissue,biopsy arm/elbow soft tissue
Category I,Surgery – Musculoskeletal,20000–29999,24066,Biopsy arm/elbow soft tissue,biopsy arm/elbow soft tissue
Category I,Surgery – Musculoskeletal,20000–29999,24075,Remove arm/elbow lesion,remove arm/elbow lesion
Category I,Surgery – Musculoskeletal,20000–29999,24076,Remove arm/elbow lesion,remove arm/elbow lesion
Category I,Surgery – Musculoskeletal,20000–29999,24077,Remove tumor of arm/elbow,remove tumor of arm/elbow
Category I,Surgery – Musculoskeletal,20000–29999,24100,Biopsy elbow joint lining,biopsy elbow joint lining
Category I,Surgery – Musculoskeletal,20000–29999,24101,Explore/treat elbow joint,explore/treat elbow joint
Category I,Surgery – Musculoskeletal,20000–29999,24102,Remove elbow joint lining,remove elbow joint lining
Category I,Surgery – Musculoskeletal,20000–29999,24105,Removal of elbow bursa,removal of elbow bursa
Category I,Surgery – Musculoskeletal,20000–29999,24110,Remove humerus lesion,remove humerus lesion
Category I,Surgery – Musculoskeletal,20000–29999,24115,Remove/graft bone lesion,remove/graft bone lesion
Category I,Surgery – Musculoskeletal,20000–29999,24116,Remove/graft bone lesion,remove/graft bone lesion
Category I,Surgery – Musculoskeletal,20000–29999,24120,Remove elbow lesion,remove elbow lesion
Category I,Surgery – Musculoskeletal,20000–29999,24125,Remove/graft bone lesion,remove/graft bone lesion
Category I,Surgery – Musculoskeletal,20000–29999,24126,Remove/graft bone lesion,remove/graft bone lesion
Category I,Surgery – Musculoskeletal,20000–29999,24130,Removal of head of radius,removal of head of radius
Category I,Surgery – Musculoskeletal,20000–29999,24134,Removal of arm bone lesion,removal of arm bone lesion
Category I,Surgery – Musculoskeletal,20000–29999,24136,Remove radius bone lesion,remove radius bone lesion
Category I,Surgery – Musculoskeletal,20000–29999,24138,Remove elbow bone lesion,remove elbow bone lesion
Category I,Surgery – Musculoskeletal,20000–29999,24140,Partial removal of arm bone,partial removal of arm bone
Category I,Surgery – Musculoskeletal,20000–29999,24145,Partial removal of radius,partial removal of radius
Category I,Surgery – Musculoskeletal,20000–29999,24147,Partial removal of elbow,partial removal of elbow
Category I,Surgery – Musculoskeletal,20000–29999,24149,Radical resection of elbow,radical resection of elbow
Category I,Surgery – Musculoskeletal,20000–29999,24150,Extensive humerus surgery,extensive humerus surgery
Category I,Surgery – Musculoskeletal,20000–29999,24151,Extensive humerus surgery,extensive humerus surgery
Category I,Surgery – Musculoskeletal,20000–29999,24152,Extensive radius surgery,extensive radius surgery
Category I,Surgery – Musculoskeletal,20000–29999,24153,Extensive radius surgery,extensive radius surgery
Category I,Surgery – Musculoskeletal,20000–29999,24155,Removal of elbow joint,removal of elbow joint
Category I,Surgery – Musculoskeletal,20000–29999,24160,Remove elbow joint implant,remove elbow joint implant
Category I,Surgery – Musculoskeletal,20000–29999,24164,Remove radius head implant,remove radius head implant
Category I,Surgery – Musculoskeletal,20000–29999,24200,Removal of arm foreign body,removal of arm foreign body
Category I,Surgery – Musculoskeletal,20000–29999,24201,Removal of arm foreign body,removal of arm foreign body
Category I,Surgery – Musculoskeletal,20000–29999,24220,Injection for elbow x-ray,injection for elbow x-ray
Category I,Surgery – Musculoskeletal,20000–29999,24300,Manipulate elbow w/anesth,manipulate elbow w/anesth
Category I,Surgery – Musculoskeletal,20000–29999,24301,Muscle/tendon transfer,muscle/tendon transfer
Category I,Surgery – Musculoskeletal,20000–29999,24305,Arm tendon lengthening,arm tendon lengthening
Category I,Surgery – Musculoskeletal,20000–29999,24310,Revision of arm tendon,revision of arm tendon
Category I,Surgery – Musculoskeletal,20000–29999,24320,Repair of arm tendon,repair of arm tendon
Category I,Surgery – Musculoskeletal,20000–29999,24330,Revision of arm muscles,revision of arm muscles
Category I,Surgery – Musculoskeletal,20000–29999,24331,Revision of arm muscles,revision of arm muscles
Category I,Surgery – Musculoskeletal,20000–29999,24332,"""Tenolysis, triceps""","""tenolysis, triceps"""
Category I,Surgery – Musculoskeletal,20000–29999,24340,Repair of biceps tendon,repair of biceps tendon
Category I,Surgery – Musculoskeletal,20000–29999,24341,Repair arm tendon/muscle,repair arm tendon/muscle
Category I,Surgery – Musculoskeletal,20000–29999,24342,Repair of ruptured tendon,repair of ruptured tendon
Category I,Surgery – Musculoskeletal,20000–29999,24343,Repr elbow lat ligmnt w/tiss,repr elbow lat ligmnt w/tiss
Category I,Surgery – Musculoskeletal,20000–29999,24344,Reconstruct elbow lat ligmnt,reconstruct elbow lat ligmnt
Category I,Surgery – Musculoskeletal,20000–29999,24345,Repr elbw med ligmnt w/tissu,repr elbw med ligmnt w/tissu
Category I,Surgery – Musculoskeletal,20000–29999,24346,Reconstruct elbow med ligmnt,reconstruct elbow med ligmnt
Category I,Surgery – Musculoskeletal,20000–29999,24350,Repair of tennis elbow,repair of tennis elbow
Category I,Surgery – Musculoskeletal,20000–29999,24351,Repair of tennis elbow,repair of tennis elbow
Category I,Surgery – Musculoskeletal,20000–29999,24352,Repair of tennis elbow,repair of tennis elbow
Category I,Surgery – Musculoskeletal,20000–29999,24354,Repair of tennis elbow,repair of tennis elbow
Category I,Surgery – Musculoskeletal,20000–29999,24356,Revision of tennis elbow,revision of tennis elbow
Category I,Surgery – Musculoskeletal,20000–29999,24360,Reconstruct elbow joint,reconstruct elbow joint
Category I,Surgery – Musculoskeletal,20000–29999,24361,Reconstruct elbow joint,reconstruct elbow joint
Category I,Surgery – Musculoskeletal,20000–29999,24362,Reconstruct elbow joint,reconstruct elbow joint
Category I,Surgery – Musculoskeletal,20000–29999,24363,Replace elbow joint,replace elbow joint
Category I,Surgery – Musculoskeletal,20000–29999,24365,Reconstruct head of radius,reconstruct head of radius
Category I,Surgery – Musculoskeletal,20000–29999,24366,Reconstruct head of radius,reconstruct head of radius
Category I,Surgery – Musculoskeletal,20000–29999,24400,Revision of humerus,revision of humerus
Category I,Surgery – Musculoskeletal,20000–29999,24410,Revision of humerus,revision of humerus
Category I,Surgery – Musculoskeletal,20000–29999,24420,Revision of humerus,revision of humerus
Category I,Surgery – Musculoskeletal,20000–29999,24430,Repair of humerus,repair of humerus
Category I,Surgery – Musculoskeletal,20000–29999,24435,Repair humerus with graft,repair humerus with graft
Category I,Surgery – Musculoskeletal,20000–29999,24470,Revision of elbow joint,revision of elbow joint
Category I,Surgery – Musculoskeletal,20000–29999,24495,Decompression of forearm,decompression of forearm
Category I,Surgery – Musculoskeletal,20000–29999,24498,Reinforce humerus,reinforce humerus
Category I,Surgery – Musculoskeletal,20000–29999,24500,Treat humerus fracture,treat humerus fracture
Category I,Surgery – Musculoskeletal,20000–29999,24505,Treat humerus fracture,treat humerus fracture
Category I,Surgery – Musculoskeletal,20000–29999,24515,Treat humerus fracture,treat humerus fracture
Category I,Surgery – Musculoskeletal,20000–29999,24516,Treat humerus fracture,treat humerus fracture
Category I,Surgery – Musculoskeletal,20000–29999,24530,Treat humerus fracture,treat humerus fracture
Category I,Surgery – Musculoskeletal,20000–29999,24535,Treat humerus fracture,treat humerus fracture
Category I,Surgery – Musculoskeletal,20000–29999,24538,Treat humerus fracture,treat humerus fracture
Category I,Surgery – Musculoskeletal,20000–29999,24545,Treat humerus fracture,treat humerus fracture
Category I,Surgery – Musculoskeletal,20000–29999,24546,Treat humerus fracture,treat humerus fracture
Category I,Surgery – Musculoskeletal,20000–29999,24560,Treat humerus fracture,treat humerus fracture
Category I,Surgery – Musculoskeletal,20000–29999,24565,Treat humerus fracture,treat humerus fracture
Category I,Surgery – Musculoskeletal,20000–29999,24566,Treat humerus fracture,treat humerus fracture
Category I,Surgery – Musculoskeletal,20000–29999,24575,Treat humerus fracture,treat humerus fracture
Category I,Surgery – Musculoskeletal,20000–29999,24576,Treat humerus fracture,treat humerus fracture
Category I,Surgery – Musculoskeletal,20000–29999,24577,Treat humerus fracture,treat humerus fracture
Category I,Surgery – Musculoskeletal,20000–29999,24579,Treat humerus fracture,treat humerus fracture
Category I,Surgery – Musculoskeletal,20000–29999,24582,Treat humerus fracture,treat humerus fracture
Category I,Surgery – Musculoskeletal,20000–29999,24586,Treat elbow fracture,treat elbow fracture
Category I,Surgery – Musculoskeletal,20000–29999,24587,Treat elbow fracture,treat elbow fracture
Category I,Surgery – Musculoskeletal,20000–29999,24600,Treat elbow dislocation,treat elbow dislocation
Category I,Surgery – Musculoskeletal,20000–29999,24605,Treat elbow dislocation,treat elbow dislocation
Category I,Surgery – Musculoskeletal,20000–29999,24615,Treat elbow dislocation,treat elbow dislocation
Category I,Surgery – Musculoskeletal,20000–29999,24620,Treat elbow fracture,treat elbow fracture
Category I,Surgery – Musculoskeletal,20000–29999,24635,Treat elbow fracture,treat elbow fracture
Category I,Surgery – Musculoskeletal,20000–29999,24640,Treat elbow dislocation,treat elbow dislocation
Category I,Surgery – Musculoskeletal,20000–29999,24650,Treat radius fracture,treat radius fracture
Category I,Surgery – Musculoskeletal,20000–29999,24655,Treat radius fracture,treat radius fracture
Category I,Surgery – Musculoskeletal,20000–29999,24665,Treat radius fracture,treat radius fracture
Category I,Surgery – Musculoskeletal,20000–29999,24666,Treat radius fracture,treat radius fracture
Category I,Surgery – Musculoskeletal,20000–29999,24670,Treat ulnar fracture,treat ulnar fracture
Category I,Surgery – Musculoskeletal,20000–29999,24675,Treat ulnar fracture,treat ulnar fracture
Category I,Surgery – Musculoskeletal,20000–29999,24685,Treat ulnar fracture,treat ulnar fracture
Category I,Surgery – Musculoskeletal,20000–29999,24800,Fusion of elbow joint,fusion of elbow joint
Category I,Surgery – Musculoskeletal,20000–29999,24802,Fusion/graft of elbow joint,fusion/graft of elbow joint
Category I,Surgery – Musculoskeletal,20000–29999,24900,Amputation of upper arm,amputation of upper arm
Category I,Surgery – Musculoskeletal,20000–29999,24920,Amputation of upper arm,amputation of upper arm
Category I,Surgery – Musculoskeletal,20000–29999,24925,Amputation follow-up surgery,amputation follow-up surgery
Category I,Surgery – Musculoskeletal,20000–29999,24930,Amputation follow-up surgery,amputation follow-up surgery
Category I,Surgery – Musculoskeletal,20000–29999,24931,Amputate upper arm & implant,amputate upper arm & implant
Category I,Surgery – Musculoskeletal,20000–29999,24935,Revision of amputation,revision of amputation
Category I,Surgery – Musculoskeletal,20000–29999,24940,Revision of upper arm,revision of upper arm
Category I,Surgery – Musculoskeletal,20000–29999,24999,Upper arm/elbow surgery,upper arm/elbow surgery
Category I,Surgery – Musculoskeletal,20000–29999,25000,Incision of tendon sheath,incision of tendon sheath
Category I,Surgery – Musculoskeletal,20000–29999,25001,Incise flexor carpi radialis,incise flexor carpi radialis
Category I,Surgery – Musculoskeletal,20000–29999,25020,Decompress forearm 1 space,decompress forearm 1 space
Category I,Surgery – Musculoskeletal,20000–29999,25023,Decompress forearm 1 space,decompress forearm 1 space
Category I,Surgery – Musculoskeletal,20000–29999,25024,Decompress forearm 2 spaces,decompress forearm 2 spaces
Category I,Surgery – Musculoskeletal,20000–29999,25025,Decompress forearm 2 spaces,decompress forearm 2 spaces
Category I,Surgery – Musculoskeletal,20000–29999,25028,Drainage of forearm lesion,drainage of forearm lesion
Category I,Surgery – Musculoskeletal,20000–29999,25031,Drainage of forearm bursa,drainage of forearm bursa
Category I,Surgery – Musculoskeletal,20000–29999,25035,Treat forearm bone lesion,treat forearm bone lesion
Category I,Surgery – Musculoskeletal,20000–29999,25040,Explore/treat wrist joint,explore/treat wrist joint
Category I,Surgery – Musculoskeletal,20000–29999,25065,Biopsy forearm soft tissues,biopsy forearm soft tissues
Category I,Surgery – Musculoskeletal,20000–29999,25066,Biopsy forearm soft tissues,biopsy forearm soft tissues
Category I,Surgery – Musculoskeletal,20000–29999,25075,Removal forearm lesion subcu,removal forearm lesion subcu
Category I,Surgery – Musculoskeletal,20000–29999,25076,Removal forearm lesion deep,removal forearm lesion deep
Category I,Surgery – Musculoskeletal,20000–29999,25077,"""Remove tumor, forearm/wrist""","""remove tumor, forearm/wrist"""
Category I,Surgery – Musculoskeletal,20000–29999,25085,Incision of wrist capsule,incision of wrist capsule
Category I,Surgery – Musculoskeletal,20000–29999,25100,Biopsy of wrist joint,biopsy of wrist joint
Category I,Surgery – Musculoskeletal,20000–29999,25101,Explore/treat wrist joint,explore/treat wrist joint
Category I,Surgery – Musculoskeletal,20000–29999,25105,Remove wrist joint lining,remove wrist joint lining
Category I,Surgery – Musculoskeletal,20000–29999,25107,Remove wrist joint cartilage,remove wrist joint cartilage
Category I,Surgery – Musculoskeletal,20000–29999,25110,Remove wrist tendon lesion,remove wrist tendon lesion
Category I,Surgery – Musculoskeletal,20000–29999,25111,Remove wrist tendon lesion,remove wrist tendon lesion
Category I,Surgery – Musculoskeletal,20000–29999,25112,Reremove wrist tendon lesion,reremove wrist tendon lesion
Category I,Surgery – Musculoskeletal,20000–29999,25115,Remove wrist/forearm lesion,remove wrist/forearm lesion
Category I,Surgery – Musculoskeletal,20000–29999,25116,Remove wrist/forearm lesion,remove wrist/forearm lesion
Category I,Surgery – Musculoskeletal,20000–29999,25118,Excise wrist tendon sheath,excise wrist tendon sheath
Category I,Surgery – Musculoskeletal,20000–29999,25119,Partial removal of ulna,partial removal of ulna
Category I,Surgery – Musculoskeletal,20000–29999,25120,Removal of forearm lesion,removal of forearm lesion
Category I,Surgery – Musculoskeletal,20000–29999,25125,Remove/graft forearm lesion,remove/graft forearm lesion
Category I,Surgery – Musculoskeletal,20000–29999,25126,Remove/graft forearm lesion,remove/graft forearm lesion
Category I,Surgery – Musculoskeletal,20000–29999,25130,Removal of wrist lesion,removal of wrist lesion
Category I,Surgery – Musculoskeletal,20000–29999,25135,Remove & graft wrist lesion,remove & graft wrist lesion
Category I,Surgery – Musculoskeletal,20000–29999,25136,Remove & graft wrist lesion,remove & graft wrist lesion
Category I,Surgery – Musculoskeletal,20000–29999,25145,Remove forearm bone lesion,remove forearm bone lesion
Category I,Surgery – Musculoskeletal,20000–29999,25150,Partial removal of ulna,partial removal of ulna
Category I,Surgery – Musculoskeletal,20000–29999,25151,Partial removal of radius,partial removal of radius
Category I,Surgery – Musculoskeletal,20000–29999,25170,Extensive forearm surgery,extensive forearm surgery
Category I,Surgery – Musculoskeletal,20000–29999,25210,Removal of wrist bone,removal of wrist bone
Category I,Surgery – Musculoskeletal,20000–29999,25215,Removal of wrist bones,removal of wrist bones
Category I,Surgery – Musculoskeletal,20000–29999,25230,Partial removal of radius,partial removal of radius
Category I,Surgery – Musculoskeletal,20000–29999,25240,Partial removal of ulna,partial removal of ulna
Category I,Surgery – Musculoskeletal,20000–29999,25246,Injection for wrist x-ray,injection for wrist x-ray
Category I,Surgery – Musculoskeletal,20000–29999,25248,Remove forearm foreign body,remove forearm foreign body
Category I,Surgery – Musculoskeletal,20000–29999,25250,Removal of wrist prosthesis,removal of wrist prosthesis
Category I,Surgery – Musculoskeletal,20000–29999,25251,Removal of wrist prosthesis,removal of wrist prosthesis
Category I,Surgery – Musculoskeletal,20000–29999,25259,Manipulate wrist w/anesthes,manipulate wrist w/anesthes
Category I,Surgery – Musculoskeletal,20000–29999,25260,Repair forearm tendon/muscle,repair forearm tendon/muscle
Category I,Surgery – Musculoskeletal,20000–29999,25263,Repair forearm tendon/muscle,repair forearm tendon/muscle
Category I,Surgery – Musculoskeletal,20000–29999,25265,Repair forearm tendon/muscle,repair forearm tendon/muscle
Category I,Surgery – Musculoskeletal,20000–29999,25270,Repair forearm tendon/muscle,repair forearm tendon/muscle
Category I,Surgery – Musculoskeletal,20000–29999,25272,Repair forearm tendon/muscle,repair forearm tendon/muscle
Category I,Surgery – Musculoskeletal,20000–29999,25274,Repair forearm tendon/muscle,repair forearm tendon/muscle
Category I,Surgery – Musculoskeletal,20000–29999,25275,Repair forearm tendon sheath,repair forearm tendon sheath
Category I,Surgery – Musculoskeletal,20000–29999,25280,Revise wrist/forearm tendon,revise wrist/forearm tendon
Category I,Surgery – Musculoskeletal,20000–29999,25290,Incise wrist/forearm tendon,incise wrist/forearm tendon
Category I,Surgery – Musculoskeletal,20000–29999,25295,Release wrist/forearm tendon,release wrist/forearm tendon
Category I,Surgery – Musculoskeletal,20000–29999,25300,Fusion of tendons at wrist,fusion of tendons at wrist
Category I,Surgery – Musculoskeletal,20000–29999,25301,Fusion of tendons at wrist,fusion of tendons at wrist
Category I,Surgery – Musculoskeletal,20000–29999,25310,Transplant forearm tendon,transplant forearm tendon
Category I,Surgery – Musculoskeletal,20000–29999,25312,Transplant forearm tendon,transplant forearm tendon
Category I,Surgery – Musculoskeletal,20000–29999,25315,Revise palsy hand tendon(s),revise palsy hand tendon(s)
Category I,Surgery – Musculoskeletal,20000–29999,25316,Revise palsy hand tendon(s),revise palsy hand tendon(s)
Category I,Surgery – Musculoskeletal,20000–29999,25320,Repair/revise wrist joint,repair/revise wrist joint
Category I,Surgery – Musculoskeletal,20000–29999,25332,Revise wrist joint,revise wrist joint
Category I,Surgery – Musculoskeletal,20000–29999,25335,Realignment of hand,realignment of hand
Category I,Surgery – Musculoskeletal,20000–29999,25337,Reconstruct ulna/radioulnar,reconstruct ulna/radioulnar
Category I,Surgery – Musculoskeletal,20000–29999,25350,Revision of radius,revision of radius
Category I,Surgery – Musculoskeletal,20000–29999,25355,Revision of radius,revision of radius
Category I,Surgery – Musculoskeletal,20000–29999,25360,Revision of ulna,revision of ulna
Category I,Surgery – Musculoskeletal,20000–29999,25365,Revise radius & ulna,revise radius & ulna
Category I,Surgery – Musculoskeletal,20000–29999,25370,Revise radius or ulna,revise radius or ulna
Category I,Surgery – Musculoskeletal,20000–29999,25375,Revise radius & ulna,revise radius & ulna
Category I,Surgery – Musculoskeletal,20000–29999,25390,Shorten radius or ulna,shorten radius or ulna
Category I,Surgery – Musculoskeletal,20000–29999,25391,Lengthen radius or ulna,lengthen radius or ulna
Category I,Surgery – Musculoskeletal,20000–29999,25392,Shorten radius & ulna,shorten radius & ulna
Category I,Surgery – Musculoskeletal,20000–29999,25393,Lengthen radius & ulna,lengthen radius & ulna
Category I,Surgery – Musculoskeletal,20000–29999,25394,"""Repair carpal bone, shorten""","""repair carpal bone, shorten"""
Category I,Surgery – Musculoskeletal,20000–29999,25400,Repair radius or ulna,repair radius or ulna
Category I,Surgery – Musculoskeletal,20000–29999,25405,Repair/graft radius or ulna,repair/graft radius or ulna
Category I,Surgery – Musculoskeletal,20000–29999,25415,Repair radius & ulna,repair radius & ulna
Category I,Surgery – Musculoskeletal,20000–29999,25420,Repair/graft radius & ulna,repair/graft radius & ulna
Category I,Surgery – Musculoskeletal,20000–29999,25425,Repair/graft radius or ulna,repair/graft radius or ulna
Category I,Surgery – Musculoskeletal,20000–29999,25426,Repair/graft radius & ulna,repair/graft radius & ulna
Category I,Surgery – Musculoskeletal,20000–29999,25430,Vasc graft into carpal bone,vasc graft into carpal bone
Category I,Surgery – Musculoskeletal,20000–29999,25431,Repair nonunion carpal bone,repair nonunion carpal bone
Category I,Surgery – Musculoskeletal,20000–29999,25440,Repair/graft wrist bone,repair/graft wrist bone
Category I,Surgery – Musculoskeletal,20000–29999,25441,Reconstruct wrist joint,reconstruct wrist joint
Category I,Surgery – Musculoskeletal,20000–29999,25442,Reconstruct wrist joint,reconstruct wrist joint
Category I,Surgery – Musculoskeletal,20000–29999,25443,Reconstruct wrist joint,reconstruct wrist joint
Category I,Surgery – Musculoskeletal,20000–29999,25444,Reconstruct wrist joint,reconstruct wrist joint
Category I,Surgery – Musculoskeletal,20000–29999,25445,Reconstruct wrist joint,reconstruct wrist joint
Category I,Surgery – Musculoskeletal,20000–29999,25446,Wrist replacement,wrist replacement
Category I,Surgery – Musculoskeletal,20000–29999,25447,Repair wrist joint(s),repair wrist joint(s)
Category I,Surgery – Musculoskeletal,20000–29999,25449,Remove wrist joint implant,remove wrist joint implant
Category I,Surgery – Musculoskeletal,20000–29999,25450,Revision of wrist joint,revision of wrist joint
Category I,Surgery – Musculoskeletal,20000–29999,25455,Revision of wrist joint,revision of wrist joint
Category I,Surgery – Musculoskeletal,20000–29999,25490,Reinforce radius,reinforce radius
Category I,Surgery – Musculoskeletal,20000–29999,25491,Reinforce ulna,reinforce ulna
Category I,Surgery – Musculoskeletal,20000–29999,25492,Reinforce radius and ulna,reinforce radius and ulna
Category I,Surgery – Musculoskeletal,20000–29999,25500,Treat fracture of radius,treat fracture of radius
Category I,Surgery – Musculoskeletal,20000–29999,25505,Treat fracture of radius,treat fracture of radius
Category I,Surgery – Musculoskeletal,20000–29999,25515,Treat fracture of radius,treat fracture of radius
Category I,Surgery – Musculoskeletal,20000–29999,25520,Treat fracture of radius,treat fracture of radius
Category I,Surgery – Musculoskeletal,20000–29999,25525,Treat fracture of radius,treat fracture of radius
Category I,Surgery – Musculoskeletal,20000–29999,25526,Treat fracture of radius,treat fracture of radius
Category I,Surgery – Musculoskeletal,20000–29999,25530,Treat fracture of ulna,treat fracture of ulna
Category I,Surgery – Musculoskeletal,20000–29999,25535,Treat fracture of ulna,treat fracture of ulna
Category I,Surgery – Musculoskeletal,20000–29999,25545,Treat fracture of ulna,treat fracture of ulna
Category I,Surgery – Musculoskeletal,20000–29999,25560,Treat fracture radius & ulna,treat fracture radius & ulna
Category I,Surgery – Musculoskeletal,20000–29999,25565,Treat fracture radius & ulna,treat fracture radius & ulna
Category I,Surgery – Musculoskeletal,20000–29999,25574,Treat fracture radius & ulna,treat fracture radius & ulna
Category I,Surgery – Musculoskeletal,20000–29999,25575,Treat fracture radius/ulna,treat fracture radius/ulna
Category I,Surgery – Musculoskeletal,20000–29999,25600,Treat fracture radius/ulna,treat fracture radius/ulna
Category I,Surgery – Musculoskeletal,20000–29999,25605,Treat fracture radius/ulna,treat fracture radius/ulna
Category I,Surgery – Musculoskeletal,20000–29999,25611,Treat fracture radius/ulna,treat fracture radius/ulna
Category I,Surgery – Musculoskeletal,20000–29999,25620,Treat fracture radius/ulna,treat fracture radius/ulna
Category I,Surgery – Musculoskeletal,20000–29999,25622,Treat wrist bone fracture,treat wrist bone fracture
Category I,Surgery – Musculoskeletal,20000–29999,25624,Treat wrist bone fracture,treat wrist bone fracture
Category I,Surgery – Musculoskeletal,20000–29999,25628,Treat wrist bone fracture,treat wrist bone fracture
Category I,Surgery – Musculoskeletal,20000–29999,25630,Treat wrist bone fracture,treat wrist bone fracture
Category I,Surgery – Musculoskeletal,20000–29999,25635,Treat wrist bone fracture,treat wrist bone fracture
Category I,Surgery – Musculoskeletal,20000–29999,25645,Treat wrist bone fracture,treat wrist bone fracture
Category I,Surgery – Musculoskeletal,20000–29999,25650,Treat wrist bone fracture,treat wrist bone fracture
Category I,Surgery – Musculoskeletal,20000–29999,25651,Pin ulnar styloid fracture,pin ulnar styloid fracture
Category I,Surgery – Musculoskeletal,20000–29999,25652,Treat fracture ulnar styloid,treat fracture ulnar styloid
Category I,Surgery – Musculoskeletal,20000–29999,25660,Treat wrist dislocation,treat wrist dislocation
Category I,Surgery – Musculoskeletal,20000–29999,25670,Treat wrist dislocation,treat wrist dislocation
Category I,Surgery – Musculoskeletal,20000–29999,25671,Pin radioulnar dislocation,pin radioulnar dislocation
Category I,Surgery – Musculoskeletal,20000–29999,25675,Treat wrist dislocation,treat wrist dislocation
Category I,Surgery – Musculoskeletal,20000–29999,25676,Treat wrist dislocation,treat wrist dislocation
Category I,Surgery – Musculoskeletal,20000–29999,25680,Treat wrist fracture,treat wrist fracture
Category I,Surgery – Musculoskeletal,20000–29999,25685,Treat wrist fracture,treat wrist fracture
Category I,Surgery – Musculoskeletal,20000–29999,25690,Treat wrist dislocation,treat wrist dislocation
Category I,Surgery – Musculoskeletal,20000–29999,25695,Treat wrist dislocation,treat wrist dislocation
Category I,Surgery – Musculoskeletal,20000–29999,25800,Fusion of wrist joint,fusion of wrist joint
Category I,Surgery – Musculoskeletal,20000–29999,25805,Fusion/graft of wrist joint,fusion/graft of wrist joint
Category I,Surgery – Musculoskeletal,20000–29999,25810,Fusion/graft of wrist joint,fusion/graft of wrist joint
Category I,Surgery – Musculoskeletal,20000–29999,25820,Fusion of hand bones,fusion of hand bones
Category I,Surgery – Musculoskeletal,20000–29999,25825,Fuse hand bones with graft,fuse hand bones with graft
Category I,Surgery – Musculoskeletal,20000–29999,25830,"""Fusion, radioulnar jnt/ulna""","""fusion, radioulnar jnt/ulna"""
Category I,Surgery – Musculoskeletal,20000–29999,25900,Amputation of forearm,amputation of forearm
Category I,Surgery – Musculoskeletal,20000–29999,25905,Amputation of forearm,amputation of forearm
Category I,Surgery – Musculoskeletal,20000–29999,25907,Amputation follow-up surgery,amputation follow-up surgery
Category I,Surgery – Musculoskeletal,20000–29999,25909,Amputation follow-up surgery,amputation follow-up surgery
Category I,Surgery – Musculoskeletal,20000–29999,25915,Amputation of forearm,amputation of forearm
Category I,Surgery – Musculoskeletal,20000–29999,25920,Amputate hand at wrist,amputate hand at wrist
Category I,Surgery – Musculoskeletal,20000–29999,25922,Amputate hand at wrist,amputate hand at wrist
Category I,Surgery – Musculoskeletal,20000–29999,25924,Amputation follow-up surgery,amputation follow-up surgery
Category I,Surgery – Musculoskeletal,20000–29999,25927,Amputation of hand,amputation of hand
Category I,Surgery – Musculoskeletal,20000–29999,25929,Amputation follow-up surgery,amputation follow-up surgery
Category I,Surgery – Musculoskeletal,20000–29999,25931,Amputation follow-up surgery,amputation follow-up surgery
Category I,Surgery – Musculoskeletal,20000–29999,25999,Forearm or wrist surgery,forearm or wrist surgery
Category I,Surgery – Musculoskeletal,20000–29999,26010,Drainage of finger abscess,drainage of finger abscess
Category I,Surgery – Musculoskeletal,20000–29999,26011,Drainage of finger abscess,drainage of finger abscess
Category I,Surgery – Musculoskeletal,20000–29999,26020,Drain hand tendon sheath,drain hand tendon sheath
Category I,Surgery – Musculoskeletal,20000–29999,26025,Drainage of palm bursa,drainage of palm bursa
Category I,Surgery – Musculoskeletal,20000–29999,26030,Drainage of palm bursa(s),drainage of palm bursa(s)
Category I,Surgery – Musculoskeletal,20000–29999,26034,Treat hand bone lesion,treat hand bone lesion
Category I,Surgery – Musculoskeletal,20000–29999,26035,Decompress fingers/hand,decompress fingers/hand
Category I,Surgery – Musculoskeletal,20000–29999,26037,Decompress fingers/hand,decompress fingers/hand
Category I,Surgery – Musculoskeletal,20000–29999,26040,Release palm contracture,release palm contracture
Category I,Surgery – Musculoskeletal,20000–29999,26045,Release palm contracture,release palm contracture
Category I,Surgery – Musculoskeletal,20000–29999,26055,Incise finger tendon sheath,incise finger tendon sheath
Category I,Surgery – Musculoskeletal,20000–29999,26060,Incision of finger tendon,incision of finger tendon
Category I,Surgery – Musculoskeletal,20000–29999,26070,Explore/treat hand joint,explore/treat hand joint
Category I,Surgery – Musculoskeletal,20000–29999,26075,Explore/treat finger joint,explore/treat finger joint
Category I,Surgery – Musculoskeletal,20000–29999,26080,Explore/treat finger joint,explore/treat finger joint
Category I,Surgery – Musculoskeletal,20000–29999,26100,Biopsy hand joint lining,biopsy hand joint lining
Category I,Surgery – Musculoskeletal,20000–29999,26105,Biopsy finger joint lining,biopsy finger joint lining
Category I,Surgery – Musculoskeletal,20000–29999,26110,Biopsy finger joint lining,biopsy finger joint lining
Category I,Surgery – Musculoskeletal,20000–29999,26115,Removal hand lesion subcut,removal hand lesion subcut
Category I,Surgery – Musculoskeletal,20000–29999,26116,"""Removal hand lesion, deep""","""removal hand lesion, deep"""
Category I,Surgery – Musculoskeletal,20000–29999,26117,"""Remove tumor, hand/finger""","""remove tumor, hand/finger"""
Category I,Surgery – Musculoskeletal,20000–29999,26121,Release palm contracture,release palm contracture
Category I,Surgery – Musculoskeletal,20000–29999,26123,Release palm contracture,release palm contracture
Category I,Surgery – Musculoskeletal,20000–29999,26125,Release palm contracture,release palm contracture
Category I,Surgery – Musculoskeletal,20000–29999,26130,Remove wrist joint lining,remove wrist joint lining
Category I,Surgery – Musculoskeletal,20000–29999,26135,"""Revise finger joint, each""","""revise finger joint, each"""
Category I,Surgery – Musculoskeletal,20000–29999,26140,"""Revise finger joint, each""","""revise finger joint, each"""
Category I,Surgery – Musculoskeletal,20000–29999,26145,"""Tendon excision, palm/finger""","""tendon excision, palm/finger"""
Category I,Surgery – Musculoskeletal,20000–29999,26160,Remove tendon sheath lesion,remove tendon sheath lesion
Category I,Surgery – Musculoskeletal,20000–29999,26170,"""Removal of palm tendon, each""","""removal of palm tendon, each"""
Category I,Surgery – Musculoskeletal,20000–29999,26180,Removal of finger tendon,removal of finger tendon
Category I,Surgery – Musculoskeletal,20000–29999,26185,Remove finger bone,remove finger bone
Category I,Surgery – Musculoskeletal,20000–29999,26200,Remove hand bone lesion,remove hand bone lesion
Category I,Surgery – Musculoskeletal,20000–29999,26205,Remove/graft bone lesion,remove/graft bone lesion
Category I,Surgery – Musculoskeletal,20000–29999,26210,Removal of finger lesion,removal of finger lesion
Category I,Surgery – Musculoskeletal,20000–29999,26215,Remove/graft finger lesion,remove/graft finger lesion
Category I,Surgery – Musculoskeletal,20000–29999,26230,Partial removal of hand bone,partial removal of hand bone
Category I,Surgery – Musculoskeletal,20000–29999,26235,"""Partial removal, finger bone""","""partial removal, finger bone"""
Category I,Surgery – Musculoskeletal,20000–29999,26236,"""Partial removal, finger bone""","""partial removal, finger bone"""
Category I,Surgery – Musculoskeletal,20000–29999,26250,Extensive hand surgery,extensive hand surgery
Category I,Surgery – Musculoskeletal,20000–29999,26255,Extensive hand surgery,extensive hand surgery
Category I,Surgery – Musculoskeletal,20000–29999,26260,Extensive finger surgery,extensive finger surgery
Category I,Surgery – Musculoskeletal,20000–29999,26261,Extensive finger surgery,extensive finger surgery
Category I,Surgery – Musculoskeletal,20000–29999,26262,Partial removal of finger,partial removal of finger
Category I,Surgery – Musculoskeletal,20000–29999,26320,Removal of implant from hand,removal of implant from hand
Category I,Surgery – Musculoskeletal,20000–29999,26340,Manipulate finger w/anesth,manipulate finger w/anesth
Category I,Surgery – Musculoskeletal,20000–29999,26350,Repair finger/hand tendon,repair finger/hand tendon
Category I,Surgery – Musculoskeletal,20000–29999,26352,Repair/graft hand tendon,repair/graft hand tendon
Category I,Surgery – Musculoskeletal,20000–29999,26356,Repair finger/hand tendon,repair finger/hand tendon
Category I,Surgery – Musculoskeletal,20000–29999,26357,Repair finger/hand tendon,repair finger/hand tendon
Category I,Surgery – Musculoskeletal,20000–29999,26358,Repair/graft hand tendon,repair/graft hand tendon
Category I,Surgery – Musculoskeletal,20000–29999,26370,Repair finger/hand tendon,repair finger/hand tendon
Category I,Surgery – Musculoskeletal,20000–29999,26372,Repair/graft hand tendon,repair/graft hand tendon
Category I,Surgery – Musculoskeletal,20000–29999,26373,Repair finger/hand tendon,repair finger/hand tendon
Category I,Surgery – Musculoskeletal,20000–29999,26390,Revise hand/finger tendon,revise hand/finger tendon
Category I,Surgery – Musculoskeletal,20000–29999,26392,Repair/graft hand tendon,repair/graft hand tendon
Category I,Surgery – Musculoskeletal,20000–29999,26410,Repair hand tendon,repair hand tendon
Category I,Surgery – Musculoskeletal,20000–29999,26412,Repair/graft hand tendon,repair/graft hand tendon
Category I,Surgery – Musculoskeletal,20000–29999,26415,"""Excision, hand/finger tendon""","""excision, hand/finger tendon"""
Category I,Surgery – Musculoskeletal,20000–29999,26416,Graft hand or finger tendon,graft hand or finger tendon
Category I,Surgery – Musculoskeletal,20000–29999,26418,Repair finger tendon,repair finger tendon
Category I,Surgery – Musculoskeletal,20000–29999,26420,Repair/graft finger tendon,repair/graft finger tendon
Category I,Surgery – Musculoskeletal,20000–29999,26426,Repair finger/hand tendon,repair finger/hand tendon
Category I,Surgery – Musculoskeletal,20000–29999,26428,Repair/graft finger tendon,repair/graft finger tendon
Category I,Surgery – Musculoskeletal,20000–29999,26432,Repair finger tendon,repair finger tendon
Category I,Surgery – Musculoskeletal,20000–29999,26433,Repair finger tendon,repair finger tendon
Category I,Surgery – Musculoskeletal,20000–29999,26434,Repair/graft finger tendon,repair/graft finger tendon
Category I,Surgery – Musculoskeletal,20000–29999,26437,Realignment of tendons,realignment of tendons
Category I,Surgery – Musculoskeletal,20000–29999,26440,Release palm/finger tendon,release palm/finger tendon
Category I,Surgery – Musculoskeletal,20000–29999,26442,Release palm & finger tendon,release palm & finger tendon
Category I,Surgery – Musculoskeletal,20000–29999,26445,Release hand/finger tendon,release hand/finger tendon
Category I,Surgery – Musculoskeletal,20000–29999,26449,Release forearm/hand tendon,release forearm/hand tendon
Category I,Surgery – Musculoskeletal,20000–29999,26450,Incision of palm tendon,incision of palm tendon
Category I,Surgery – Musculoskeletal,20000–29999,26455,Incision of finger tendon,incision of finger tendon
Category I,Surgery – Musculoskeletal,20000–29999,26460,Incise hand/finger tendon,incise hand/finger tendon
Category I,Surgery – Musculoskeletal,20000–29999,26471,Fusion of finger tendons,fusion of finger tendons
Category I,Surgery – Musculoskeletal,20000–29999,26474,Fusion of finger tendons,fusion of finger tendons
Category I,Surgery – Musculoskeletal,20000–29999,26476,Tendon lengthening,tendon lengthening
Category I,Surgery – Musculoskeletal,20000–29999,26477,Tendon shortening,tendon shortening
Category I,Surgery – Musculoskeletal,20000–29999,26478,Lengthening of hand tendon,lengthening of hand tendon
Category I,Surgery – Musculoskeletal,20000–29999,26479,Shortening of hand tendon,shortening of hand tendon
Category I,Surgery – Musculoskeletal,20000–29999,26480,Transplant hand tendon,transplant hand tendon
Category I,Surgery – Musculoskeletal,20000–29999,26483,Transplant/graft hand tendon,transplant/graft hand tendon
Category I,Surgery – Musculoskeletal,20000–29999,26485,Transplant palm tendon,transplant palm tendon
Category I,Surgery – Musculoskeletal,20000–29999,26489,Transplant/graft palm tendon,transplant/graft palm tendon
Category I,Surgery – Musculoskeletal,20000–29999,26490,Revise thumb tendon,revise thumb tendon
Category I,Surgery – Musculoskeletal,20000–29999,26492,Tendon transfer with graft,tendon transfer with graft
Category I,Surgery – Musculoskeletal,20000–29999,26494,Hand tendon/muscle transfer,hand tendon/muscle transfer
Category I,Surgery – Musculoskeletal,20000–29999,26496,Revise thumb tendon,revise thumb tendon
Category I,Surgery – Musculoskeletal,20000–29999,26497,Finger tendon transfer,finger tendon transfer
Category I,Surgery – Musculoskeletal,20000–29999,26498,Finger tendon transfer,finger tendon transfer
Category I,Surgery – Musculoskeletal,20000–29999,26499,Revision of finger,revision of finger
Category I,Surgery – Musculoskeletal,20000–29999,26500,Hand tendon reconstruction,hand tendon reconstruction
Category I,Surgery – Musculoskeletal,20000–29999,26502,Hand tendon reconstruction,hand tendon reconstruction
Category I,Surgery – Musculoskeletal,20000–29999,26504,Hand tendon reconstruction,hand tendon reconstruction
Category I,Surgery – Musculoskeletal,20000–29999,26508,Release thumb contracture,release thumb contracture
Category I,Surgery – Musculoskeletal,20000–29999,26510,Thumb tendon transfer,thumb tendon transfer
Category I,Surgery – Musculoskeletal,20000–29999,26516,Fusion of knuckle joint,fusion of knuckle joint
Category I,Surgery – Musculoskeletal,20000–29999,26517,Fusion of knuckle joints,fusion of knuckle joints
Category I,Surgery – Musculoskeletal,20000–29999,26518,Fusion of knuckle joints,fusion of knuckle joints
Category I,Surgery – Musculoskeletal,20000–29999,26520,Release knuckle contracture,release knuckle contracture
Category I,Surgery – Musculoskeletal,20000–29999,26525,Release finger contracture,release finger contracture
Category I,Surgery – Musculoskeletal,20000–29999,26530,Revise knuckle joint,revise knuckle joint
Category I,Surgery – Musculoskeletal,20000–29999,26531,Revise knuckle with implant,revise knuckle with implant
Category I,Surgery – Musculoskeletal,20000–29999,26535,Revise finger joint,revise finger joint
Category I,Surgery – Musculoskeletal,20000–29999,26536,Revise/implant finger joint,revise/implant finger joint
Category I,Surgery – Musculoskeletal,20000–29999,26540,Repair hand joint,repair hand joint
Category I,Surgery – Musculoskeletal,20000–29999,26541,Repair hand joint with graft,repair hand joint with graft
Category I,Surgery – Musculoskeletal,20000–29999,26542,Repair hand joint with graft,repair hand joint with graft
Category I,Surgery – Musculoskeletal,20000–29999,26545,Reconstruct finger joint,reconstruct finger joint
Category I,Surgery – Musculoskeletal,20000–29999,26546,Repair nonunion hand,repair nonunion hand
Category I,Surgery – Musculoskeletal,20000–29999,26548,Reconstruct finger joint,reconstruct finger joint
Category I,Surgery – Musculoskeletal,20000–29999,26550,Construct thumb replacement,construct thumb replacement
Category I,Surgery – Musculoskeletal,20000–29999,26551,Great toe-hand transfer,great toe-hand transfer
Category I,Surgery – Musculoskeletal,20000–29999,26553,"""Single transfer, toe-hand""","""single transfer, toe-hand"""
Category I,Surgery – Musculoskeletal,20000–29999,26554,"""Double transfer, toe-hand""","""double transfer, toe-hand"""
Category I,Surgery – Musculoskeletal,20000–29999,26555,Positional change of finger,positional change of finger
Category I,Surgery – Musculoskeletal,20000–29999,26556,Toe joint transfer,toe joint transfer
Category I,Surgery – Musculoskeletal,20000–29999,26560,Repair of web finger,repair of web finger
Category I,Surgery – Musculoskeletal,20000–29999,26561,Repair of web finger,repair of web finger
Category I,Surgery – Musculoskeletal,20000–29999,26562,Repair of web finger,repair of web finger
Category I,Surgery – Musculoskeletal,20000–29999,26565,Correct metacarpal flaw,correct metacarpal flaw
Category I,Surgery – Musculoskeletal,20000–29999,26567,Correct finger deformity,correct finger deformity
Category I,Surgery – Musculoskeletal,20000–29999,26568,Lengthen metacarpal/finger,lengthen metacarpal/finger
Category I,Surgery – Musculoskeletal,20000–29999,26580,Repair hand deformity,repair hand deformity
Category I,Surgery – Musculoskeletal,20000–29999,26587,Reconstruct extra finger,reconstruct extra finger
Category I,Surgery – Musculoskeletal,20000–29999,26590,Repair finger deformity,repair finger deformity
Category I,Surgery – Musculoskeletal,20000–29999,26591,Repair muscles of hand,repair muscles of hand
Category I,Surgery – Musculoskeletal,20000–29999,26593,Release muscles of hand,release muscles of hand
Category I,Surgery – Musculoskeletal,20000–29999,26596,Excision constricting tissue,excision constricting tissue
Category I,Surgery – Musculoskeletal,20000–29999,26600,Treat metacarpal fracture,treat metacarpal fracture
Category I,Surgery – Musculoskeletal,20000–29999,26605,Treat metacarpal fracture,treat metacarpal fracture
Category I,Surgery – Musculoskeletal,20000–29999,26607,Treat metacarpal fracture,treat metacarpal fracture
Category I,Surgery – Musculoskeletal,20000–29999,26608,Treat metacarpal fracture,treat metacarpal fracture
Category I,Surgery – Musculoskeletal,20000–29999,26615,Treat metacarpal fracture,treat metacarpal fracture
Category I,Surgery – Musculoskeletal,20000–29999,26641,Treat thumb dislocation,treat thumb dislocation
Category I,Surgery – Musculoskeletal,20000–29999,26645,Treat thumb fracture,treat thumb fracture
Category I,Surgery – Musculoskeletal,20000–29999,26650,Treat thumb fracture,treat thumb fracture
Category I,Surgery – Musculoskeletal,20000–29999,26665,Treat thumb fracture,treat thumb fracture
Category I,Surgery – Musculoskeletal,20000–29999,26670,Treat hand dislocation,treat hand dislocation
Category I,Surgery – Musculoskeletal,20000–29999,26675,Treat hand dislocation,treat hand dislocation
Category I,Surgery – Musculoskeletal,20000–29999,26676,Pin hand dislocation,pin hand dislocation
Category I,Surgery – Musculoskeletal,20000–29999,26685,Treat hand dislocation,treat hand dislocation
Category I,Surgery – Musculoskeletal,20000–29999,26686,Treat hand dislocation,treat hand dislocation
Category I,Surgery – Musculoskeletal,20000–29999,26700,Treat knuckle dislocation,treat knuckle dislocation
Category I,Surgery – Musculoskeletal,20000–29999,26705,Treat knuckle dislocation,treat knuckle dislocation
Category I,Surgery – Musculoskeletal,20000–29999,26706,Pin knuckle dislocation,pin knuckle dislocation
Category I,Surgery – Musculoskeletal,20000–29999,26715,Treat knuckle dislocation,treat knuckle dislocation
Category I,Surgery – Musculoskeletal,20000–29999,26720,"""Treat finger fracture, each""","""treat finger fracture, each"""
Category I,Surgery – Musculoskeletal,20000–29999,26725,"""Treat finger fracture, each""","""treat finger fracture, each"""
Category I,Surgery – Musculoskeletal,20000–29999,26727,"""Treat finger fracture, each""","""treat finger fracture, each"""
Category I,Surgery – Musculoskeletal,20000–29999,26735,"""Treat finger fracture, each""","""treat finger fracture, each"""
Category I,Surgery – Musculoskeletal,20000–29999,26740,"""Treat finger fracture, each""","""treat finger fracture, each"""
Category I,Surgery – Musculoskeletal,20000–29999,26742,"""Treat finger fracture, each""","""treat finger fracture, each"""
Category I,Surgery – Musculoskeletal,20000–29999,26746,"""Treat finger fracture, each""","""treat finger fracture, each"""
Category I,Surgery – Musculoskeletal,20000–29999,26750,"""Treat finger fracture, each""","""treat finger fracture, each"""
Category I,Surgery – Musculoskeletal,20000–29999,26755,"""Treat finger fracture, each""","""treat finger fracture, each"""
Category I,Surgery – Musculoskeletal,20000–29999,26756,"""Pin finger fracture, each""","""pin finger fracture, each"""
Category I,Surgery – Musculoskeletal,20000–29999,26765,"""Treat finger fracture, each""","""treat finger fracture, each"""
Category I,Surgery – Musculoskeletal,20000–29999,26770,Treat finger dislocation,treat finger dislocation
Category I,Surgery – Musculoskeletal,20000–29999,26775,Treat finger dislocation,treat finger dislocation
Category I,Surgery – Musculoskeletal,20000–29999,26776,Pin finger dislocation,pin finger dislocation
Category I,Surgery – Musculoskeletal,20000–29999,26785,Treat finger dislocation,treat finger dislocation
Category I,Surgery – Musculoskeletal,20000–29999,26820,Thumb fusion with graft,thumb fusion with graft
Category I,Surgery – Musculoskeletal,20000–29999,26841,Fusion of thumb,fusion of thumb
Category I,Surgery – Musculoskeletal,20000–29999,26842,Thumb fusion with graft,thumb fusion with graft
Category I,Surgery – Musculoskeletal,20000–29999,26843,Fusion of hand joint,fusion of hand joint
Category I,Surgery – Musculoskeletal,20000–29999,26844,Fusion/graft of hand joint,fusion/graft of hand joint
Category I,Surgery – Musculoskeletal,20000–29999,26850,Fusion of knuckle,fusion of knuckle
Category I,Surgery – Musculoskeletal,20000–29999,26852,Fusion of knuckle with graft,fusion of knuckle with graft
Category I,Surgery – Musculoskeletal,20000–29999,26860,Fusion of finger joint,fusion of finger joint
Category I,Surgery – Musculoskeletal,20000–29999,26861,"""Fusion of finger jnt, add-on""","""fusion of finger jnt, add-on"""
Category I,Surgery – Musculoskeletal,20000–29999,26862,Fusion/graft of finger joint,fusion/graft of finger joint
Category I,Surgery – Musculoskeletal,20000–29999,26863,Fuse/graft added joint,fuse/graft added joint
Category I,Surgery – Musculoskeletal,20000–29999,26910,Amputate metacarpal bone,amputate metacarpal bone
Category I,Surgery – Musculoskeletal,20000–29999,26951,Amputation of finger/thumb,amputation of finger/thumb
Category I,Surgery – Musculoskeletal,20000–29999,26952,Amputation of finger/thumb,amputation of finger/thumb
Category I,Surgery – Musculoskeletal,20000–29999,26989,Hand/finger surgery,hand/finger surgery
Category I,Surgery – Musculoskeletal,20000–29999,26990,Drainage of pelvis lesion,drainage of pelvis lesion
Category I,Surgery – Musculoskeletal,20000–29999,26991,Drainage of pelvis bursa,drainage of pelvis bursa
Category I,Surgery – Musculoskeletal,20000–29999,26992,Drainage of bone lesion,drainage of bone lesion
Category I,Surgery – Musculoskeletal,20000–29999,27000,Incision of hip tendon,incision of hip tendon
Category I,Surgery – Musculoskeletal,20000–29999,27001,Incision of hip tendon,incision of hip tendon
Category I,Surgery – Musculoskeletal,20000–29999,27003,Incision of hip tendon,incision of hip tendon
Category I,Surgery – Musculoskeletal,20000–29999,27005,Incision of hip tendon,incision of hip tendon
Category I,Surgery – Musculoskeletal,20000–29999,27006,Incision of hip tendons,incision of hip tendons
Category I,Surgery – Musculoskeletal,20000–29999,27025,Incision of hip/thigh fascia,incision of hip/thigh fascia
Category I,Surgery – Musculoskeletal,20000–29999,27030,Drainage of hip joint,drainage of hip joint
Category I,Surgery – Musculoskeletal,20000–29999,27033,Exploration of hip joint,exploration of hip joint
Category I,Surgery – Musculoskeletal,20000–29999,27035,Denervation of hip joint,denervation of hip joint
Category I,Surgery – Musculoskeletal,20000–29999,27036,Excision of hip joint/muscle,excision of hip joint/muscle
Category I,Surgery – Musculoskeletal,20000–29999,27040,Biopsy of soft tissues,biopsy of soft tissues
Category I,Surgery – Musculoskeletal,20000–29999,27041,Biopsy of soft tissues,biopsy of soft tissues
Category I,Surgery – Musculoskeletal,20000–29999,27047,Remove hip/pelvis lesion,remove hip/pelvis lesion
Category I,Surgery – Musculoskeletal,20000–29999,27048,Remove hip/pelvis lesion,remove hip/pelvis lesion
Category I,Surgery – Musculoskeletal,20000–29999,27049,"""Remove tumor, hip/pelvis""","""remove tumor, hip/pelvis"""
Category I,Surgery – Musculoskeletal,20000–29999,27050,Biopsy of sacroiliac joint,biopsy of sacroiliac joint
Category I,Surgery – Musculoskeletal,20000–29999,27052,Biopsy of hip joint,biopsy of hip joint
Category I,Surgery – Musculoskeletal,20000–29999,27054,Removal of hip joint lining,removal of hip joint lining
Category I,Surgery – Musculoskeletal,20000–29999,27060,Removal of ischial bursa,removal of ischial bursa
Category I,Surgery – Musculoskeletal,20000–29999,27062,Remove femur lesion/bursa,remove femur lesion/bursa
Category I,Surgery – Musculoskeletal,20000–29999,27065,Removal of hip bone lesion,removal of hip bone lesion
Category I,Surgery – Musculoskeletal,20000–29999,27066,Removal of hip bone lesion,removal of hip bone lesion
Category I,Surgery – Musculoskeletal,20000–29999,27067,Remove/graft hip bone lesion,remove/graft hip bone lesion
Category I,Surgery – Musculoskeletal,20000–29999,27070,Partial removal of hip bone,partial removal of hip bone
Category I,Surgery – Musculoskeletal,20000–29999,27071,Partial removal of hip bone,partial removal of hip bone
Category I,Surgery – Musculoskeletal,20000–29999,27075,Extensive hip surgery,extensive hip surgery
Category I,Surgery – Musculoskeletal,20000–29999,27076,Extensive hip surgery,extensive hip surgery
Category I,Surgery – Musculoskeletal,20000–29999,27077,Extensive hip surgery,extensive hip surgery
Category I,Surgery – Musculoskeletal,20000–29999,27078,Extensive hip surgery,extensive hip surgery
Category I,Surgery – Musculoskeletal,20000–29999,27079,Extensive hip surgery,extensive hip surgery
Category I,Surgery – Musculoskeletal,20000–29999,27080,Removal of tail bone,removal of tail bone
Category I,Surgery – Musculoskeletal,20000–29999,27086,Remove hip foreign body,remove hip foreign body
Category I,Surgery – Musculoskeletal,20000–29999,27087,Remove hip foreign body,remove hip foreign body
Category I,Surgery – Musculoskeletal,20000–29999,27090,Removal of hip prosthesis,removal of hip prosthesis
Category I,Surgery – Musculoskeletal,20000–29999,27091,Removal of hip prosthesis,removal of hip prosthesis
Category I,Surgery – Musculoskeletal,20000–29999,27093,Injection for hip x-ray,injection for hip x-ray
Category I,Surgery – Musculoskeletal,20000–29999,27095,Injection for hip x-ray,injection for hip x-ray
Category I,Surgery – Musculoskeletal,20000–29999,27096,Inject sacroiliac joint,inject sacroiliac joint
Category I,Surgery – Musculoskeletal,20000–29999,27097,Revision of hip tendon,revision of hip tendon
Category I,Surgery – Musculoskeletal,20000–29999,27098,Transfer tendon to pelvis,transfer tendon to pelvis
Category I,Surgery – Musculoskeletal,20000–29999,27100,Transfer of abdominal muscle,transfer of abdominal muscle
Category I,Surgery – Musculoskeletal,20000–29999,27105,Transfer of spinal muscle,transfer of spinal muscle
Category I,Surgery – Musculoskeletal,20000–29999,27110,Transfer of iliopsoas muscle,transfer of iliopsoas muscle
Category I,Surgery – Musculoskeletal,20000–29999,27111,Transfer of iliopsoas muscle,transfer of iliopsoas muscle
Category I,Surgery – Musculoskeletal,20000–29999,27120,Reconstruction of hip socket,reconstruction of hip socket
Category I,Surgery – Musculoskeletal,20000–29999,27122,Reconstruction of hip socket,reconstruction of hip socket
Category I,Surgery – Musculoskeletal,20000–29999,27125,Partial hip replacement,partial hip replacement
Category I,Surgery – Musculoskeletal,20000–29999,27130,Total hip arthroplasty,total hip arthroplasty
Category I,Surgery – Musculoskeletal,20000–29999,27132,Total hip arthroplasty,total hip arthroplasty
Category I,Surgery – Musculoskeletal,20000–29999,27134,Revise hip joint replacement,revise hip joint replacement
Category I,Surgery – Musculoskeletal,20000–29999,27137,Revise hip joint replacement,revise hip joint replacement
Category I,Surgery – Musculoskeletal,20000–29999,27138,Revise hip joint replacement,revise hip joint replacement
Category I,Surgery – Musculoskeletal,20000–29999,27140,Transplant femur ridge,transplant femur ridge
Category I,Surgery – Musculoskeletal,20000–29999,27146,Incision of hip bone,incision of hip bone
Category I,Surgery – Musculoskeletal,20000–29999,27147,Revision of hip bone,revision of hip bone
Category I,Surgery – Musculoskeletal,20000–29999,27151,Incision of hip bones,incision of hip bones
Category I,Surgery – Musculoskeletal,20000–29999,27156,Revision of hip bones,revision of hip bones
Category I,Surgery – Musculoskeletal,20000–29999,27158,Revision of pelvis,revision of pelvis
Category I,Surgery – Musculoskeletal,20000–29999,27161,Incision of neck of femur,incision of neck of femur
Category I,Surgery – Musculoskeletal,20000–29999,27165,Incision/fixation of femur,incision/fixation of femur
Category I,Surgery – Musculoskeletal,20000–29999,27170,Repair/graft femur head/neck,repair/graft femur head/neck
Category I,Surgery – Musculoskeletal,20000–29999,27175,Treat slipped epiphysis,treat slipped epiphysis
Category I,Surgery – Musculoskeletal,20000–29999,27176,Treat slipped epiphysis,treat slipped epiphysis
Category I,Surgery – Musculoskeletal,20000–29999,27177,Treat slipped epiphysis,treat slipped epiphysis
Category I,Surgery – Musculoskeletal,20000–29999,27178,Treat slipped epiphysis,treat slipped epiphysis
Category I,Surgery – Musculoskeletal,20000–29999,27179,Revise head/neck of femur,revise head/neck of femur
Category I,Surgery – Musculoskeletal,20000–29999,27181,Treat slipped epiphysis,treat slipped epiphysis
Category I,Surgery – Musculoskeletal,20000–29999,27185,Revision of femur epiphysis,revision of femur epiphysis
Category I,Surgery – Musculoskeletal,20000–29999,27187,Reinforce hip bones,reinforce hip bones
Category I,Surgery – Musculoskeletal,20000–29999,27193,Treat pelvic ring fracture,treat pelvic ring fracture
Category I,Surgery – Musculoskeletal,20000–29999,27194,Treat pelvic ring fracture,treat pelvic ring fracture
Category I,Surgery – Musculoskeletal,20000–29999,27200,Treat tail bone fracture,treat tail bone fracture
Category I,Surgery – Musculoskeletal,20000–29999,27202,Treat tail bone fracture,treat tail bone fracture
Category I,Surgery – Musculoskeletal,20000–29999,27215,Treat pelvic fracture(s),treat pelvic fracture(s)
Category I,Surgery – Musculoskeletal,20000–29999,27216,Treat pelvic ring fracture,treat pelvic ring fracture
Category I,Surgery – Musculoskeletal,20000–29999,27217,Treat pelvic ring fracture,treat pelvic ring fracture
Category I,Surgery – Musculoskeletal,20000–29999,27218,Treat pelvic ring fracture,treat pelvic ring fracture
Category I,Surgery – Musculoskeletal,20000–29999,27220,Treat hip socket fracture,treat hip socket fracture
Category I,Surgery – Musculoskeletal,20000–29999,27222,Treat hip socket fracture,treat hip socket fracture
Category I,Surgery – Musculoskeletal,20000–29999,27226,Treat hip wall fracture,treat hip wall fracture
Category I,Surgery – Musculoskeletal,20000–29999,27227,Treat hip fracture(s),treat hip fracture(s)
Category I,Surgery – Musculoskeletal,20000–29999,27228,Treat hip fracture(s),treat hip fracture(s)
Category I,Surgery – Musculoskeletal,20000–29999,27230,Treat thigh fracture,treat thigh fracture
Category I,Surgery – Musculoskeletal,20000–29999,27232,Treat thigh fracture,treat thigh fracture
Category I,Surgery – Musculoskeletal,20000–29999,27235,Treat thigh fracture,treat thigh fracture
Category I,Surgery – Musculoskeletal,20000–29999,27236,Treat thigh fracture,treat thigh fracture
Category I,Surgery – Musculoskeletal,20000–29999,27238,Treat thigh fracture,treat thigh fracture
Category I,Surgery – Musculoskeletal,20000–29999,27240,Treat thigh fracture,treat thigh fracture
Category I,Surgery – Musculoskeletal,20000–29999,27244,Treat thigh fracture,treat thigh fracture
Category I,Surgery – Musculoskeletal,20000–29999,27245,Treat thigh fracture,treat thigh fracture
Category I,Surgery – Musculoskeletal,20000–29999,27246,Treat thigh fracture,treat thigh fracture
Category I,Surgery – Musculoskeletal,20000–29999,27248,Treat thigh fracture,treat thigh fracture
Category I,Surgery – Musculoskeletal,20000–29999,27250,Treat hip dislocation,treat hip dislocation
Category I,Surgery – Musculoskeletal,20000–29999,27252,Treat hip dislocation,treat hip dislocation
Category I,Surgery – Musculoskeletal,20000–29999,27253,Treat hip dislocation,treat hip dislocation
Category I,Surgery – Musculoskeletal,20000–29999,27254,Treat hip dislocation,treat hip dislocation
Category I,Surgery – Musculoskeletal,20000–29999,27256,Treat hip dislocation,treat hip dislocation
Category I,Surgery – Musculoskeletal,20000–29999,27257,Treat hip dislocation,treat hip dislocation
Category I,Surgery – Musculoskeletal,20000–29999,27258,Treat hip dislocation,treat hip dislocation
Category I,Surgery – Musculoskeletal,20000–29999,27259,Treat hip dislocation,treat hip dislocation
Category I,Surgery – Musculoskeletal,20000–29999,27265,Treat hip dislocation,treat hip dislocation
Category I,Surgery – Musculoskeletal,20000–29999,27266,Treat hip dislocation,treat hip dislocation
Category I,Surgery – Musculoskeletal,20000–29999,27275,Manipulation of hip joint,manipulation of hip joint
Category I,Surgery – Musculoskeletal,20000–29999,27280,Fusion of sacroiliac joint,fusion of sacroiliac joint
Category I,Surgery – Musculoskeletal,20000–29999,27282,Fusion of pubic bones,fusion of pubic bones
Category I,Surgery – Musculoskeletal,20000–29999,27284,Fusion of hip joint,fusion of hip joint
Category I,Surgery – Musculoskeletal,20000–29999,27286,Fusion of hip joint,fusion of hip joint
Category I,Surgery – Musculoskeletal,20000–29999,27290,Amputation of leg at hip,amputation of leg at hip
Category I,Surgery – Musculoskeletal,20000–29999,27295,Amputation of leg at hip,amputation of leg at hip
Category I,Surgery – Musculoskeletal,20000–29999,27299,Pelvis/hip joint surgery,pelvis/hip joint surgery
Category I,Surgery – Musculoskeletal,20000–29999,27301,Drain thigh/knee lesion,drain thigh/knee lesion
Category I,Surgery – Musculoskeletal,20000–29999,27303,Drainage of bone lesion,drainage of bone lesion
Category I,Surgery – Musculoskeletal,20000–29999,27305,Incise thigh tendon & fascia,incise thigh tendon & fascia
Category I,Surgery – Musculoskeletal,20000–29999,27306,Incision of thigh tendon,incision of thigh tendon
Category I,Surgery – Musculoskeletal,20000–29999,27307,Incision of thigh tendons,incision of thigh tendons
Category I,Surgery – Musculoskeletal,20000–29999,27310,Exploration of knee joint,exploration of knee joint
Category I,Surgery – Musculoskeletal,20000–29999,27315,"""Partial removal, thigh nerve""","""partial removal, thigh nerve"""
Category I,Surgery – Musculoskeletal,20000–29999,27320,"""Partial removal, thigh nerve""","""partial removal, thigh nerve"""
Category I,Surgery – Musculoskeletal,20000–29999,27323,"""Biopsy, thigh soft tissues""","""biopsy, thigh soft tissues"""
Category I,Surgery – Musculoskeletal,20000–29999,27324,"""Biopsy, thigh soft tissues""","""biopsy, thigh soft tissues"""
Category I,Surgery – Musculoskeletal,20000–29999,27327,Removal of thigh lesion,removal of thigh lesion
Category I,Surgery – Musculoskeletal,20000–29999,27328,Removal of thigh lesion,removal of thigh lesion
Category I,Surgery – Musculoskeletal,20000–29999,27329,"""Remove tumor, thigh/knee""","""remove tumor, thigh/knee"""
Category I,Surgery – Musculoskeletal,20000–29999,27330,"""Biopsy, knee joint lining""","""biopsy, knee joint lining"""
Category I,Surgery – Musculoskeletal,20000–29999,27331,Explore/treat knee joint,explore/treat knee joint
Category I,Surgery – Musculoskeletal,20000–29999,27332,Removal of knee cartilage,removal of knee cartilage
Category I,Surgery – Musculoskeletal,20000–29999,27333,Removal of knee cartilage,removal of knee cartilage
Category I,Surgery – Musculoskeletal,20000–29999,27334,Remove knee joint lining,remove knee joint lining
Category I,Surgery – Musculoskeletal,20000–29999,27335,Remove knee joint lining,remove knee joint lining
Category I,Surgery – Musculoskeletal,20000–29999,27340,Removal of kneecap bursa,removal of kneecap bursa
Category I,Surgery – Musculoskeletal,20000–29999,27345,Removal of knee cyst,removal of knee cyst
Category I,Surgery – Musculoskeletal,20000–29999,27347,Remove knee cyst,remove knee cyst
Category I,Surgery – Musculoskeletal,20000–29999,27350,Removal of kneecap,removal of kneecap
Category I,Surgery – Musculoskeletal,20000–29999,27355,Remove femur lesion,remove femur lesion
Category I,Surgery – Musculoskeletal,20000–29999,27356,Remove femur lesion/graft,remove femur lesion/graft
Category I,Surgery – Musculoskeletal,20000–29999,27357,Remove femur lesion/graft,remove femur lesion/graft
Category I,Surgery – Musculoskeletal,20000–29999,27358,Remove femur lesion/fixation,remove femur lesion/fixation
Category I,Surgery – Musculoskeletal,20000–29999,27360,"""Partial removal, leg bone(s)""","""partial removal, leg bone(s)"""
Category I,Surgery – Musculoskeletal,20000–29999,27365,Extensive leg surgery,extensive leg surgery
Category I,Surgery – Musculoskeletal,20000–29999,27370,Injection for knee x-ray,injection for knee x-ray
Category I,Surgery – Musculoskeletal,20000–29999,27372,Removal of foreign body,removal of foreign body
Category I,Surgery – Musculoskeletal,20000–29999,27380,Repair of kneecap tendon,repair of kneecap tendon
Category I,Surgery – Musculoskeletal,20000–29999,27381,Repair/graft kneecap tendon,repair/graft kneecap tendon
Category I,Surgery – Musculoskeletal,20000–29999,27385,Repair of thigh muscle,repair of thigh muscle
Category I,Surgery – Musculoskeletal,20000–29999,27386,Repair/graft of thigh muscle,repair/graft of thigh muscle
Category I,Surgery – Musculoskeletal,20000–29999,27390,Incision of thigh tendon,incision of thigh tendon
Category I,Surgery – Musculoskeletal,20000–29999,27391,Incision of thigh tendons,incision of thigh tendons
Category I,Surgery – Musculoskeletal,20000–29999,27392,Incision of thigh tendons,incision of thigh tendons
Category I,Surgery – Musculoskeletal,20000–29999,27393,Lengthening of thigh tendon,lengthening of thigh tendon
Category I,Surgery – Musculoskeletal,20000–29999,27394,Lengthening of thigh tendons,lengthening of thigh tendons
Category I,Surgery – Musculoskeletal,20000–29999,27395,Lengthening of thigh tendons,lengthening of thigh tendons
Category I,Surgery – Musculoskeletal,20000–29999,27396,Transplant of thigh tendon,transplant of thigh tendon
Category I,Surgery – Musculoskeletal,20000–29999,27397,Transplants of thigh tendons,transplants of thigh tendons
Category I,Surgery – Musculoskeletal,20000–29999,27400,Revise thigh muscles/tendons,revise thigh muscles/tendons
Category I,Surgery – Musculoskeletal,20000–29999,27403,Repair of knee cartilage,repair of knee cartilage
Category I,Surgery – Musculoskeletal,20000–29999,27405,Repair of knee ligament,repair of knee ligament
Category I,Surgery – Musculoskeletal,20000–29999,27407,Repair of knee ligament,repair of knee ligament
Category I,Surgery – Musculoskeletal,20000–29999,27409,Repair of knee ligaments,repair of knee ligaments
Category I,Surgery – Musculoskeletal,20000–29999,27412,Autochondrocyte implant knee,autochondrocyte implant knee
Category I,Surgery – Musculoskeletal,20000–29999,27415,Osteochondral knee allograft,osteochondral knee allograft
Category I,Surgery – Musculoskeletal,20000–29999,27418,Repair degenerated kneecap,repair degenerated kneecap
Category I,Surgery – Musculoskeletal,20000–29999,27420,Revision of unstable kneecap,revision of unstable kneecap
Category I,Surgery – Musculoskeletal,20000–29999,27422,Revision of unstable kneecap,revision of unstable kneecap
Category I,Surgery – Musculoskeletal,20000–29999,27424,Revision/removal of kneecap,revision/removal of kneecap
Category I,Surgery – Musculoskeletal,20000–29999,27425,Lat retinacular release open,lat retinacular release open
Category I,Surgery – Musculoskeletal,20000–29999,27427,"""Reconstruction, knee""","""reconstruction, knee"""
Category I,Surgery – Musculoskeletal,20000–29999,27428,"""Reconstruction, knee""","""reconstruction, knee"""
Category I,Surgery – Musculoskeletal,20000–29999,27429,"""Reconstruction, knee""","""reconstruction, knee"""
Category I,Surgery – Musculoskeletal,20000–29999,27430,Revision of thigh muscles,revision of thigh muscles
Category I,Surgery – Musculoskeletal,20000–29999,27435,Incision of knee joint,incision of knee joint
Category I,Surgery – Musculoskeletal,20000–29999,27437,Revise kneecap,revise kneecap
Category I,Surgery – Musculoskeletal,20000–29999,27438,Revise kneecap with implant,revise kneecap with implant
Category I,Surgery – Musculoskeletal,20000–29999,27440,Revision of knee joint,revision of knee joint
Category I,Surgery – Musculoskeletal,20000–29999,27441,Revision of knee joint,revision of knee joint
Category I,Surgery – Musculoskeletal,20000–29999,27442,Revision of knee joint,revision of knee joint
Category I,Surgery – Musculoskeletal,20000–29999,27443,Revision of knee joint,revision of knee joint
Category I,Surgery – Musculoskeletal,20000–29999,27445,Revision of knee joint,revision of knee joint
Category I,Surgery – Musculoskeletal,20000–29999,27446,Revision of knee joint,revision of knee joint
Category I,Surgery – Musculoskeletal,20000–29999,27447,Total knee arthroplasty,total knee arthroplasty
Category I,Surgery – Musculoskeletal,20000–29999,27448,Incision of thigh,incision of thigh
Category I,Surgery – Musculoskeletal,20000–29999,27450,Incision of thigh,incision of thigh
Category I,Surgery – Musculoskeletal,20000–29999,27454,Realignment of thigh bone,realignment of thigh bone
Category I,Surgery – Musculoskeletal,20000–29999,27455,Realignment of knee,realignment of knee
Category I,Surgery – Musculoskeletal,20000–29999,27457,Realignment of knee,realignment of knee
Category I,Surgery – Musculoskeletal,20000–29999,27465,Shortening of thigh bone,shortening of thigh bone
Category I,Surgery – Musculoskeletal,20000–29999,27466,Lengthening of thigh bone,lengthening of thigh bone
Category I,Surgery – Musculoskeletal,20000–29999,27468,Shorten/lengthen thighs,shorten/lengthen thighs
Category I,Surgery – Musculoskeletal,20000–29999,27470,Repair of thigh,repair of thigh
Category I,Surgery – Musculoskeletal,20000–29999,27472,Repair/graft of thigh,repair/graft of thigh
Category I,Surgery – Musculoskeletal,20000–29999,27475,Surgery to stop leg growth,surgery to stop leg growth
Category I,Surgery – Musculoskeletal,20000–29999,27477,Surgery to stop leg growth,surgery to stop leg growth
Category I,Surgery – Musculoskeletal,20000–29999,27479,Surgery to stop leg growth,surgery to stop leg growth
Category I,Surgery – Musculoskeletal,20000–29999,27485,Surgery to stop leg growth,surgery to stop leg growth
Category I,Surgery – Musculoskeletal,20000–29999,27486,Revise/replace knee joint,revise/replace knee joint
Category I,Surgery – Musculoskeletal,20000–29999,27487,Revise/replace knee joint,revise/replace knee joint
Category I,Surgery – Musculoskeletal,20000–29999,27488,Removal of knee prosthesis,removal of knee prosthesis
Category I,Surgery – Musculoskeletal,20000–29999,27495,Reinforce thigh,reinforce thigh
Category I,Surgery – Musculoskeletal,20000–29999,27496,Decompression of thigh/knee,decompression of thigh/knee
Category I,Surgery – Musculoskeletal,20000–29999,27497,Decompression of thigh/knee,decompression of thigh/knee
Category I,Surgery – Musculoskeletal,20000–29999,27498,Decompression of thigh/knee,decompression of thigh/knee
Category I,Surgery – Musculoskeletal,20000–29999,27499,Decompression of thigh/knee,decompression of thigh/knee
Category I,Surgery – Musculoskeletal,20000–29999,27500,Treatment of thigh fracture,treatment of thigh fracture
Category I,Surgery – Musculoskeletal,20000–29999,27501,Treatment of thigh fracture,treatment of thigh fracture
Category I,Surgery – Musculoskeletal,20000–29999,27502,Treatment of thigh fracture,treatment of thigh fracture
Category I,Surgery – Musculoskeletal,20000–29999,27503,Treatment of thigh fracture,treatment of thigh fracture
Category I,Surgery – Musculoskeletal,20000–29999,27506,Treatment of thigh fracture,treatment of thigh fracture
Category I,Surgery – Musculoskeletal,20000–29999,27507,Treatment of thigh fracture,treatment of thigh fracture
Category I,Surgery – Musculoskeletal,20000–29999,27508,Treatment of thigh fracture,treatment of thigh fracture
Category I,Surgery – Musculoskeletal,20000–29999,27509,Treatment of thigh fracture,treatment of thigh fracture
Category I,Surgery – Musculoskeletal,20000–29999,27510,Treatment of thigh fracture,treatment of thigh fracture
Category I,Surgery – Musculoskeletal,20000–29999,27511,Treatment of thigh fracture,treatment of thigh fracture
Category I,Surgery – Musculoskeletal,20000–29999,27513,Treatment of thigh fracture,treatment of thigh fracture
Category I,Surgery – Musculoskeletal,20000–29999,27514,Treatment of thigh fracture,treatment of thigh fracture
Category I,Surgery – Musculoskeletal,20000–29999,27516,Treat thigh fx growth plate,treat thigh fx growth plate
Category I,Surgery – Musculoskeletal,20000–29999,27517,Treat thigh fx growth plate,treat thigh fx growth plate
Category I,Surgery – Musculoskeletal,20000–29999,27519,Treat thigh fx growth plate,treat thigh fx growth plate
Category I,Surgery – Musculoskeletal,20000–29999,27520,Treat kneecap fracture,treat kneecap fracture
Category I,Surgery – Musculoskeletal,20000–29999,27524,Treat kneecap fracture,treat kneecap fracture
Category I,Surgery – Musculoskeletal,20000–29999,27530,Treat knee fracture,treat knee fracture
Category I,Surgery – Musculoskeletal,20000–29999,27532,Treat knee fracture,treat knee fracture
Category I,Surgery – Musculoskeletal,20000–29999,27535,Treat knee fracture,treat knee fracture
Category I,Surgery – Musculoskeletal,20000–29999,27536,Treat knee fracture,treat knee fracture
Category I,Surgery – Musculoskeletal,20000–29999,27538,Treat knee fracture(s),treat knee fracture(s)
Category I,Surgery – Musculoskeletal,20000–29999,27540,Treat knee fracture,treat knee fracture
Category I,Surgery – Musculoskeletal,20000–29999,27550,Treat knee dislocation,treat knee dislocation
Category I,Surgery – Musculoskeletal,20000–29999,27552,Treat knee dislocation,treat knee dislocation
Category I,Surgery – Musculoskeletal,20000–29999,27556,Treat knee dislocation,treat knee dislocation
Category I,Surgery – Musculoskeletal,20000–29999,27557,Treat knee dislocation,treat knee dislocation
Category I,Surgery – Musculoskeletal,20000–29999,27558,Treat knee dislocation,treat knee dislocation
Category I,Surgery – Musculoskeletal,20000–29999,27560,Treat kneecap dislocation,treat kneecap dislocation
Category I,Surgery – Musculoskeletal,20000–29999,27562,Treat kneecap dislocation,treat kneecap dislocation
Category I,Surgery – Musculoskeletal,20000–29999,27566,Treat kneecap dislocation,treat kneecap dislocation
Category I,Surgery – Musculoskeletal,20000–29999,27570,Fixation of knee joint,fixation of knee joint
Category I,Surgery – Musculoskeletal,20000–29999,27580,Fusion of knee,fusion of knee
Category I,Surgery – Musculoskeletal,20000–29999,27590,Amputate leg at thigh,amputate leg at thigh
Category I,Surgery – Musculoskeletal,20000–29999,27591,Amputate leg at thigh,amputate leg at thigh
Category I,Surgery – Musculoskeletal,20000–29999,27592,Amputate leg at thigh,amputate leg at thigh
Category I,Surgery – Musculoskeletal,20000–29999,27594,Amputation follow-up surgery,amputation follow-up surgery
Category I,Surgery – Musculoskeletal,20000–29999,27596,Amputation follow-up surgery,amputation follow-up surgery
Category I,Surgery – Musculoskeletal,20000–29999,27598,Amputate lower leg at knee,amputate lower leg at knee
Category I,Surgery – Musculoskeletal,20000–29999,27599,Leg surgery procedure,leg surgery procedure
Category I,Surgery – Musculoskeletal,20000–29999,27600,Decompression of lower leg,decompression of lower leg
Category I,Surgery – Musculoskeletal,20000–29999,27601,Decompression of lower leg,decompression of lower leg
Category I,Surgery – Musculoskeletal,20000–29999,27602,Decompression of lower leg,decompression of lower leg
Category I,Surgery – Musculoskeletal,20000–29999,27603,Drain lower leg lesion,drain lower leg lesion
Category I,Surgery – Musculoskeletal,20000–29999,27604,Drain lower leg bursa,drain lower leg bursa
Category I,Surgery – Musculoskeletal,20000–29999,27605,Incision of achilles tendon,incision of achilles tendon
Category I,Surgery – Musculoskeletal,20000–29999,27606,Incision of achilles tendon,incision of achilles tendon
Category I,Surgery – Musculoskeletal,20000–29999,27607,Treat lower leg bone lesion,treat lower leg bone lesion
Category I,Surgery – Musculoskeletal,20000–29999,27610,Explore/treat ankle joint,explore/treat ankle joint
Category I,Surgery – Musculoskeletal,20000–29999,27612,Exploration of ankle joint,exploration of ankle joint
Category I,Surgery – Musculoskeletal,20000–29999,27613,Biopsy lower leg soft tissue,biopsy lower leg soft tissue
Category I,Surgery – Musculoskeletal,20000–29999,27614,Biopsy lower leg soft tissue,biopsy lower leg soft tissue
Category I,Surgery – Musculoskeletal,20000–29999,27615,"""Remove tumor, lower leg""","""remove tumor, lower leg"""
Category I,Surgery – Musculoskeletal,20000–29999,27618,Remove lower leg lesion,remove lower leg lesion
Category I,Surgery – Musculoskeletal,20000–29999,27619,Remove lower leg lesion,remove lower leg lesion
Category I,Surgery – Musculoskeletal,20000–29999,27620,Explore/treat ankle joint,explore/treat ankle joint
Category I,Surgery – Musculoskeletal,20000–29999,27625,Remove ankle joint lining,remove ankle joint lining
Category I,Surgery – Musculoskeletal,20000–29999,27626,Remove ankle joint lining,remove ankle joint lining
Category I,Surgery – Musculoskeletal,20000–29999,27630,Removal of tendon lesion,removal of tendon lesion
Category I,Surgery – Musculoskeletal,20000–29999,27635,Remove lower leg bone lesion,remove lower leg bone lesion
Category I,Surgery – Musculoskeletal,20000–29999,27637,Remove/graft leg bone lesion,remove/graft leg bone lesion
Category I,Surgery – Musculoskeletal,20000–29999,27638,Remove/graft leg bone lesion,remove/graft leg bone lesion
Category I,Surgery – Musculoskeletal,20000–29999,27640,Partial removal of tibia,partial removal of tibia
Category I,Surgery – Musculoskeletal,20000–29999,27641,Partial removal of fibula,partial removal of fibula
Category I,Surgery – Musculoskeletal,20000–29999,27645,Extensive lower leg surgery,extensive lower leg surgery
Category I,Surgery – Musculoskeletal,20000–29999,27646,Extensive lower leg surgery,extensive lower leg surgery
Category I,Surgery – Musculoskeletal,20000–29999,27647,Extensive ankle/heel surgery,extensive ankle/heel surgery
Category I,Surgery – Musculoskeletal,20000–29999,27648,Injection for ankle x-ray,injection for ankle x-ray
Category I,Surgery – Musculoskeletal,20000–29999,27650,Repair achilles tendon,repair achilles tendon
Category I,Surgery – Musculoskeletal,20000–29999,27652,Repair/graft achilles tendon,repair/graft achilles tendon
Category I,Surgery – Musculoskeletal,20000–29999,27654,Repair of achilles tendon,repair of achilles tendon
Category I,Surgery – Musculoskeletal,20000–29999,27656,Repair leg fascia defect,repair leg fascia defect
Category I,Surgery – Musculoskeletal,20000–29999,27658,"""Repair of leg tendon, each""","""repair of leg tendon, each"""
Category I,Surgery – Musculoskeletal,20000–29999,27659,"""Repair of leg tendon, each""","""repair of leg tendon, each"""
Category I,Surgery – Musculoskeletal,20000–29999,27664,"""Repair of leg tendon, each""","""repair of leg tendon, each"""
Category I,Surgery – Musculoskeletal,20000–29999,27665,"""Repair of leg tendon, each""","""repair of leg tendon, each"""
Category I,Surgery – Musculoskeletal,20000–29999,27675,Repair lower leg tendons,repair lower leg tendons
Category I,Surgery – Musculoskeletal,20000–29999,27676,Repair lower leg tendons,repair lower leg tendons
Category I,Surgery – Musculoskeletal,20000–29999,27680,Release of lower leg tendon,release of lower leg tendon
Category I,Surgery – Musculoskeletal,20000–29999,27681,Release of lower leg tendons,release of lower leg tendons
Category I,Surgery – Musculoskeletal,20000–29999,27685,Revision of lower leg tendon,revision of lower leg tendon
Category I,Surgery – Musculoskeletal,20000–29999,27686,Revise lower leg tendons,revise lower leg tendons
Category I,Surgery – Musculoskeletal,20000–29999,27687,Revision of calf tendon,revision of calf tendon
Category I,Surgery – Musculoskeletal,20000–29999,27690,Revise lower leg tendon,revise lower leg tendon
Category I,Surgery – Musculoskeletal,20000–29999,27691,Revise lower leg tendon,revise lower leg tendon
Category I,Surgery – Musculoskeletal,20000–29999,27692,Revise additional leg tendon,revise additional leg tendon
Category I,Surgery – Musculoskeletal,20000–29999,27695,Repair of ankle ligament,repair of ankle ligament
Category I,Surgery – Musculoskeletal,20000–29999,27696,Repair of ankle ligaments,repair of ankle ligaments
Category I,Surgery – Musculoskeletal,20000–29999,27698,Repair of ankle ligament,repair of ankle ligament
Category I,Surgery – Musculoskeletal,20000–29999,27700,Revision of ankle joint,revision of ankle joint
Category I,Surgery – Musculoskeletal,20000–29999,27702,Reconstruct ankle joint,reconstruct ankle joint
Category I,Surgery – Musculoskeletal,20000–29999,27703,"""Reconstruction, ankle joint""","""reconstruction, ankle joint"""
Category I,Surgery – Musculoskeletal,20000–29999,27704,Removal of ankle implant,removal of ankle implant
Category I,Surgery – Musculoskeletal,20000–29999,27705,Incision of tibia,incision of tibia
Category I,Surgery – Musculoskeletal,20000–29999,27707,Incision of fibula,incision of fibula
Category I,Surgery – Musculoskeletal,20000–29999,27709,Incision of tibia & fibula,incision of tibia & fibula
Category I,Surgery – Musculoskeletal,20000–29999,27712,Realignment of lower leg,realignment of lower leg
Category I,Surgery – Musculoskeletal,20000–29999,27715,Revision of lower leg,revision of lower leg
Category I,Surgery – Musculoskeletal,20000–29999,27720,Repair of tibia,repair of tibia
Category I,Surgery – Musculoskeletal,20000–29999,27722,Repair/graft of tibia,repair/graft of tibia
Category I,Surgery – Musculoskeletal,20000–29999,27724,Repair/graft of tibia,repair/graft of tibia
Category I,Surgery – Musculoskeletal,20000–29999,27725,Repair of lower leg,repair of lower leg
Category I,Surgery – Musculoskeletal,20000–29999,27727,Repair of lower leg,repair of lower leg
Category I,Surgery – Musculoskeletal,20000–29999,27730,Repair of tibia epiphysis,repair of tibia epiphysis
Category I,Surgery – Musculoskeletal,20000–29999,27732,Repair of fibula epiphysis,repair of fibula epiphysis
Category I,Surgery – Musculoskeletal,20000–29999,27734,Repair lower leg epiphyses,repair lower leg epiphyses
Category I,Surgery – Musculoskeletal,20000–29999,27740,Repair of leg epiphyses,repair of leg epiphyses
Category I,Surgery – Musculoskeletal,20000–29999,27742,Repair of leg epiphyses,repair of leg epiphyses
Category I,Surgery – Musculoskeletal,20000–29999,27745,Reinforce tibia,reinforce tibia
Category I,Surgery – Musculoskeletal,20000–29999,27750,Treatment of tibia fracture,treatment of tibia fracture
Category I,Surgery – Musculoskeletal,20000–29999,27752,Treatment of tibia fracture,treatment of tibia fracture
Category I,Surgery – Musculoskeletal,20000–29999,27756,Treatment of tibia fracture,treatment of tibia fracture
Category I,Surgery – Musculoskeletal,20000–29999,27758,Treatment of tibia fracture,treatment of tibia fracture
Category I,Surgery – Musculoskeletal,20000–29999,27759,Treatment of tibia fracture,treatment of tibia fracture
Category I,Surgery – Musculoskeletal,20000–29999,27760,Treatment of ankle fracture,treatment of ankle fracture
Category I,Surgery – Musculoskeletal,20000–29999,27762,Treatment of ankle fracture,treatment of ankle fracture
Category I,Surgery – Musculoskeletal,20000–29999,27766,Treatment of ankle fracture,treatment of ankle fracture
Category I,Surgery – Musculoskeletal,20000–29999,27780,Treatment of fibula fracture,treatment of fibula fracture
Category I,Surgery – Musculoskeletal,20000–29999,27781,Treatment of fibula fracture,treatment of fibula fracture
Category I,Surgery – Musculoskeletal,20000–29999,27784,Treatment of fibula fracture,treatment of fibula fracture
Category I,Surgery – Musculoskeletal,20000–29999,27786,Treatment of ankle fracture,treatment of ankle fracture
Category I,Surgery – Musculoskeletal,20000–29999,27788,Treatment of ankle fracture,treatment of ankle fracture
Category I,Surgery – Musculoskeletal,20000–29999,27792,Treatment of ankle fracture,treatment of ankle fracture
Category I,Surgery – Musculoskeletal,20000–29999,27808,Treatment of ankle fracture,treatment of ankle fracture
Category I,Surgery – Musculoskeletal,20000–29999,27810,Treatment of ankle fracture,treatment of ankle fracture
Category I,Surgery – Musculoskeletal,20000–29999,27814,Treatment of ankle fracture,treatment of ankle fracture
Category I,Surgery – Musculoskeletal,20000–29999,27816,Treatment of ankle fracture,treatment of ankle fracture
Category I,Surgery – Musculoskeletal,20000–29999,27818,Treatment of ankle fracture,treatment of ankle fracture
Category I,Surgery – Musculoskeletal,20000–29999,27822,Treatment of ankle fracture,treatment of ankle fracture
Category I,Surgery – Musculoskeletal,20000–29999,27823,Treatment of ankle fracture,treatment of ankle fracture
Category I,Surgery – Musculoskeletal,20000–29999,27824,Treat lower leg fracture,treat lower leg fracture
Category I,Surgery – Musculoskeletal,20000–29999,27825,Treat lower leg fracture,treat lower leg fracture
Category I,Surgery – Musculoskeletal,20000–29999,27826,Treat lower leg fracture,treat lower leg fracture
Category I,Surgery – Musculoskeletal,20000–29999,27827,Treat lower leg fracture,treat lower leg fracture
Category I,Surgery – Musculoskeletal,20000–29999,27828,Treat lower leg fracture,treat lower leg fracture
Category I,Surgery – Musculoskeletal,20000–29999,27829,Treat lower leg joint,treat lower leg joint
Category I,Surgery – Musculoskeletal,20000–29999,27830,Treat lower leg dislocation,treat lower leg dislocation
Category I,Surgery – Musculoskeletal,20000–29999,27831,Treat lower leg dislocation,treat lower leg dislocation
Category I,Surgery – Musculoskeletal,20000–29999,27832,Treat lower leg dislocation,treat lower leg dislocation
Category I,Surgery – Musculoskeletal,20000–29999,27840,Treat ankle dislocation,treat ankle dislocation
Category I,Surgery – Musculoskeletal,20000–29999,27842,Treat ankle dislocation,treat ankle dislocation
Category I,Surgery – Musculoskeletal,20000–29999,27846,Treat ankle dislocation,treat ankle dislocation
Category I,Surgery – Musculoskeletal,20000–29999,27848,Treat ankle dislocation,treat ankle dislocation
Category I,Surgery – Musculoskeletal,20000–29999,27860,Fixation of ankle joint,fixation of ankle joint
Category I,Surgery – Musculoskeletal,20000–29999,27870,"""Fusion of ankle joint, open""","""fusion of ankle joint, open"""
Category I,Surgery – Musculoskeletal,20000–29999,27871,Fusion of tibiofibular joint,fusion of tibiofibular joint
Category I,Surgery – Musculoskeletal,20000–29999,27880,Amputation of lower leg,amputation of lower leg
Category I,Surgery – Musculoskeletal,20000–29999,27881,Amputation of lower leg,amputation of lower leg
Category I,Surgery – Musculoskeletal,20000–29999,27882,Amputation of lower leg,amputation of lower leg
Category I,Surgery – Musculoskeletal,20000–29999,27884,Amputation follow-up surgery,amputation follow-up surgery
Category I,Surgery – Musculoskeletal,20000–29999,27886,Amputation follow-up surgery,amputation follow-up surgery
Category I,Surgery – Musculoskeletal,20000–29999,27888,Amputation of foot at ankle,amputation of foot at ankle
Category I,Surgery – Musculoskeletal,20000–29999,27889,Amputation of foot at ankle,amputation of foot at ankle
Category I,Surgery – Musculoskeletal,20000–29999,27892,Decompression of leg,decompression of leg
Category I,Surgery – Musculoskeletal,20000–29999,27893,Decompression of leg,decompression of leg
Category I,Surgery – Musculoskeletal,20000–29999,27894,Decompression of leg,decompression of leg
Category I,Surgery – Musculoskeletal,20000–29999,27899,Leg/ankle surgery procedure,leg/ankle surgery procedure
Category I,Surgery – Musculoskeletal,20000–29999,28001,Drainage of bursa of foot,drainage of bursa of foot
Category I,Surgery – Musculoskeletal,20000–29999,28002,Treatment of foot infection,treatment of foot infection
Category I,Surgery – Musculoskeletal,20000–29999,28003,Treatment of foot infection,treatment of foot infection
Category I,Surgery – Musculoskeletal,20000–29999,28005,Treat foot bone lesion,treat foot bone lesion
Category I,Surgery – Musculoskeletal,20000–29999,28008,Incision of foot fascia,incision of foot fascia
Category I,Surgery – Musculoskeletal,20000–29999,28010,Incision of toe tendon,incision of toe tendon
Category I,Surgery – Musculoskeletal,20000–29999,28011,Incision of toe tendons,incision of toe tendons
Category I,Surgery – Musculoskeletal,20000–29999,28020,Exploration of foot joint,exploration of foot joint
Category I,Surgery – Musculoskeletal,20000–29999,28022,Exploration of foot joint,exploration of foot joint
Category I,Surgery – Musculoskeletal,20000–29999,28024,Exploration of toe joint,exploration of toe joint
Category I,Surgery – Musculoskeletal,20000–29999,28030,Removal of foot nerve,removal of foot nerve
Category I,Surgery – Musculoskeletal,20000–29999,28035,Decompression of tibia nerve,decompression of tibia nerve
Category I,Surgery – Musculoskeletal,20000–29999,28043,Excision of foot lesion,excision of foot lesion
Category I,Surgery – Musculoskeletal,20000–29999,28045,Excision of foot lesion,excision of foot lesion
Category I,Surgery – Musculoskeletal,20000–29999,28046,"""Resection of tumor, foot""","""resection of tumor, foot"""
Category I,Surgery – Musculoskeletal,20000–29999,28050,Biopsy of foot joint lining,biopsy of foot joint lining
Category I,Surgery – Musculoskeletal,20000–29999,28052,Biopsy of foot joint lining,biopsy of foot joint lining
Category I,Surgery – Musculoskeletal,20000–29999,28054,Biopsy of toe joint lining,biopsy of toe joint lining
Category I,Surgery – Musculoskeletal,20000–29999,28060,"""Partial removal, foot fascia""","""partial removal, foot fascia"""
Category I,Surgery – Musculoskeletal,20000–29999,28062,Removal of foot fascia,removal of foot fascia
Category I,Surgery – Musculoskeletal,20000–29999,28070,Removal of foot joint lining,removal of foot joint lining
Category I,Surgery – Musculoskeletal,20000–29999,28072,Removal of foot joint lining,removal of foot joint lining
Category I,Surgery – Musculoskeletal,20000–29999,28080,Removal of foot lesion,removal of foot lesion
Category I,Surgery – Musculoskeletal,20000–29999,28086,Excise foot tendon sheath,excise foot tendon sheath
Category I,Surgery – Musculoskeletal,20000–29999,28088,Excise foot tendon sheath,excise foot tendon sheath
Category I,Surgery – Musculoskeletal,20000–29999,28090,Removal of foot lesion,removal of foot lesion
Category I,Surgery – Musculoskeletal,20000–29999,28092,Removal of toe lesions,removal of toe lesions
Category I,Surgery – Musculoskeletal,20000–29999,28100,Removal of ankle/heel lesion,removal of ankle/heel lesion
Category I,Surgery – Musculoskeletal,20000–29999,28102,Remove/graft foot lesion,remove/graft foot lesion
Category I,Surgery – Musculoskeletal,20000–29999,28103,Remove/graft foot lesion,remove/graft foot lesion
Category I,Surgery – Musculoskeletal,20000–29999,28104,Removal of foot lesion,removal of foot lesion
Category I,Surgery – Musculoskeletal,20000–29999,28106,Remove/graft foot lesion,remove/graft foot lesion
Category I,Surgery – Musculoskeletal,20000–29999,28107,Remove/graft foot lesion,remove/graft foot lesion
Category I,Surgery – Musculoskeletal,20000–29999,28108,Removal of toe lesions,removal of toe lesions
Category I,Surgery – Musculoskeletal,20000–29999,28110,Part removal of metatarsal,part removal of metatarsal
Category I,Surgery – Musculoskeletal,20000–29999,28111,Part removal of metatarsal,part removal of metatarsal
Category I,Surgery – Musculoskeletal,20000–29999,28112,Part removal of metatarsal,part removal of metatarsal
Category I,Surgery – Musculoskeletal,20000–29999,28113,Part removal of metatarsal,part removal of metatarsal
Category I,Surgery – Musculoskeletal,20000–29999,28114,Removal of metatarsal heads,removal of metatarsal heads
Category I,Surgery – Musculoskeletal,20000–29999,28116,Revision of foot,revision of foot
Category I,Surgery – Musculoskeletal,20000–29999,28118,Removal of heel bone,removal of heel bone
Category I,Surgery – Musculoskeletal,20000–29999,28119,Removal of heel spur,removal of heel spur
Category I,Surgery – Musculoskeletal,20000–29999,28120,Part removal of ankle/heel,part removal of ankle/heel
Category I,Surgery – Musculoskeletal,20000–29999,28122,Partial removal of foot bone,partial removal of foot bone
Category I,Surgery – Musculoskeletal,20000–29999,28124,Partial removal of toe,partial removal of toe
Category I,Surgery – Musculoskeletal,20000–29999,28126,Partial removal of toe,partial removal of toe
Category I,Surgery – Musculoskeletal,20000–29999,28130,Removal of ankle bone,removal of ankle bone
Category I,Surgery – Musculoskeletal,20000–29999,28140,Removal of metatarsal,removal of metatarsal
Category I,Surgery – Musculoskeletal,20000–29999,28150,Removal of toe,removal of toe
Category I,Surgery – Musculoskeletal,20000–29999,28153,Partial removal of toe,partial removal of toe
Category I,Surgery – Musculoskeletal,20000–29999,28160,Partial removal of toe,partial removal of toe
Category I,Surgery – Musculoskeletal,20000–29999,28171,Extensive foot surgery,extensive foot surgery
Category I,Surgery – Musculoskeletal,20000–29999,28173,Extensive foot surgery,extensive foot surgery
Category I,Surgery – Musculoskeletal,20000–29999,28175,Extensive foot surgery,extensive foot surgery
Category I,Surgery – Musculoskeletal,20000–29999,28190,Removal of foot foreign body,removal of foot foreign body
Category I,Surgery – Musculoskeletal,20000–29999,28192,Removal of foot foreign body,removal of foot foreign body
Category I,Surgery – Musculoskeletal,20000–29999,28193,Removal of foot foreign body,removal of foot foreign body
Category I,Surgery – Musculoskeletal,20000–29999,28200,Repair of foot tendon,repair of foot tendon
Category I,Surgery – Musculoskeletal,20000–29999,28202,Repair/graft of foot tendon,repair/graft of foot tendon
Category I,Surgery – Musculoskeletal,20000–29999,28208,Repair of foot tendon,repair of foot tendon
Category I,Surgery – Musculoskeletal,20000–29999,28210,Repair/graft of foot tendon,repair/graft of foot tendon
Category I,Surgery – Musculoskeletal,20000–29999,28220,Release of foot tendon,release of foot tendon
Category I,Surgery – Musculoskeletal,20000–29999,28222,Release of foot tendons,release of foot tendons
Category I,Surgery – Musculoskeletal,20000–29999,28225,Release of foot tendon,release of foot tendon
Category I,Surgery – Musculoskeletal,20000–29999,28226,Release of foot tendons,release of foot tendons
Category I,Surgery – Musculoskeletal,20000–29999,28230,Incision of foot tendon(s),incision of foot tendon(s)
Category I,Surgery – Musculoskeletal,20000–29999,28232,Incision of toe tendon,incision of toe tendon
Category I,Surgery – Musculoskeletal,20000–29999,28234,Incision of foot tendon,incision of foot tendon
Category I,Surgery – Musculoskeletal,20000–29999,28238,Revision of foot tendon,revision of foot tendon
Category I,Surgery – Musculoskeletal,20000–29999,28240,Release of big toe,release of big toe
Category I,Surgery – Musculoskeletal,20000–29999,28250,Revision of foot fascia,revision of foot fascia
Category I,Surgery – Musculoskeletal,20000–29999,28260,Release of midfoot joint,release of midfoot joint
Category I,Surgery – Musculoskeletal,20000–29999,28261,Revision of foot tendon,revision of foot tendon
Category I,Surgery – Musculoskeletal,20000–29999,28262,Revision of foot and ankle,revision of foot and ankle
Category I,Surgery – Musculoskeletal,20000–29999,28264,Release of midfoot joint,release of midfoot joint
Category I,Surgery – Musculoskeletal,20000–29999,28270,Release of foot contracture,release of foot contracture
Category I,Surgery – Musculoskeletal,20000–29999,28272,"""Release of toe joint, each""","""release of toe joint, each"""
Category I,Surgery – Musculoskeletal,20000–29999,28280,Fusion of toes,fusion of toes
Category I,Surgery – Musculoskeletal,20000–29999,28285,Repair of hammertoe,repair of hammertoe
Category I,Surgery – Musculoskeletal,20000–29999,28286,Repair of hammertoe,repair of hammertoe
Category I,Surgery – Musculoskeletal,20000–29999,28288,Partial removal of foot bone,partial removal of foot bone
Category I,Surgery – Musculoskeletal,20000–29999,28289,Repair hallux rigidus,repair hallux rigidus
Category I,Surgery – Musculoskeletal,20000–29999,28290,Correction of bunion,correction of bunion
Category I,Surgery – Musculoskeletal,20000–29999,28292,Correction of bunion,correction of bunion
Category I,Surgery – Musculoskeletal,20000–29999,28293,Correction of bunion,correction of bunion
Category I,Surgery – Musculoskeletal,20000–29999,28294,Correction of bunion,correction of bunion
Category I,Surgery – Musculoskeletal,20000–29999,28296,Correction of bunion,correction of bunion
Category I,Surgery – Musculoskeletal,20000–29999,28297,Correction of bunion,correction of bunion
Category I,Surgery – Musculoskeletal,20000–29999,28298,Correction of bunion,correction of bunion
Category I,Surgery – Musculoskeletal,20000–29999,28299,Correction of bunion,correction of bunion
Category I,Surgery – Musculoskeletal,20000–29999,28300,Incision of heel bone,incision of heel bone
Category I,Surgery – Musculoskeletal,20000–29999,28302,Incision of ankle bone,incision of ankle bone
Category I,Surgery – Musculoskeletal,20000–29999,28304,Incision of midfoot bones,incision of midfoot bones
Category I,Surgery – Musculoskeletal,20000–29999,28305,Incise/graft midfoot bones,incise/graft midfoot bones
Category I,Surgery – Musculoskeletal,20000–29999,28306,Incision of metatarsal,incision of metatarsal
Category I,Surgery – Musculoskeletal,20000–29999,28307,Incision of metatarsal,incision of metatarsal
Category I,Surgery – Musculoskeletal,20000–29999,28308,Incision of metatarsal,incision of metatarsal
Category I,Surgery – Musculoskeletal,20000–29999,28309,Incision of metatarsals,incision of metatarsals
Category I,Surgery – Musculoskeletal,20000–29999,28310,Revision of big toe,revision of big toe
Category I,Surgery – Musculoskeletal,20000–29999,28312,Revision of toe,revision of toe
Category I,Surgery – Musculoskeletal,20000–29999,28313,Repair deformity of toe,repair deformity of toe
Category I,Surgery – Musculoskeletal,20000–29999,28315,Removal of sesamoid bone,removal of sesamoid bone
Category I,Surgery – Musculoskeletal,20000–29999,28320,Repair of foot bones,repair of foot bones
Category I,Surgery – Musculoskeletal,20000–29999,28322,Repair of metatarsals,repair of metatarsals
Category I,Surgery – Musculoskeletal,20000–29999,28340,Resect enlarged toe tissue,resect enlarged toe tissue
Category I,Surgery – Musculoskeletal,20000–29999,28341,Resect enlarged toe,resect enlarged toe
Category I,Surgery – Musculoskeletal,20000–29999,28344,Repair extra toe(s),repair extra toe(s)
Category I,Surgery – Musculoskeletal,20000–29999,28345,Repair webbed toe(s),repair webbed toe(s)
Category I,Surgery – Musculoskeletal,20000–29999,28360,Reconstruct cleft foot,reconstruct cleft foot
Category I,Surgery – Musculoskeletal,20000–29999,28400,Treatment of heel fracture,treatment of heel fracture
Category I,Surgery – Musculoskeletal,20000–29999,28405,Treatment of heel fracture,treatment of heel fracture
Category I,Surgery – Musculoskeletal,20000–29999,28406,Treatment of heel fracture,treatment of heel fracture
Category I,Surgery – Musculoskeletal,20000–29999,28415,Treat heel fracture,treat heel fracture
Category I,Surgery – Musculoskeletal,20000–29999,28420,Treat/graft heel fracture,treat/graft heel fracture
Category I,Surgery – Musculoskeletal,20000–29999,28430,Treatment of ankle fracture,treatment of ankle fracture
Category I,Surgery – Musculoskeletal,20000–29999,28435,Treatment of ankle fracture,treatment of ankle fracture
Category I,Surgery – Musculoskeletal,20000–29999,28436,Treatment of ankle fracture,treatment of ankle fracture
Category I,Surgery – Musculoskeletal,20000–29999,28445,Treat ankle fracture,treat ankle fracture
Category I,Surgery – Musculoskeletal,20000–29999,28450,"""Treat midfoot fracture, each""","""treat midfoot fracture, each"""
Category I,Surgery – Musculoskeletal,20000–29999,28455,"""Treat midfoot fracture, each""","""treat midfoot fracture, each"""
Category I,Surgery – Musculoskeletal,20000–29999,28456,Treat midfoot fracture,treat midfoot fracture
Category I,Surgery – Musculoskeletal,20000–29999,28465,"""Treat midfoot fracture, each""","""treat midfoot fracture, each"""
Category I,Surgery – Musculoskeletal,20000–29999,28470,Treat metatarsal fracture,treat metatarsal fracture
Category I,Surgery – Musculoskeletal,20000–29999,28475,Treat metatarsal fracture,treat metatarsal fracture
Category I,Surgery – Musculoskeletal,20000–29999,28476,Treat metatarsal fracture,treat metatarsal fracture
Category I,Surgery – Musculoskeletal,20000–29999,28485,Treat metatarsal fracture,treat metatarsal fracture
Category I,Surgery – Musculoskeletal,20000–29999,28490,Treat big toe fracture,treat big toe fracture
Category I,Surgery – Musculoskeletal,20000–29999,28495,Treat big toe fracture,treat big toe fracture
Category I,Surgery – Musculoskeletal,20000–29999,28496,Treat big toe fracture,treat big toe fracture
Category I,Surgery – Musculoskeletal,20000–29999,28505,Treat big toe fracture,treat big toe fracture
Category I,Surgery – Musculoskeletal,20000–29999,28510,Treatment of toe fracture,treatment of toe fracture
Category I,Surgery – Musculoskeletal,20000–29999,28515,Treatment of toe fracture,treatment of toe fracture
Category I,Surgery – Musculoskeletal,20000–29999,28525,Treat toe fracture,treat toe fracture
Category I,Surgery – Musculoskeletal,20000–29999,28530,Treat sesamoid bone fracture,treat sesamoid bone fracture
Category I,Surgery – Musculoskeletal,20000–29999,28531,Treat sesamoid bone fracture,treat sesamoid bone fracture
Category I,Surgery – Musculoskeletal,20000–29999,28540,Treat foot dislocation,treat foot dislocation
Category I,Surgery – Musculoskeletal,20000–29999,28545,Treat foot dislocation,treat foot dislocation
Category I,Surgery – Musculoskeletal,20000–29999,28546,Treat foot dislocation,treat foot dislocation
Category I,Surgery – Musculoskeletal,20000–29999,28555,Repair foot dislocation,repair foot dislocation
Category I,Surgery – Musculoskeletal,20000–29999,28570,Treat foot dislocation,treat foot dislocation
Category I,Surgery – Musculoskeletal,20000–29999,28575,Treat foot dislocation,treat foot dislocation
Category I,Surgery – Musculoskeletal,20000–29999,28576,Treat foot dislocation,treat foot dislocation
Category I,Surgery – Musculoskeletal,20000–29999,28585,Repair foot dislocation,repair foot dislocation
Category I,Surgery – Musculoskeletal,20000–29999,28600,Treat foot dislocation,treat foot dislocation
Category I,Surgery – Musculoskeletal,20000–29999,28605,Treat foot dislocation,treat foot dislocation
Category I,Surgery – Musculoskeletal,20000–29999,28606,Treat foot dislocation,treat foot dislocation
Category I,Surgery – Musculoskeletal,20000–29999,28615,Repair foot dislocation,repair foot dislocation
Category I,Surgery – Musculoskeletal,20000–29999,28630,Treat toe dislocation,treat toe dislocation
Category I,Surgery – Musculoskeletal,20000–29999,28635,Treat toe dislocation,treat toe dislocation
Category I,Surgery – Musculoskeletal,20000–29999,28636,Treat toe dislocation,treat toe dislocation
Category I,Surgery – Musculoskeletal,20000–29999,28645,Repair toe dislocation,repair toe dislocation
Category I,Surgery – Musculoskeletal,20000–29999,28660,Treat toe dislocation,treat toe dislocation
Category I,Surgery – Musculoskeletal,20000–29999,28665,Treat toe dislocation,treat toe dislocation
Category I,Surgery – Musculoskeletal,20000–29999,28666,Treat toe dislocation,treat toe dislocation
Category I,Surgery – Musculoskeletal,20000–29999,28675,Repair of toe dislocation,repair of toe dislocation
Category I,Surgery – Musculoskeletal,20000–29999,28705,Fusion of foot bones,fusion of foot bones
Category I,Surgery – Musculoskeletal,20000–29999,28715,Fusion of foot bones,fusion of foot bones
Category I,Surgery – Musculoskeletal,20000–29999,28725,Fusion of foot bones,fusion of foot bones
Category I,Surgery – Musculoskeletal,20000–29999,28730,Fusion of foot bones,fusion of foot bones
Category I,Surgery – Musculoskeletal,20000–29999,28735,Fusion of foot bones,fusion of foot bones
Category I,Surgery – Musculoskeletal,20000–29999,28737,Revision of foot bones,revision of foot bones
Category I,Surgery – Musculoskeletal,20000–29999,28740,Fusion of foot bones,fusion of foot bones
Category I,Surgery – Musculoskeletal,20000–29999,28750,Fusion of big toe joint,fusion of big toe joint
Category I,Surgery – Musculoskeletal,20000–29999,28755,Fusion of big toe joint,fusion of big toe joint
Category I,Surgery – Musculoskeletal,20000–29999,28760,Fusion of big toe joint,fusion of big toe joint
Category I,Surgery – Musculoskeletal,20000–29999,28800,Amputation of midfoot,amputation of midfoot
Category I,Surgery – Musculoskeletal,20000–29999,28805,Amputation thru metatarsal,amputation thru metatarsal
Category I,Surgery – Musculoskeletal,20000–29999,28810,Amputation toe & metatarsal,amputation toe & metatarsal
Category I,Surgery – Musculoskeletal,20000–29999,28820,Amputation of toe,amputation of toe
Category I,Surgery – Musculoskeletal,20000–29999,28825,Partial amputation of toe,partial amputation of toe
Category I,Surgery – Musculoskeletal,20000–29999,28899,Foot/toes surgery procedure,foot/toes surgery procedure
Category I,Surgery – Musculoskeletal,20000–29999,29000,Application of body cast,application of body cast
Category I,Surgery – Musculoskeletal,20000–29999,29010,Application of body cast,application of body cast
Category I,Surgery – Musculoskeletal,20000–29999,29015,Application of body cast,application of body cast
Category I,Surgery – Musculoskeletal,20000–29999,29020,Application of body cast,application of body cast
Category I,Surgery – Musculoskeletal,20000–29999,29025,Application of body cast,application of body cast
Category I,Surgery – Musculoskeletal,20000–29999,29035,Application of body cast,application of body cast
Category I,Surgery – Musculoskeletal,20000–29999,29040,Application of body cast,application of body cast
Category I,Surgery – Musculoskeletal,20000–29999,29044,Application of body cast,application of body cast
Category I,Surgery – Musculoskeletal,20000–29999,29046,Application of body cast,application of body cast
Category I,Surgery – Musculoskeletal,20000–29999,29049,Application of figure eight,application of figure eight
Category I,Surgery – Musculoskeletal,20000–29999,29055,Application of shoulder cast,application of shoulder cast
Category I,Surgery – Musculoskeletal,20000–29999,29058,Application of shoulder cast,application of shoulder cast
Category I,Surgery – Musculoskeletal,20000–29999,29065,Application of long arm cast,application of long arm cast
Category I,Surgery – Musculoskeletal,20000–29999,29075,Application of forearm cast,application of forearm cast
Category I,Surgery – Musculoskeletal,20000–29999,29085,Apply hand/wrist cast,apply hand/wrist cast
Category I,Surgery – Musculoskeletal,20000–29999,29086,Apply finger cast,apply finger cast
Category I,Surgery – Musculoskeletal,20000–29999,29105,Apply long arm splint,apply long arm splint
Category I,Surgery – Musculoskeletal,20000–29999,29125,Apply forearm splint,apply forearm splint
Category I,Surgery – Musculoskeletal,20000–29999,29126,Apply forearm splint,apply forearm splint
Category I,Surgery – Musculoskeletal,20000–29999,29130,Application of finger splint,application of finger splint
Category I,Surgery – Musculoskeletal,20000–29999,29131,Application of finger splint,application of finger splint
Category I,Surgery – Musculoskeletal,20000–29999,29200,Strapping of chest,strapping of chest
Category I,Surgery – Musculoskeletal,20000–29999,29220,Strapping of low back,strapping of low back
Category I,Surgery – Musculoskeletal,20000–29999,29240,Strapping of shoulder,strapping of shoulder
Category I,Surgery – Musculoskeletal,20000–29999,29260,Strapping of elbow or wrist,strapping of elbow or wrist
Category I,Surgery – Musculoskeletal,20000–29999,29280,Strapping of hand or finger,strapping of hand or finger
Category I,Surgery – Musculoskeletal,20000–29999,29305,Application of hip cast,application of hip cast
Category I,Surgery – Musculoskeletal,20000–29999,29325,Application of hip casts,application of hip casts
Category I,Surgery – Musculoskeletal,20000–29999,29345,Application of long leg cast,application of long leg cast
Category I,Surgery – Musculoskeletal,20000–29999,29355,Application of long leg cast,application of long leg cast
Category I,Surgery – Musculoskeletal,20000–29999,29358,Apply long leg cast brace,apply long leg cast brace
Category I,Surgery – Musculoskeletal,20000–29999,29365,Application of long leg cast,application of long leg cast
Category I,Surgery – Musculoskeletal,20000–29999,29405,Apply short leg cast,apply short leg cast
Category I,Surgery – Musculoskeletal,20000–29999,29425,Apply short leg cast,apply short leg cast
Category I,Surgery – Musculoskeletal,20000–29999,29435,Apply short leg cast,apply short leg cast
Category I,Surgery – Musculoskeletal,20000–29999,29440,Addition of walker to cast,addition of walker to cast
Category I,Surgery – Musculoskeletal,20000–29999,29445,Apply rigid leg cast,apply rigid leg cast
Category I,Surgery – Musculoskeletal,20000–29999,29450,Application of leg cast,application of leg cast
Category I,Surgery – Musculoskeletal,20000–29999,29505,"""Application, long leg splint""","""application, long leg splint"""
Category I,Surgery – Musculoskeletal,20000–29999,29515,Application lower leg splint,application lower leg splint
Category I,Surgery – Musculoskeletal,20000–29999,29520,Strapping of hip,strapping of hip
Category I,Surgery – Musculoskeletal,20000–29999,29530,Strapping of knee,strapping of knee
Category I,Surgery – Musculoskeletal,20000–29999,29540,Strapping of ankle and/or ft,strapping of ankle and/or ft
Category I,Surgery – Musculoskeletal,20000–29999,29550,Strapping of toes,strapping of toes
Category I,Surgery – Musculoskeletal,20000–29999,29580,Application of paste boot,application of paste boot
Category I,Surgery – Musculoskeletal,20000–29999,29590,Application of foot splint,application of foot splint
Category I,Surgery – Musculoskeletal,20000–29999,29700,Removal/revision of cast,removal/revision of cast
Category I,Surgery – Musculoskeletal,20000–29999,29705,Removal/revision of cast,removal/revision of cast
Category I,Surgery – Musculoskeletal,20000–29999,29710,Removal/revision of cast,removal/revision of cast
Category I,Surgery – Musculoskeletal,20000–29999,29715,Removal/revision of cast,removal/revision of cast
Category I,Surgery – Musculoskeletal,20000–29999,29720,Repair of body cast,repair of body cast
Category I,Surgery – Musculoskeletal,20000–29999,29730,Windowing of cast,windowing of cast
Category I,Surgery – Musculoskeletal,20000–29999,29740,Wedging of cast,wedging of cast
Category I,Surgery – Musculoskeletal,20000–29999,29750,Wedging of clubfoot cast,wedging of clubfoot cast
Category I,Surgery – Musculoskeletal,20000–29999,29799,Casting/strapping procedure,casting/strapping procedure
Category I,Surgery – Musculoskeletal,20000–29999,29800,Jaw arthroscopy/surgery,jaw arthroscopy/surgery
Category I,Surgery – Musculoskeletal,20000–29999,29804,Jaw arthroscopy/surgery,jaw arthroscopy/surgery
Category I,Surgery – Musculoskeletal,20000–29999,29805,"""Shoulder arthroscopy, dx""","""shoulder arthroscopy, dx"""
Category I,Surgery – Musculoskeletal,20000–29999,29806,Shoulder arthroscopy/surgery,shoulder arthroscopy/surgery
Category I,Surgery – Musculoskeletal,20000–29999,29807,Shoulder arthroscopy/surgery,shoulder arthroscopy/surgery
Category I,Surgery – Musculoskeletal,20000–29999,29819,Shoulder arthroscopy/surgery,shoulder arthroscopy/surgery
Category I,Surgery – Musculoskeletal,20000–29999,29820,Shoulder arthroscopy/surgery,shoulder arthroscopy/surgery
Category I,Surgery – Musculoskeletal,20000–29999,29821,Shoulder arthroscopy/surgery,shoulder arthroscopy/surgery
Category I,Surgery – Musculoskeletal,20000–29999,29822,Shoulder arthroscopy/surgery,shoulder arthroscopy/surgery
Category I,Surgery – Musculoskeletal,20000–29999,29823,Shoulder arthroscopy/surgery,shoulder arthroscopy/surgery
Category I,Surgery – Musculoskeletal,20000–29999,29824,Shoulder arthroscopy/surgery,shoulder arthroscopy/surgery
Category I,Surgery – Musculoskeletal,20000–29999,29825,Shoulder arthroscopy/surgery,shoulder arthroscopy/surgery
Category I,Surgery – Musculoskeletal,20000–29999,29826,Shoulder arthroscopy/surgery,shoulder arthroscopy/surgery
Category I,Surgery – Musculoskeletal,20000–29999,29827,Arthroscop rotator cuff repr,arthroscop rotator cuff repr
Category I,Surgery – Musculoskeletal,20000–29999,29830,Elbow arthroscopy,elbow arthroscopy
Category I,Surgery – Musculoskeletal,20000–29999,29834,Elbow arthroscopy/surgery,elbow arthroscopy/surgery
Category I,Surgery – Musculoskeletal,20000–29999,29835,Elbow arthroscopy/surgery,elbow arthroscopy/surgery
Category I,Surgery – Musculoskeletal,20000–29999,29836,Elbow arthroscopy/surgery,elbow arthroscopy/surgery
Category I,Surgery – Musculoskeletal,20000–29999,29837,Elbow arthroscopy/surgery,elbow arthroscopy/surgery
Category I,Surgery – Musculoskeletal,20000–29999,29838,Elbow arthroscopy/surgery,elbow arthroscopy/surgery
Category I,Surgery – Musculoskeletal,20000–29999,29840,Wrist arthroscopy,wrist arthroscopy
Category I,Surgery – Musculoskeletal,20000–29999,29843,Wrist arthroscopy/surgery,wrist arthroscopy/surgery
Category I,Surgery – Musculoskeletal,20000–29999,29844,Wrist arthroscopy/surgery,wrist arthroscopy/surgery
Category I,Surgery – Musculoskeletal,20000–29999,29845,Wrist arthroscopy/surgery,wrist arthroscopy/surgery
Category I,Surgery – Musculoskeletal,20000–29999,29846,Wrist arthroscopy/surgery,wrist arthroscopy/surgery
Category I,Surgery – Musculoskeletal,20000–29999,29847,Wrist arthroscopy/surgery,wrist arthroscopy/surgery
Category I,Surgery – Musculoskeletal,20000–29999,29848,Wrist endoscopy/surgery,wrist endoscopy/surgery
Category I,Surgery – Musculoskeletal,20000–29999,29850,Knee arthroscopy/surgery,knee arthroscopy/surgery
Category I,Surgery – Musculoskeletal,20000–29999,29851,Knee arthroscopy/surgery,knee arthroscopy/surgery
Category I,Surgery – Musculoskeletal,20000–29999,29855,Tibial arthroscopy/surgery,tibial arthroscopy/surgery
Category I,Surgery – Musculoskeletal,20000–29999,29856,Tibial arthroscopy/surgery,tibial arthroscopy/surgery
Category I,Surgery – Musculoskeletal,20000–29999,29860,"""Hip arthroscopy, dx""","""hip arthroscopy, dx"""
Category I,Surgery – Musculoskeletal,20000–29999,29861,Hip arthroscopy/surgery,hip arthroscopy/surgery
Category I,Surgery – Musculoskeletal,20000–29999,29862,Hip arthroscopy/surgery,hip arthroscopy/surgery
Category I,Surgery – Musculoskeletal,20000–29999,29863,Hip arthroscopy/surgery,hip arthroscopy/surgery
Category I,Surgery – Musculoskeletal,20000–29999,29866,"""Autgrft implnt, knee w/scope""","""autgrft implnt, knee w/scope"""
Category I,Surgery – Musculoskeletal,20000–29999,29867,"""Allgrft implnt, knee w/scope""","""allgrft implnt, knee w/scope"""
Category I,Surgery – Musculoskeletal,20000–29999,29868,"""Meniscal trnspl, knee w/scpe""","""meniscal trnspl, knee w/scpe"""
Category I,Surgery – Musculoskeletal,20000–29999,29870,"""Knee arthroscopy, dx""","""knee arthroscopy, dx"""
Category I,Surgery – Musculoskeletal,20000–29999,29871,Knee arthroscopy/drainage,knee arthroscopy/drainage
Category I,Surgery – Musculoskeletal,20000–29999,29873,Knee arthroscopy/surgery,knee arthroscopy/surgery
Category I,Surgery – Musculoskeletal,20000–29999,29874,Knee arthroscopy/surgery,knee arthroscopy/surgery
Category I,Surgery – Musculoskeletal,20000–29999,29875,Knee arthroscopy/surgery,knee arthroscopy/surgery
Category I,Surgery – Musculoskeletal,20000–29999,29876,Knee arthroscopy/surgery,knee arthroscopy/surgery
Category I,Surgery – Musculoskeletal,20000–29999,29877,Knee arthroscopy/surgery,knee arthroscopy/surgery
Category I,Surgery – Musculoskeletal,20000–29999,29879,Knee arthroscopy/surgery,knee arthroscopy/surgery
Category I,Surgery – Musculoskeletal,20000–29999,29880,Knee arthroscopy/surgery,knee arthroscopy/surgery
Category I,Surgery – Musculoskeletal,20000–29999,29881,Knee arthroscopy/surgery,knee arthroscopy/surgery
Category I,Surgery – Musculoskeletal,20000–29999,29882,Knee arthroscopy/surgery,knee arthroscopy/surgery
Category I,Surgery – Musculoskeletal,20000–29999,29883,Knee arthroscopy/surgery,knee arthroscopy/surgery
Category I,Surgery – Musculoskeletal,20000–29999,29884,Knee arthroscopy/surgery,knee arthroscopy/surgery
Category I,Surgery – Musculoskeletal,20000–29999,29885,Knee arthroscopy/surgery,knee arthroscopy/surgery
Category I,Surgery – Musculoskeletal,20000–29999,29886,Knee arthroscopy/surgery,knee arthroscopy/surgery
Category I,Surgery – Musculoskeletal,20000–29999,29887,Knee arthroscopy/surgery,knee arthroscopy/surgery
Category I,Surgery – Musculoskeletal,20000–29999,29888,Knee arthroscopy/surgery,knee arthroscopy/surgery
Category I,Surgery – Musculoskeletal,20000–29999,29889,Knee arthroscopy/surgery,knee arthroscopy/surgery
Category I,Surgery – Musculoskeletal,20000–29999,29891,Ankle arthroscopy/surgery,ankle arthroscopy/surgery
Category I,Surgery – Musculoskeletal,20000–29999,29892,Ankle arthroscopy/surgery,ankle arthroscopy/surgery
Category I,Surgery – Musculoskeletal,20000–29999,29893,"""Scope, plantar fasciotomy""","""scope, plantar fasciotomy"""
Category I,Surgery – Musculoskeletal,20000–29999,29894,Ankle arthroscopy/surgery,ankle arthroscopy/surgery
Category I,Surgery – Musculoskeletal,20000–29999,29895,Ankle arthroscopy/surgery,ankle arthroscopy/surgery
Category I,Surgery – Musculoskeletal,20000–29999,29897,Ankle arthroscopy/surgery,ankle arthroscopy/surgery
Category I,Surgery – Musculoskeletal,20000–29999,29898,Ankle arthroscopy/surgery,ankle arthroscopy/surgery
Category I,Surgery – Musculoskeletal,20000–29999,29899,Ankle arthroscopy/surgery,ankle arthroscopy/surgery
Category I,Surgery – Musculoskeletal,20000–29999,29900,"""Mcp joint arthroscopy, dx""","""mcp joint arthroscopy, dx"""
Category I,Surgery – Musculoskeletal,20000–29999,29901,"""Mcp joint arthroscopy, surg""","""mcp joint arthroscopy, surg"""
Category I,Surgery – Musculoskeletal,20000–29999,29902,"""Mcp joint arthroscopy, surg""","""mcp joint arthroscopy, surg"""
Category I,Surgery – Musculoskeletal,20000–29999,29999,Arthroscopy of joint,arthroscopy of joint
Category I,Surgery – Respiratory/Cardiovascular,30000–39999,30000,Drainage of nose lesion,drainage of nose lesion
Category I,Surgery – Respiratory/Cardiovascular,30000–39999,30020,Drainage of nose lesion,drainage of nose lesion
Category I,Surgery – Respiratory/Cardiovascular,30000–39999,30100,Intranasal biopsy,intranasal biopsy
Category I,Surgery – Respiratory/Cardiovascular,30000–39999,30110,Removal of nose polyp(s),removal of nose polyp(s)
Category I,Surgery – Respiratory/Cardiovascular,30000–39999,30115,Removal of nose polyp(s),removal of nose polyp(s)
Category I,Surgery – Respiratory/Cardiovascular,30000–39999,30117,Removal of intranasal lesion,removal of intranasal lesion
Category I,Surgery – Respiratory/Cardiovascular,30000–39999,30118,Removal of intranasal lesion,removal of intranasal lesion
Category I,Surgery – Respiratory/Cardiovascular,30000–39999,30120,Revision of nose,revision of nose
Category I,Surgery – Respiratory/Cardiovascular,30000–39999,30124,Removal of nose lesion,removal of nose lesion
Category I,Surgery – Respiratory/Cardiovascular,30000–39999,30125,Removal of nose lesion,removal of nose lesion
Category I,Surgery – Respiratory/Cardiovascular,30000–39999,30130,Removal of turbinate bones,removal of turbinate bones
Category I,Surgery – Respiratory/Cardiovascular,30000–39999,30140,Removal of turbinate bones,removal of turbinate bones
Category I,Surgery – Respiratory/Cardiovascular,30000–39999,30150,Partial removal of nose,partial removal of nose
Category I,Surgery – Respiratory/Cardiovascular,30000–39999,30160,Removal of nose,removal of nose
Category I,Surgery – Respiratory/Cardiovascular,30000–39999,30200,Injection treatment of nose,injection treatment of nose
Category I,Surgery – Respiratory/Cardiovascular,30000–39999,30210,Nasal sinus therapy,nasal sinus therapy
Category I,Surgery – Respiratory/Cardiovascular,30000–39999,30220,Insert nasal septal button,insert nasal septal button
Category I,Surgery – Respiratory/Cardiovascular,30000–39999,30300,Remove nasal foreign body,remove nasal foreign body
Category I,Surgery – Respiratory/Cardiovascular,30000–39999,30310,Remove nasal foreign body,remove nasal foreign body
Category I,Surgery – Respiratory/Cardiovascular,30000–39999,30320,Remove nasal foreign body,remove nasal foreign body
Category I,Surgery – Respiratory/Cardiovascular,30000–39999,30400,Reconstruction of nose,reconstruction of nose
Category I,Surgery – Respiratory/Cardiovascular,30000–39999,30410,Reconstruction of nose,reconstruction of nose
Category I,Surgery – Respiratory/Cardiovascular,30000–39999,30420,Reconstruction of nose,reconstruction of nose
Category I,Surgery – Respiratory/Cardiovascular,30000–39999,30430,Revision of nose,revision of nose
Category I,Surgery – Respiratory/Cardiovascular,30000–39999,30435,Revision of nose,revision of nose
Category I,Surgery – Respiratory/Cardiovascular,30000–39999,30450,Revision of nose,revision of nose
Category I,Surgery – Respiratory/Cardiovascular,30000–39999,30460,Revision of nose,revision of nose
Category I,Surgery – Respiratory/Cardiovascular,30000–39999,30462,Revision of nose,revision of nose
Category I,Surgery – Respiratory/Cardiovascular,30000–39999,30465,Repair nasal stenosis,repair nasal stenosis
Category I,Surgery – Respiratory/Cardiovascular,30000–39999,30520,Repair of nasal septum,repair of nasal septum
Category I,Surgery – Respiratory/Cardiovascular,30000–39999,30540,Repair nasal defect,repair nasal defect
Category I,Surgery – Respiratory/Cardiovascular,30000–39999,30545,Repair nasal defect,repair nasal defect
Category I,Surgery – Respiratory/Cardiovascular,30000–39999,30560,Release of nasal adhesions,release of nasal adhesions
Category I,Surgery – Respiratory/Cardiovascular,30000–39999,30580,Repair upper jaw fistula,repair upper jaw fistula
Category I,Surgery – Respiratory/Cardiovascular,30000–39999,30600,Repair mouth/nose fistula,repair mouth/nose fistula
Category I,Surgery – Respiratory/Cardiovascular,30000–39999,30620,Intranasal reconstruction,intranasal reconstruction
Category I,Surgery – Respiratory/Cardiovascular,30000–39999,30630,Repair nasal septum defect,repair nasal septum defect
Category I,Surgery – Respiratory/Cardiovascular,30000–39999,30801,"""Cauterization, inner nose""","""cauterization, inner nose"""
Category I,Surgery – Respiratory/Cardiovascular,30000–39999,30802,"""Cauterization, inner nose""","""cauterization, inner nose"""
Category I,Surgery – Respiratory/Cardiovascular,30000–39999,30901,Control of nosebleed,control of nosebleed
Category I,Surgery – Respiratory/Cardiovascular,30000–39999,30903,Control of nosebleed,control of nosebleed
Category I,Surgery – Respiratory/Cardiovascular,30000–39999,30905,Control of nosebleed,control of nosebleed
Category I,Surgery – Respiratory/Cardiovascular,30000–39999,30906,Repeat control of nosebleed,repeat control of nosebleed
Category I,Surgery – Respiratory/Cardiovascular,30000–39999,30915,"""Ligation, nasal sinus artery""","""ligation, nasal sinus artery"""
Category I,Surgery – Respiratory/Cardiovascular,30000–39999,30920,"""Ligation, upper jaw artery""","""ligation, upper jaw artery"""
Category I,Surgery – Respiratory/Cardiovascular,30000–39999,30930,"""Therapy, fracture of nose""","""therapy, fracture of nose"""
Category I,Surgery – Respiratory/Cardiovascular,30000–39999,30999,Nasal surgery procedure,nasal surgery procedure
Category I,Surgery – Respiratory/Cardiovascular,30000–39999,31000,"""Irrigation, maxillary sinus""","""irrigation, maxillary sinus"""
Category I,Surgery – Respiratory/Cardiovascular,30000–39999,31002,"""Irrigation, sphenoid sinus""","""irrigation, sphenoid sinus"""
Category I,Surgery – Respiratory/Cardiovascular,30000–39999,31020,"""Exploration, maxillary sinus""","""exploration, maxillary sinus"""
Category I,Surgery – Respiratory/Cardiovascular,30000–39999,31030,"""Exploration, maxillary sinus""","""exploration, maxillary sinus"""
Category I,Surgery – Respiratory/Cardiovascular,30000–39999,31032,"""Explore sinus, remove polyps""","""explore sinus, remove polyps"""
Category I,Surgery – Respiratory/Cardiovascular,30000–39999,31040,Exploration behind upper jaw,exploration behind upper jaw
Category I,Surgery – Respiratory/Cardiovascular,30000–39999,31050,"""Exploration, sphenoid sinus""","""exploration, sphenoid sinus"""
Category I,Surgery – Respiratory/Cardiovascular,30000–39999,31051,Sphenoid sinus surgery,sphenoid sinus surgery
Category I,Surgery – Respiratory/Cardiovascular,30000–39999,31070,Exploration of frontal sinus,exploration of frontal sinus
Category I,Surgery – Respiratory/Cardiovascular,30000–39999,31075,Exploration of frontal sinus,exploration of frontal sinus
Category I,Surgery – Respiratory/Cardiovascular,30000–39999,31080,Removal of frontal sinus,removal of frontal sinus
Category I,Surgery – Respiratory/Cardiovascular,30000–39999,31081,Removal of frontal sinus,removal of frontal sinus
Category I,Surgery – Respiratory/Cardiovascular,30000–39999,31084,Removal of frontal sinus,removal of frontal sinus
Category I,Surgery – Respiratory/Cardiovascular,30000–39999,31085,Removal of frontal sinus,removal of frontal sinus
Category I,Surgery – Respiratory/Cardiovascular,30000–39999,31086,Removal of frontal sinus,removal of frontal sinus
Category I,Surgery – Respiratory/Cardiovascular,30000–39999,31087,Removal of frontal sinus,removal of frontal sinus
Category I,Surgery – Respiratory/Cardiovascular,30000–39999,31090,Exploration of sinuses,exploration of sinuses
Category I,Surgery – Respiratory/Cardiovascular,30000–39999,31200,Removal of ethmoid sinus,removal of ethmoid sinus
Category I,Surgery – Respiratory/Cardiovascular,30000–39999,31201,Removal of ethmoid sinus,removal of ethmoid sinus
Category I,Surgery – Respiratory/Cardiovascular,30000–39999,31205,Removal of ethmoid sinus,removal of ethmoid sinus
Category I,Surgery – Respiratory/Cardiovascular,30000–39999,31225,Removal of upper jaw,removal of upper jaw
Category I,Surgery – Respiratory/Cardiovascular,30000–39999,31230,Removal of upper jaw,removal of upper jaw
Category I,Surgery – Respiratory/Cardiovascular,30000–39999,31231,"""Nasal endoscopy, dx""","""nasal endoscopy, dx"""
Category I,Surgery – Respiratory/Cardiovascular,30000–39999,31233,"""Nasal/sinus endoscopy, dx""","""nasal/sinus endoscopy, dx"""
Category I,Surgery – Respiratory/Cardiovascular,30000–39999,31235,"""Nasal/sinus endoscopy, dx""","""nasal/sinus endoscopy, dx"""
Category I,Surgery – Respiratory/Cardiovascular,30000–39999,31237,"""Nasal/sinus endoscopy, surg""","""nasal/sinus endoscopy, surg"""
Category I,Surgery – Respiratory/Cardiovascular,30000–39999,31238,"""Nasal/sinus endoscopy, surg""","""nasal/sinus endoscopy, surg"""
Category I,Surgery – Respiratory/Cardiovascular,30000–39999,31239,"""Nasal/sinus endoscopy, surg""","""nasal/sinus endoscopy, surg"""
Category I,Surgery – Respiratory/Cardiovascular,30000–39999,31240,"""Nasal/sinus endoscopy, surg""","""nasal/sinus endoscopy, surg"""
Category I,Surgery – Respiratory/Cardiovascular,30000–39999,31254,Revision of ethmoid sinus,revision of ethmoid sinus
Category I,Surgery – Respiratory/Cardiovascular,30000–39999,31255,Removal of ethmoid sinus,removal of ethmoid sinus
Category I,Surgery – Respiratory/Cardiovascular,30000–39999,31256,Exploration maxillary sinus,exploration maxillary sinus
Category I,Surgery – Respiratory/Cardiovascular,30000–39999,31267,"""Endoscopy, maxillary sinus""","""endoscopy, maxillary sinus"""
Category I,Surgery – Respiratory/Cardiovascular,30000–39999,31276,"""Sinus endoscopy, surgical""","""sinus endoscopy, surgical"""
Category I,Surgery – Respiratory/Cardiovascular,30000–39999,31287,"""Nasal/sinus endoscopy, surg""","""nasal/sinus endoscopy, surg"""
Category I,Surgery – Respiratory/Cardiovascular,30000–39999,31288,"""Nasal/sinus endoscopy, surg""","""nasal/sinus endoscopy, surg"""
Category I,Surgery – Respiratory/Cardiovascular,30000–39999,31290,"""Nasal/sinus endoscopy, surg""","""nasal/sinus endoscopy, surg"""
Category I,Surgery – Respiratory/Cardiovascular,30000–39999,31291,"""Nasal/sinus endoscopy, surg""","""nasal/sinus endoscopy, surg"""
Category I,Surgery – Respiratory/Cardiovascular,30000–39999,31292,"""Nasal/sinus endoscopy, surg""","""nasal/sinus endoscopy, surg"""
Category I,Surgery – Respiratory/Cardiovascular,30000–39999,31293,"""Nasal/sinus endoscopy, surg""","""nasal/sinus endoscopy, surg"""
Category I,Surgery – Respiratory/Cardiovascular,30000–39999,31294,"""Nasal/sinus endoscopy, surg""","""nasal/sinus endoscopy, surg"""
Category I,Surgery – Respiratory/Cardiovascular,30000–39999,31299,Sinus surgery procedure,sinus surgery procedure
Category I,Surgery – Respiratory/Cardiovascular,30000–39999,31300,Removal of larynx lesion,removal of larynx lesion
Category I,Surgery – Respiratory/Cardiovascular,30000–39999,31320,"""Diagnostic incision, larynx""","""diagnostic incision, larynx"""
Category I,Surgery – Respiratory/Cardiovascular,30000–39999,31360,Removal of larynx,removal of larynx
Category I,Surgery – Respiratory/Cardiovascular,30000–39999,31365,Removal of larynx,removal of larynx
Category I,Surgery – Respiratory/Cardiovascular,30000–39999,31367,Partial removal of larynx,partial removal of larynx
Category I,Surgery – Respiratory/Cardiovascular,30000–39999,31368,Partial removal of larynx,partial removal of larynx
Category I,Surgery – Respiratory/Cardiovascular,30000–39999,31370,Partial removal of larynx,partial removal of larynx
Category I,Surgery – Respiratory/Cardiovascular,30000–39999,31375,Partial removal of larynx,partial removal of larynx
Category I,Surgery – Respiratory/Cardiovascular,30000–39999,31380,Partial removal of larynx,partial removal of larynx
Category I,Surgery – Respiratory/Cardiovascular,30000–39999,31382,Partial removal of larynx,partial removal of larynx
Category I,Surgery – Respiratory/Cardiovascular,30000–39999,31390,Removal of larynx & pharynx,removal of larynx & pharynx
Category I,Surgery – Respiratory/Cardiovascular,30000–39999,31395,Reconstruct larynx & pharynx,reconstruct larynx & pharynx
Category I,Surgery – Respiratory/Cardiovascular,30000–39999,31400,Revision of larynx,revision of larynx
Category I,Surgery – Respiratory/Cardiovascular,30000–39999,31420,Removal of epiglottis,removal of epiglottis
Category I,Surgery – Respiratory/Cardiovascular,30000–39999,31500,Insert emergency airway,insert emergency airway
Category I,Surgery – Respiratory/Cardiovascular,30000–39999,31502,Change of windpipe airway,change of windpipe airway
Category I,Surgery – Respiratory/Cardiovascular,30000–39999,31505,Diagnostic laryngoscopy,diagnostic laryngoscopy
Category I,Surgery – Respiratory/Cardiovascular,30000–39999,31510,Laryngoscopy with biopsy,laryngoscopy with biopsy
Category I,Surgery – Respiratory/Cardiovascular,30000–39999,31511,"""Remove foreign body, larynx""","""remove foreign body, larynx"""
Category I,Surgery – Respiratory/Cardiovascular,30000–39999,31512,Removal of larynx lesion,removal of larynx lesion
Category I,Surgery – Respiratory/Cardiovascular,30000–39999,31513,Injection into vocal cord,injection into vocal cord
Category I,Surgery – Respiratory/Cardiovascular,30000–39999,31515,Laryngoscopy for aspiration,laryngoscopy for aspiration
Category I,Surgery – Respiratory/Cardiovascular,30000–39999,31520,Diagnostic laryngoscopy,diagnostic laryngoscopy
Category I,Surgery – Respiratory/Cardiovascular,30000–39999,31525,Diagnostic laryngoscopy,diagnostic laryngoscopy
Category I,Surgery – Respiratory/Cardiovascular,30000–39999,31526,Diagnostic laryngoscopy,diagnostic laryngoscopy
Category I,Surgery – Respiratory/Cardiovascular,30000–39999,31527,Laryngoscopy for treatment,laryngoscopy for treatment
Category I,Surgery – Respiratory/Cardiovascular,30000–39999,31528,Laryngoscopy and dilation,laryngoscopy and dilation
Category I,Surgery – Respiratory/Cardiovascular,30000–39999,31529,Laryngoscopy and dilation,laryngoscopy and dilation
Category I,Surgery – Respiratory/Cardiovascular,30000–39999,31530,Operative laryngoscopy,operative laryngoscopy
Category I,Surgery – Respiratory/Cardiovascular,30000–39999,31531,Operative laryngoscopy,operative laryngoscopy
Category I,Surgery – Respiratory/Cardiovascular,30000–39999,31535,Operative laryngoscopy,operative laryngoscopy
Category I,Surgery – Respiratory/Cardiovascular,30000–39999,31536,Operative laryngoscopy,operative laryngoscopy
Category I,Surgery – Respiratory/Cardiovascular,30000–39999,31540,Operative laryngoscopy,operative laryngoscopy
Category I,Surgery – Respiratory/Cardiovascular,30000–39999,31541,Operative laryngoscopy,operative laryngoscopy
Category I,Surgery – Respiratory/Cardiovascular,30000–39999,31545,Remove vc lesion w/scope,remove vc lesion w/scope
Category I,Surgery – Respiratory/Cardiovascular,30000–39999,31546,Remove vc lesion scope/graft,remove vc lesion scope/graft
Category I,Surgery – Respiratory/Cardiovascular,30000–39999,31560,Operative laryngoscopy,operative laryngoscopy
Category I,Surgery – Respiratory/Cardiovascular,30000–39999,31561,Operative laryngoscopy,operative laryngoscopy
Category I,Surgery – Respiratory/Cardiovascular,30000–39999,31570,Laryngoscopy with injection,laryngoscopy with injection
Category I,Surgery – Respiratory/Cardiovascular,30000–39999,31571,Laryngoscopy with injection,laryngoscopy with injection
Category I,Surgery – Respiratory/Cardiovascular,30000–39999,31575,Diagnostic laryngoscopy,diagnostic laryngoscopy
Category I,Surgery – Respiratory/Cardiovascular,30000–39999,31576,Laryngoscopy with biopsy,laryngoscopy with biopsy
Category I,Surgery – Respiratory/Cardiovascular,30000–39999,31577,"""Remove foreign body, larynx""","""remove foreign body, larynx"""
Category I,Surgery – Respiratory/Cardiovascular,30000–39999,31578,Removal of larynx lesion,removal of larynx lesion
Category I,Surgery – Respiratory/Cardiovascular,30000–39999,31579,Diagnostic laryngoscopy,diagnostic laryngoscopy
Category I,Surgery – Respiratory/Cardiovascular,30000–39999,31580,Revision of larynx,revision of larynx
Category I,Surgery – Respiratory/Cardiovascular,30000–39999,31582,Revision of larynx,revision of larynx
Category I,Surgery – Respiratory/Cardiovascular,30000–39999,31584,Treat larynx fracture,treat larynx fracture
Category I,Surgery – Respiratory/Cardiovascular,30000–39999,31585,Treat larynx fracture,treat larynx fracture
Category I,Surgery – Respiratory/Cardiovascular,30000–39999,31586,Treat larynx fracture,treat larynx fracture
Category I,Surgery – Respiratory/Cardiovascular,30000–39999,31587,Revision of larynx,revision of larynx
Category I,Surgery – Respiratory/Cardiovascular,30000–39999,31588,Revision of larynx,revision of larynx
Category I,Surgery – Respiratory/Cardiovascular,30000–39999,31590,Reinnervate larynx,reinnervate larynx
Category I,Surgery – Respiratory/Cardiovascular,30000–39999,31595,Larynx nerve surgery,larynx nerve surgery
Category I,Surgery – Respiratory/Cardiovascular,30000–39999,31599,Larynx surgery procedure,larynx surgery procedure
Category I,Surgery – Respiratory/Cardiovascular,30000–39999,31600,Incision of windpipe,incision of windpipe
Category I,Surgery – Respiratory/Cardiovascular,30000–39999,31601,Incision of windpipe,incision of windpipe
Category I,Surgery – Respiratory/Cardiovascular,30000–39999,31603,Incision of windpipe,incision of windpipe
Category I,Surgery – Respiratory/Cardiovascular,30000–39999,31605,Incision of windpipe,incision of windpipe
Category I,Surgery – Respiratory/Cardiovascular,30000–39999,31610,Incision of windpipe,incision of windpipe
Category I,Surgery – Respiratory/Cardiovascular,30000–39999,31611,Surgery/speech prosthesis,surgery/speech prosthesis
Category I,Surgery – Respiratory/Cardiovascular,30000–39999,31612,Puncture/clear windpipe,puncture/clear windpipe
Category I,Surgery – Respiratory/Cardiovascular,30000–39999,31613,Repair windpipe opening,repair windpipe opening
Category I,Surgery – Respiratory/Cardiovascular,30000–39999,31614,Repair windpipe opening,repair windpipe opening
Category I,Surgery – Respiratory/Cardiovascular,30000–39999,31615,Visualization of windpipe,visualization of windpipe
Category I,Surgery – Respiratory/Cardiovascular,30000–39999,31620,Endobronchial us add-on,endobronchial us add-on
Category I,Surgery – Respiratory/Cardiovascular,30000–39999,31622,Dx bronchoscope/wash,dx bronchoscope/wash
Category I,Surgery – Respiratory/Cardiovascular,30000–39999,31623,Dx bronchoscope/brush,dx bronchoscope/brush
Category I,Surgery – Respiratory/Cardiovascular,30000–39999,31624,Dx bronchoscope/lavage,dx bronchoscope/lavage
Category I,Surgery – Respiratory/Cardiovascular,30000–39999,31625,Bronchoscopy w/biopsy(s),bronchoscopy w/biopsy(s)
Category I,Surgery – Respiratory/Cardiovascular,30000–39999,31628,"""Bronchoscopy/lung bx, each""","""bronchoscopy/lung bx, each"""
Category I,Surgery – Respiratory/Cardiovascular,30000–39999,31629,"""Bronchoscopy/needle bx, each""","""bronchoscopy/needle bx, each"""
Category I,Surgery – Respiratory/Cardiovascular,30000–39999,31630,Bronchoscopy dilate/fx repr,bronchoscopy dilate/fx repr
Category I,Surgery – Respiratory/Cardiovascular,30000–39999,31631,"""Bronchoscopy, dilate w/stent""","""bronchoscopy, dilate w/stent"""
Category I,Surgery – Respiratory/Cardiovascular,30000–39999,31632,"""Bronchoscopy/lung bx, add?l""","""bronchoscopy/lung bx, add?l"""
Category I,Surgery – Respiratory/Cardiovascular,30000–39999,31633,Bronchoscopy/needle bx add?l,bronchoscopy/needle bx add?l
Category I,Surgery – Respiratory/Cardiovascular,30000–39999,31635,Bronchoscopy w/fb removal,bronchoscopy w/fb removal
Category I,Surgery – Respiratory/Cardiovascular,30000–39999,31636,"""Bronchoscopy, bronch stents""","""bronchoscopy, bronch stents"""
Category I,Surgery – Respiratory/Cardiovascular,30000–39999,31637,"""Bronchoscopy, stent add-on""","""bronchoscopy, stent add-on"""
Category I,Surgery – Respiratory/Cardiovascular,30000–39999,31638,"""Bronchoscopy, revise stent""","""bronchoscopy, revise stent"""
Category I,Surgery – Respiratory/Cardiovascular,30000–39999,31640,Bronchoscopy w/tumor excise,bronchoscopy w/tumor excise
Category I,Surgery – Respiratory/Cardiovascular,30000–39999,31641,"""Bronchoscopy, treat blockage""","""bronchoscopy, treat blockage"""
Category I,Surgery – Respiratory/Cardiovascular,30000–39999,31643,Diag bronchoscope/catheter,diag bronchoscope/catheter
Category I,Surgery – Respiratory/Cardiovascular,30000–39999,31645,"""Bronchoscopy, clear airways""","""bronchoscopy, clear airways"""
Category I,Surgery – Respiratory/Cardiovascular,30000–39999,31646,"""Bronchoscopy, reclear airway""","""bronchoscopy, reclear airway"""
Category I,Surgery – Respiratory/Cardiovascular,30000–39999,31656,"""Bronchoscopy, inj for x-ray""","""bronchoscopy, inj for x-ray"""
Category I,Surgery – Respiratory/Cardiovascular,30000–39999,31700,Insertion of airway catheter,insertion of airway catheter
Category I,Surgery – Respiratory/Cardiovascular,30000–39999,31708,Instill airway contrast dye,instill airway contrast dye
Category I,Surgery – Respiratory/Cardiovascular,30000–39999,31710,Insertion of airway catheter,insertion of airway catheter
Category I,Surgery – Respiratory/Cardiovascular,30000–39999,31715,Injection for bronchus x-ray,injection for bronchus x-ray
Category I,Surgery – Respiratory/Cardiovascular,30000–39999,31717,Bronchial brush biopsy,bronchial brush biopsy
Category I,Surgery – Respiratory/Cardiovascular,30000–39999,31720,Clearance of airways,clearance of airways
Category I,Surgery – Respiratory/Cardiovascular,30000–39999,31725,Clearance of airways,clearance of airways
Category I,Surgery – Respiratory/Cardiovascular,30000–39999,31730,"""Intro, windpipe wire/tube""","""intro, windpipe wire/tube"""
Category I,Surgery – Respiratory/Cardiovascular,30000–39999,31750,Repair of windpipe,repair of windpipe
Category I,Surgery – Respiratory/Cardiovascular,30000–39999,31755,Repair of windpipe,repair of windpipe
Category I,Surgery – Respiratory/Cardiovascular,30000–39999,31760,Repair of windpipe,repair of windpipe
Category I,Surgery – Respiratory/Cardiovascular,30000–39999,31766,Reconstruction of windpipe,reconstruction of windpipe
Category I,Surgery – Respiratory/Cardiovascular,30000–39999,31770,Repair/graft of bronchus,repair/graft of bronchus
Category I,Surgery – Respiratory/Cardiovascular,30000–39999,31775,Reconstruct bronchus,reconstruct bronchus
Category I,Surgery – Respiratory/Cardiovascular,30000–39999,31780,Reconstruct windpipe,reconstruct windpipe
Category I,Surgery – Respiratory/Cardiovascular,30000–39999,31781,Reconstruct windpipe,reconstruct windpipe
Category I,Surgery – Respiratory/Cardiovascular,30000–39999,31785,Remove windpipe lesion,remove windpipe lesion
Category I,Surgery – Respiratory/Cardiovascular,30000–39999,31786,Remove windpipe lesion,remove windpipe lesion
Category I,Surgery – Respiratory/Cardiovascular,30000–39999,31800,Repair of windpipe injury,repair of windpipe injury
Category I,Surgery – Respiratory/Cardiovascular,30000–39999,31805,Repair of windpipe injury,repair of windpipe injury
Category I,Surgery – Respiratory/Cardiovascular,30000–39999,31820,Closure of windpipe lesion,closure of windpipe lesion
Category I,Surgery – Respiratory/Cardiovascular,30000–39999,31825,Repair of windpipe defect,repair of windpipe defect
Category I,Surgery – Respiratory/Cardiovascular,30000–39999,31830,Revise windpipe scar,revise windpipe scar
Category I,Surgery – Respiratory/Cardiovascular,30000–39999,31899,Airways surgical procedure,airways surgical procedure
Category I,Surgery – Respiratory/Cardiovascular,30000–39999,32000,Drainage of chest,drainage of chest
Category I,Surgery – Respiratory/Cardiovascular,30000–39999,32002,Treatment of collapsed lung,treatment of collapsed lung
Category I,Surgery – Respiratory/Cardiovascular,30000–39999,32005,Treat lung lining chemically,treat lung lining chemically
Category I,Surgery – Respiratory/Cardiovascular,30000–39999,32019,Insert pleural catheter,insert pleural catheter
Category I,Surgery – Respiratory/Cardiovascular,30000–39999,32020,Insertion of chest tube,insertion of chest tube
Category I,Surgery – Respiratory/Cardiovascular,30000–39999,32035,Exploration of chest,exploration of chest
Category I,Surgery – Respiratory/Cardiovascular,30000–39999,32036,Exploration of chest,exploration of chest
Category I,Surgery – Respiratory/Cardiovascular,30000–39999,32095,Biopsy through chest wall,biopsy through chest wall
Category I,Surgery – Respiratory/Cardiovascular,30000–39999,32100,Exploration/biopsy of chest,exploration/biopsy of chest
Category I,Surgery – Respiratory/Cardiovascular,30000–39999,32110,Explore/repair chest,explore/repair chest
Category I,Surgery – Respiratory/Cardiovascular,30000–39999,32120,Re-exploration of chest,re-exploration of chest
Category I,Surgery – Respiratory/Cardiovascular,30000–39999,32124,Explore chest free adhesions,explore chest free adhesions
Category I,Surgery – Respiratory/Cardiovascular,30000–39999,32140,Removal of lung lesion(s),removal of lung lesion(s)
Category I,Surgery – Respiratory/Cardiovascular,30000–39999,32141,Remove/treat lung lesions,remove/treat lung lesions
Category I,Surgery – Respiratory/Cardiovascular,30000–39999,32150,Removal of lung lesion(s),removal of lung lesion(s)
Category I,Surgery – Respiratory/Cardiovascular,30000–39999,32151,Remove lung foreign body,remove lung foreign body
Category I,Surgery – Respiratory/Cardiovascular,30000–39999,32160,Open chest heart massage,open chest heart massage
Category I,Surgery – Respiratory/Cardiovascular,30000–39999,32200,"""Drain, open, lung lesion""","""drain, open, lung lesion"""
Category I,Surgery – Respiratory/Cardiovascular,30000–39999,32201,"""Drain, percut, lung lesion""","""drain, percut, lung lesion"""
Category I,Surgery – Respiratory/Cardiovascular,30000–39999,32215,Treat chest lining,treat chest lining
Category I,Surgery – Respiratory/Cardiovascular,30000–39999,32220,Release of lung,release of lung
Category I,Surgery – Respiratory/Cardiovascular,30000–39999,32225,Partial release of lung,partial release of lung
Category I,Surgery – Respiratory/Cardiovascular,30000–39999,32310,Removal of chest lining,removal of chest lining
Category I,Surgery – Respiratory/Cardiovascular,30000–39999,32320,Free/remove chest lining,free/remove chest lining
Category I,Surgery – Respiratory/Cardiovascular,30000–39999,32400,Needle biopsy chest lining,needle biopsy chest lining
Category I,Surgery – Respiratory/Cardiovascular,30000–39999,32402,Open biopsy chest lining,open biopsy chest lining
Category I,Surgery – Respiratory/Cardiovascular,30000–39999,32405,"""Biopsy, lung or mediastinum""","""biopsy, lung or mediastinum"""
Category I,Surgery – Respiratory/Cardiovascular,30000–39999,32420,Puncture/clear lung,puncture/clear lung
Category I,Surgery – Respiratory/Cardiovascular,30000–39999,32440,Removal of lung,removal of lung
Category I,Surgery – Respiratory/Cardiovascular,30000–39999,32442,Sleeve pneumonectomy,sleeve pneumonectomy
Category I,Surgery – Respiratory/Cardiovascular,30000–39999,32445,Removal of lung,removal of lung
Category I,Surgery – Respiratory/Cardiovascular,30000–39999,32480,Partial removal of lung,partial removal of lung
Category I,Surgery – Respiratory/Cardiovascular,30000–39999,32482,Bilobectomy,bilobectomy
Category I,Surgery – Respiratory/Cardiovascular,30000–39999,32484,Segmentectomy,segmentectomy
Category I,Surgery – Respiratory/Cardiovascular,30000–39999,32486,Sleeve lobectomy,sleeve lobectomy
Category I,Surgery – Respiratory/Cardiovascular,30000–39999,32488,Completion pneumonectomy,completion pneumonectomy
Category I,Surgery – Respiratory/Cardiovascular,30000–39999,32491,Lung volume reduction,lung volume reduction
Category I,Surgery – Respiratory/Cardiovascular,30000–39999,32500,Partial removal of lung,partial removal of lung
Category I,Surgery – Respiratory/Cardiovascular,30000–39999,32501,Repair bronchus add-on,repair bronchus add-on
Category I,Surgery – Respiratory/Cardiovascular,30000–39999,32520,Remove lung & revise chest,remove lung & revise chest
Category I,Surgery – Respiratory/Cardiovascular,30000–39999,32522,Remove lung & revise chest,remove lung & revise chest
Category I,Surgery – Respiratory/Cardiovascular,30000–39999,32525,Remove lung & revise chest,remove lung & revise chest
Category I,Surgery – Respiratory/Cardiovascular,30000–39999,32540,Removal of lung lesion,removal of lung lesion
Category I,Surgery – Respiratory/Cardiovascular,30000–39999,32601,"""Thoracoscopy, diagnostic""","""thoracoscopy, diagnostic"""
Category I,Surgery – Respiratory/Cardiovascular,30000–39999,32602,"""Thoracoscopy, diagnostic""","""thoracoscopy, diagnostic"""
Category I,Surgery – Respiratory/Cardiovascular,30000–39999,32603,"""Thoracoscopy, diagnostic""","""thoracoscopy, diagnostic"""
Category I,Surgery – Respiratory/Cardiovascular,30000–39999,32604,"""Thoracoscopy, diagnostic""","""thoracoscopy, diagnostic"""
Category I,Surgery – Respiratory/Cardiovascular,30000–39999,32605,"""Thoracoscopy, diagnostic""","""thoracoscopy, diagnostic"""
Category I,Surgery – Respiratory/Cardiovascular,30000–39999,32606,"""Thoracoscopy, diagnostic""","""thoracoscopy, diagnostic"""
Category I,Surgery – Respiratory/Cardiovascular,30000–39999,32650,"""Thoracoscopy, surgical""","""thoracoscopy, surgical"""
Category I,Surgery – Respiratory/Cardiovascular,30000–39999,32651,"""Thoracoscopy, surgical""","""thoracoscopy, surgical"""
Category I,Surgery – Respiratory/Cardiovascular,30000–39999,32652,"""Thoracoscopy, surgical""","""thoracoscopy, surgical"""
Category I,Surgery – Respiratory/Cardiovascular,30000–39999,32653,"""Thoracoscopy, surgical""","""thoracoscopy, surgical"""
Category I,Surgery – Respiratory/Cardiovascular,30000–39999,32654,"""Thoracoscopy, surgical""","""thoracoscopy, surgical"""
Category I,Surgery – Respiratory/Cardiovascular,30000–39999,32655,"""Thoracoscopy, surgical""","""thoracoscopy, surgical"""
Category I,Surgery – Respiratory/Cardiovascular,30000–39999,32656,"""Thoracoscopy, surgical""","""thoracoscopy, surgical"""
Category I,Surgery – Respiratory/Cardiovascular,30000–39999,32657,"""Thoracoscopy, surgical""","""thoracoscopy, surgical"""
Category I,Surgery – Respiratory/Cardiovascular,30000–39999,32658,"""Thoracoscopy, surgical""","""thoracoscopy, surgical"""
Category I,Surgery – Respiratory/Cardiovascular,30000–39999,32659,"""Thoracoscopy, surgical""","""thoracoscopy, surgical"""
Category I,Surgery – Respiratory/Cardiovascular,30000–39999,32660,"""Thoracoscopy, surgical""","""thoracoscopy, surgical"""
Category I,Surgery – Respiratory/Cardiovascular,30000–39999,32661,"""Thoracoscopy, surgical""","""thoracoscopy, surgical"""
Category I,Surgery – Respiratory/Cardiovascular,30000–39999,32662,"""Thoracoscopy, surgical""","""thoracoscopy, surgical"""
Category I,Surgery – Respiratory/Cardiovascular,30000–39999,32663,"""Thoracoscopy, surgical""","""thoracoscopy, surgical"""
Category I,Surgery – Respiratory/Cardiovascular,30000–39999,32664,"""Thoracoscopy, surgical""","""thoracoscopy, surgical"""
Category I,Surgery – Respiratory/Cardiovascular,30000–39999,32665,"""Thoracoscopy, surgical""","""thoracoscopy, surgical"""
Category I,Surgery – Respiratory/Cardiovascular,30000–39999,32800,Repair lung hernia,repair lung hernia
Category I,Surgery – Respiratory/Cardiovascular,30000–39999,32810,Close chest after drainage,close chest after drainage
Category I,Surgery – Respiratory/Cardiovascular,30000–39999,32815,Close bronchial fistula,close bronchial fistula
Category I,Surgery – Respiratory/Cardiovascular,30000–39999,32820,Reconstruct injured chest,reconstruct injured chest
Category I,Surgery – Respiratory/Cardiovascular,30000–39999,32850,Donor pneumonectomy,donor pneumonectomy
Category I,Surgery – Respiratory/Cardiovascular,30000–39999,32851,"""Lung transplant, single""","""lung transplant, single"""
Category I,Surgery – Respiratory/Cardiovascular,30000–39999,32852,Lung transplant with bypass,lung transplant with bypass
Category I,Surgery – Respiratory/Cardiovascular,30000–39999,32853,"""Lung transplant, double""","""lung transplant, double"""
Category I,Surgery – Respiratory/Cardiovascular,30000–39999,32854,Lung transplant with bypass,lung transplant with bypass
Category I,Surgery – Respiratory/Cardiovascular,30000–39999,32855,"""Prepare donor lung, single""","""prepare donor lung, single"""
Category I,Surgery – Respiratory/Cardiovascular,30000–39999,32856,"""Prepare donor lung, double""","""prepare donor lung, double"""
Category I,Surgery – Respiratory/Cardiovascular,30000–39999,32900,Removal of rib(s),removal of rib(s)
Category I,Surgery – Respiratory/Cardiovascular,30000–39999,32905,Revise & repair chest wall,revise & repair chest wall
Category I,Surgery – Respiratory/Cardiovascular,30000–39999,32906,Revise & repair chest wall,revise & repair chest wall
Category I,Surgery – Respiratory/Cardiovascular,30000–39999,32940,Revision of lung,revision of lung
Category I,Surgery – Respiratory/Cardiovascular,30000–39999,32960,Therapeutic pneumothorax,therapeutic pneumothorax
Category I,Surgery – Respiratory/Cardiovascular,30000–39999,32997,Total lung lavage,total lung lavage
Category I,Surgery – Respiratory/Cardiovascular,30000–39999,32999,Chest surgery procedure,chest surgery procedure
Category I,Surgery – Respiratory/Cardiovascular,30000–39999,33010,Drainage of heart sac,drainage of heart sac
Category I,Surgery – Respiratory/Cardiovascular,30000–39999,33011,Repeat drainage of heart sac,repeat drainage of heart sac
Category I,Surgery – Respiratory/Cardiovascular,30000–39999,33015,Incision of heart sac,incision of heart sac
Category I,Surgery – Respiratory/Cardiovascular,30000–39999,33020,Incision of heart sac,incision of heart sac
Category I,Surgery – Respiratory/Cardiovascular,30000–39999,33025,Incision of heart sac,incision of heart sac
Category I,Surgery – Respiratory/Cardiovascular,30000–39999,33030,Partial removal of heart sac,partial removal of heart sac
Category I,Surgery – Respiratory/Cardiovascular,30000–39999,33031,Partial removal of heart sac,partial removal of heart sac
Category I,Surgery – Respiratory/Cardiovascular,30000–39999,33050,Removal of heart sac lesion,removal of heart sac lesion
Category I,Surgery – Respiratory/Cardiovascular,30000–39999,33120,Removal of heart lesion,removal of heart lesion
Category I,Surgery – Respiratory/Cardiovascular,30000–39999,33130,Removal of heart lesion,removal of heart lesion
Category I,Surgery – Respiratory/Cardiovascular,30000–39999,33140,Heart revascularize (tmr),heart revascularize (tmr)
Category I,Surgery – Respiratory/Cardiovascular,30000–39999,33141,Heart tmr w/other procedure,heart tmr w/other procedure
Category I,Surgery – Respiratory/Cardiovascular,30000–39999,33200,Insertion of heart pacemaker,insertion of heart pacemaker
Category I,Surgery – Respiratory/Cardiovascular,30000–39999,33201,Insertion of heart pacemaker,insertion of heart pacemaker
Category I,Surgery – Respiratory/Cardiovascular,30000–39999,33206,Insertion of heart pacemaker,insertion of heart pacemaker
Category I,Surgery – Respiratory/Cardiovascular,30000–39999,33207,Insertion of heart pacemaker,insertion of heart pacemaker
Category I,Surgery – Respiratory/Cardiovascular,30000–39999,33208,Insertion of heart pacemaker,insertion of heart pacemaker
Category I,Surgery – Respiratory/Cardiovascular,30000–39999,33210,Insertion of heart electrode,insertion of heart electrode
Category I,Surgery – Respiratory/Cardiovascular,30000–39999,33211,Insertion of heart electrode,insertion of heart electrode
Category I,Surgery – Respiratory/Cardiovascular,30000–39999,33212,Insertion of pulse generator,insertion of pulse generator
Category I,Surgery – Respiratory/Cardiovascular,30000–39999,33213,Insertion of pulse generator,insertion of pulse generator
Category I,Surgery – Respiratory/Cardiovascular,30000–39999,33214,Upgrade of pacemaker system,upgrade of pacemaker system
Category I,Surgery – Respiratory/Cardiovascular,30000–39999,33215,Reposition pacing-defib lead,reposition pacing-defib lead
Category I,Surgery – Respiratory/Cardiovascular,30000–39999,33216,"""Insert lead pace-defib, one""","""insert lead pace-defib, one"""
Category I,Surgery – Respiratory/Cardiovascular,30000–39999,33217,"""Insert lead pace-defib, dual""","""insert lead pace-defib, dual"""
Category I,Surgery – Respiratory/Cardiovascular,30000–39999,33218,"""Repair lead pace-defib, one""","""repair lead pace-defib, one"""
Category I,Surgery – Respiratory/Cardiovascular,30000–39999,33220,"""Repair lead pace-defib, dual""","""repair lead pace-defib, dual"""
Category I,Surgery – Respiratory/Cardiovascular,30000–39999,33222,"""Revise pocket, pacemaker""","""revise pocket, pacemaker"""
Category I,Surgery – Respiratory/Cardiovascular,30000–39999,33223,"""Revise pocket, pacing-defib""","""revise pocket, pacing-defib"""
Category I,Surgery – Respiratory/Cardiovascular,30000–39999,33224,Insert pacing lead & connect,insert pacing lead & connect
Category I,Surgery – Respiratory/Cardiovascular,30000–39999,33225,L ventric pacing lead add-on,l ventric pacing lead add-on
Category I,Surgery – Respiratory/Cardiovascular,30000–39999,33226,Reposition l ventric lead,reposition l ventric lead
Category I,Surgery – Respiratory/Cardiovascular,30000–39999,33233,Removal of pacemaker system,removal of pacemaker system
Category I,Surgery – Respiratory/Cardiovascular,30000–39999,33234,Removal of pacemaker system,removal of pacemaker system
Category I,Surgery – Respiratory/Cardiovascular,30000–39999,33235,Removal pacemaker electrode,removal pacemaker electrode
Category I,Surgery – Respiratory/Cardiovascular,30000–39999,33236,Remove electrode/thoracotomy,remove electrode/thoracotomy
Category I,Surgery – Respiratory/Cardiovascular,30000–39999,33237,Remove electrode/thoracotomy,remove electrode/thoracotomy
Category I,Surgery – Respiratory/Cardiovascular,30000–39999,33238,Remove electrode/thoracotomy,remove electrode/thoracotomy
Category I,Surgery – Respiratory/Cardiovascular,30000–39999,33240,Insert pulse generator,insert pulse generator
Category I,Surgery – Respiratory/Cardiovascular,30000–39999,33241,Remove pulse generator,remove pulse generator
Category I,Surgery – Respiratory/Cardiovascular,30000–39999,33243,Remove eltrd/thoracotomy,remove eltrd/thoracotomy
Category I,Surgery – Respiratory/Cardiovascular,30000–39999,33244,"""Remove eltrd, transven""","""remove eltrd, transven"""
Category I,Surgery – Respiratory/Cardiovascular,30000–39999,33245,Insert epic eltrd pace-defib,insert epic eltrd pace-defib
Category I,Surgery – Respiratory/Cardiovascular,30000–39999,33246,Insert epic eltrd/generator,insert epic eltrd/generator
Category I,Surgery – Respiratory/Cardiovascular,30000–39999,33249,Eltrd/insert pace-defib,eltrd/insert pace-defib
Category I,Surgery – Respiratory/Cardiovascular,30000–39999,33250,Ablate heart dysrhythm focus,ablate heart dysrhythm focus
Category I,Surgery – Respiratory/Cardiovascular,30000–39999,33251,Ablate heart dysrhythm focus,ablate heart dysrhythm focus
Category I,Surgery – Respiratory/Cardiovascular,30000–39999,33253,Reconstruct atria,reconstruct atria
Category I,Surgery – Respiratory/Cardiovascular,30000–39999,33261,Ablate heart dysrhythm focus,ablate heart dysrhythm focus
Category I,Surgery – Respiratory/Cardiovascular,30000–39999,33282,Implant pat-active ht record,implant pat-active ht record
Category I,Surgery – Respiratory/Cardiovascular,30000–39999,33284,Remove pat-active ht record,remove pat-active ht record
Category I,Surgery – Respiratory/Cardiovascular,30000–39999,33300,Repair of heart wound,repair of heart wound
Category I,Surgery – Respiratory/Cardiovascular,30000–39999,33305,Repair of heart wound,repair of heart wound
Category I,Surgery – Respiratory/Cardiovascular,30000–39999,33310,Exploratory heart surgery,exploratory heart surgery
Category I,Surgery – Respiratory/Cardiovascular,30000–39999,33315,Exploratory heart surgery,exploratory heart surgery
Category I,Surgery – Respiratory/Cardiovascular,30000–39999,33320,Repair major blood vessel(s),repair major blood vessel(s)
Category I,Surgery – Respiratory/Cardiovascular,30000–39999,33321,Repair major vessel,repair major vessel
Category I,Surgery – Respiratory/Cardiovascular,30000–39999,33322,Repair major blood vessel(s),repair major blood vessel(s)
Category I,Surgery – Respiratory/Cardiovascular,30000–39999,33330,Insert major vessel graft,insert major vessel graft
Category I,Surgery – Respiratory/Cardiovascular,30000–39999,33332,Insert major vessel graft,insert major vessel graft
Category I,Surgery – Respiratory/Cardiovascular,30000–39999,33335,Insert major vessel graft,insert major vessel graft
Category I,Surgery – Respiratory/Cardiovascular,30000–39999,33400,Repair of aortic valve,repair of aortic valve
Category I,Surgery – Respiratory/Cardiovascular,30000–39999,33401,"""Valvuloplasty, open""","""valvuloplasty, open"""
Category I,Surgery – Respiratory/Cardiovascular,30000–39999,33403,"""Valvuloplasty, w/cp bypass""","""valvuloplasty, w/cp bypass"""
Category I,Surgery – Respiratory/Cardiovascular,30000–39999,33404,Prepare heart-aorta conduit,prepare heart-aorta conduit
Category I,Surgery – Respiratory/Cardiovascular,30000–39999,33405,Replacement of aortic valve,replacement of aortic valve
Category I,Surgery – Respiratory/Cardiovascular,30000–39999,33406,Replacement of aortic valve,replacement of aortic valve
Category I,Surgery – Respiratory/Cardiovascular,30000–39999,33410,Replacement of aortic valve,replacement of aortic valve
Category I,Surgery – Respiratory/Cardiovascular,30000–39999,33411,Replacement of aortic valve,replacement of aortic valve
Category I,Surgery – Respiratory/Cardiovascular,30000–39999,33412,Replacement of aortic valve,replacement of aortic valve
Category I,Surgery – Respiratory/Cardiovascular,30000–39999,33413,Replacement of aortic valve,replacement of aortic valve
Category I,Surgery – Respiratory/Cardiovascular,30000–39999,33414,Repair of aortic valve,repair of aortic valve
Category I,Surgery – Respiratory/Cardiovascular,30000–39999,33415,"""Revision, subvalvular tissue""","""revision, subvalvular tissue"""
Category I,Surgery – Respiratory/Cardiovascular,30000–39999,33416,Revise ventricle muscle,revise ventricle muscle
Category I,Surgery – Respiratory/Cardiovascular,30000–39999,33417,Repair of aortic valve,repair of aortic valve
Category I,Surgery – Respiratory/Cardiovascular,30000–39999,33420,Revision of mitral valve,revision of mitral valve
Category I,Surgery – Respiratory/Cardiovascular,30000–39999,33422,Revision of mitral valve,revision of mitral valve
Category I,Surgery – Respiratory/Cardiovascular,30000–39999,33425,Repair of mitral valve,repair of mitral valve
Category I,Surgery – Respiratory/Cardiovascular,30000–39999,33426,Repair of mitral valve,repair of mitral valve
Category I,Surgery – Respiratory/Cardiovascular,30000–39999,33427,Repair of mitral valve,repair of mitral valve
Category I,Surgery – Respiratory/Cardiovascular,30000–39999,33430,Replacement of mitral valve,replacement of mitral valve
Category I,Surgery – Respiratory/Cardiovascular,30000–39999,33460,Revision of tricuspid valve,revision of tricuspid valve
Category I,Surgery – Respiratory/Cardiovascular,30000–39999,33463,"""Valvuloplasty, tricuspid""","""valvuloplasty, tricuspid"""
Category I,Surgery – Respiratory/Cardiovascular,30000–39999,33464,"""Valvuloplasty, tricuspid""","""valvuloplasty, tricuspid"""
Category I,Surgery – Respiratory/Cardiovascular,30000–39999,33465,Replace tricuspid valve,replace tricuspid valve
Category I,Surgery – Respiratory/Cardiovascular,30000–39999,33468,Revision of tricuspid valve,revision of tricuspid valve
Category I,Surgery – Respiratory/Cardiovascular,30000–39999,33470,Revision of pulmonary valve,revision of pulmonary valve
Category I,Surgery – Respiratory/Cardiovascular,30000–39999,33471,"""Valvotomy, pulmonary valve""","""valvotomy, pulmonary valve"""
Category I,Surgery – Respiratory/Cardiovascular,30000–39999,33472,Revision of pulmonary valve,revision of pulmonary valve
Category I,Surgery – Respiratory/Cardiovascular,30000–39999,33474,Revision of pulmonary valve,revision of pulmonary valve
Category I,Surgery – Respiratory/Cardiovascular,30000–39999,33475,"""Replacement, pulmonary valve""","""replacement, pulmonary valve"""
Category I,Surgery – Respiratory/Cardiovascular,30000–39999,33476,Revision of heart chamber,revision of heart chamber
Category I,Surgery – Respiratory/Cardiovascular,30000–39999,33478,Revision of heart chamber,revision of heart chamber
Category I,Surgery – Respiratory/Cardiovascular,30000–39999,33496,"""Repair, prosth valve clot""","""repair, prosth valve clot"""
Category I,Surgery – Respiratory/Cardiovascular,30000–39999,33500,Repair heart vessel fistula,repair heart vessel fistula
Category I,Surgery – Respiratory/Cardiovascular,30000–39999,33501,Repair heart vessel fistula,repair heart vessel fistula
Category I,Surgery – Respiratory/Cardiovascular,30000–39999,33502,Coronary artery correction,coronary artery correction
Category I,Surgery – Respiratory/Cardiovascular,30000–39999,33503,Coronary artery graft,coronary artery graft
Category I,Surgery – Respiratory/Cardiovascular,30000–39999,33504,Coronary artery graft,coronary artery graft
Category I,Surgery – Respiratory/Cardiovascular,30000–39999,33505,Repair artery w/tunnel,repair artery w/tunnel
Category I,Surgery – Respiratory/Cardiovascular,30000–39999,33506,"""Repair artery, translocation""","""repair artery, translocation"""
Category I,Surgery – Respiratory/Cardiovascular,30000–39999,33508,Endoscopic vein harvest,endoscopic vein harvest
Category I,Surgery – Respiratory/Cardiovascular,30000–39999,33510,"""CABG, vein, single""","""cabg, vein, single"""
Category I,Surgery – Respiratory/Cardiovascular,30000–39999,33511,"""CABG, vein, two""","""cabg, vein, two"""
Category I,Surgery – Respiratory/Cardiovascular,30000–39999,33512,"""CABG, vein, three""","""cabg, vein, three"""
Category I,Surgery – Respiratory/Cardiovascular,30000–39999,33513,"""CABG, vein, four""","""cabg, vein, four"""
Category I,Surgery – Respiratory/Cardiovascular,30000–39999,33514,"""CABG, vein, five""","""cabg, vein, five"""
Category I,Surgery – Respiratory/Cardiovascular,30000–39999,33516,"""Cabg, vein, six or more""","""cabg, vein, six or more"""
Category I,Surgery – Respiratory/Cardiovascular,30000–39999,33517,"""CABG, artery-vein, single""","""cabg, artery-vein, single"""
Category I,Surgery – Respiratory/Cardiovascular,30000–39999,33518,"""CABG, artery-vein, two""","""cabg, artery-vein, two"""
Category I,Surgery – Respiratory/Cardiovascular,30000–39999,33519,"""CABG, artery-vein, three""","""cabg, artery-vein, three"""
Category I,Surgery – Respiratory/Cardiovascular,30000–39999,33521,"""CABG, artery-vein, four""","""cabg, artery-vein, four"""
Category I,Surgery – Respiratory/Cardiovascular,30000–39999,33522,"""CABG, artery-vein, five""","""cabg, artery-vein, five"""
Category I,Surgery – Respiratory/Cardiovascular,30000–39999,33523,"""Cabg, art-vein, six or more""","""cabg, art-vein, six or more"""
Category I,Surgery – Respiratory/Cardiovascular,30000–39999,33530,"""Coronary artery, bypass/reop""","""coronary artery, bypass/reop"""
Category I,Surgery – Respiratory/Cardiovascular,30000–39999,33533,"""CABG, arterial, single""","""cabg, arterial, single"""
Category I,Surgery – Respiratory/Cardiovascular,30000–39999,33534,"""CABG, arterial, two""","""cabg, arterial, two"""
Category I,Surgery – Respiratory/Cardiovascular,30000–39999,33535,"""CABG, arterial, three""","""cabg, arterial, three"""
Category I,Surgery – Respiratory/Cardiovascular,30000–39999,33536,"""Cabg, arterial, four or more""","""cabg, arterial, four or more"""
Category I,Surgery – Respiratory/Cardiovascular,30000–39999,33542,Removal of heart lesion,removal of heart lesion
Category I,Surgery – Respiratory/Cardiovascular,30000–39999,33545,Repair of heart damage,repair of heart damage
Category I,Surgery – Respiratory/Cardiovascular,30000–39999,33572,Open coronary endarterectomy,open coronary endarterectomy
Category I,Surgery – Respiratory/Cardiovascular,30000–39999,33600,Closure of valve,closure of valve
Category I,Surgery – Respiratory/Cardiovascular,30000–39999,33602,Closure of valve,closure of valve
Category I,Surgery – Respiratory/Cardiovascular,30000–39999,33606,Anastomosis/artery-aorta,anastomosis/artery-aorta
Category I,Surgery – Respiratory/Cardiovascular,30000–39999,33608,Repair anomaly w/conduit,repair anomaly w/conduit
Category I,Surgery – Respiratory/Cardiovascular,30000–39999,33610,Repair by enlargement,repair by enlargement
Category I,Surgery – Respiratory/Cardiovascular,30000–39999,33611,Repair double ventricle,repair double ventricle
Category I,Surgery – Respiratory/Cardiovascular,30000–39999,33612,Repair double ventricle,repair double ventricle
Category I,Surgery – Respiratory/Cardiovascular,30000–39999,33615,"""Repair, modified fontan""","""repair, modified fontan"""
Category I,Surgery – Respiratory/Cardiovascular,30000–39999,33617,Repair single ventricle,repair single ventricle
Category I,Surgery – Respiratory/Cardiovascular,30000–39999,33619,Repair single ventricle,repair single ventricle
Category I,Surgery – Respiratory/Cardiovascular,30000–39999,33641,Repair heart septum defect,repair heart septum defect
Category I,Surgery – Respiratory/Cardiovascular,30000–39999,33645,Revision of heart veins,revision of heart veins
Category I,Surgery – Respiratory/Cardiovascular,30000–39999,33647,Repair heart septum defects,repair heart septum defects
Category I,Surgery – Respiratory/Cardiovascular,30000–39999,33660,Repair of heart defects,repair of heart defects
Category I,Surgery – Respiratory/Cardiovascular,30000–39999,33665,Repair of heart defects,repair of heart defects
Category I,Surgery – Respiratory/Cardiovascular,30000–39999,33670,Repair of heart chambers,repair of heart chambers
Category I,Surgery – Respiratory/Cardiovascular,30000–39999,33681,Repair heart septum defect,repair heart septum defect
Category I,Surgery – Respiratory/Cardiovascular,30000–39999,33684,Repair heart septum defect,repair heart septum defect
Category I,Surgery – Respiratory/Cardiovascular,30000–39999,33688,Repair heart septum defect,repair heart septum defect
Category I,Surgery – Respiratory/Cardiovascular,30000–39999,33690,Reinforce pulmonary artery,reinforce pulmonary artery
Category I,Surgery – Respiratory/Cardiovascular,30000–39999,33692,Repair of heart defects,repair of heart defects
Category I,Surgery – Respiratory/Cardiovascular,30000–39999,33694,Repair of heart defects,repair of heart defects
Category I,Surgery – Respiratory/Cardiovascular,30000–39999,33697,Repair of heart defects,repair of heart defects
Category I,Surgery – Respiratory/Cardiovascular,30000–39999,33702,Repair of heart defects,repair of heart defects
Category I,Surgery – Respiratory/Cardiovascular,30000–39999,33710,Repair of heart defects,repair of heart defects
Category I,Surgery – Respiratory/Cardiovascular,30000–39999,33720,Repair of heart defect,repair of heart defect
Category I,Surgery – Respiratory/Cardiovascular,30000–39999,33722,Repair of heart defect,repair of heart defect
Category I,Surgery – Respiratory/Cardiovascular,30000–39999,33730,Repair heart-vein defect(s),repair heart-vein defect(s)
Category I,Surgery – Respiratory/Cardiovascular,30000–39999,33732,Repair heart-vein defect,repair heart-vein defect
Category I,Surgery – Respiratory/Cardiovascular,30000–39999,33735,Revision of heart chamber,revision of heart chamber
Category I,Surgery – Respiratory/Cardiovascular,30000–39999,33736,Revision of heart chamber,revision of heart chamber
Category I,Surgery – Respiratory/Cardiovascular,30000–39999,33737,Revision of heart chamber,revision of heart chamber
Category I,Surgery – Respiratory/Cardiovascular,30000–39999,33750,Major vessel shunt,major vessel shunt
Category I,Surgery – Respiratory/Cardiovascular,30000–39999,33755,Major vessel shunt,major vessel shunt
Category I,Surgery – Respiratory/Cardiovascular,30000–39999,33762,Major vessel shunt,major vessel shunt
Category I,Surgery – Respiratory/Cardiovascular,30000–39999,33764,Major vessel shunt & graft,major vessel shunt & graft
Category I,Surgery – Respiratory/Cardiovascular,30000–39999,33766,Major vessel shunt,major vessel shunt
Category I,Surgery – Respiratory/Cardiovascular,30000–39999,33767,Major vessel shunt,major vessel shunt
Category I,Surgery – Respiratory/Cardiovascular,30000–39999,33770,Repair great vessels defect,repair great vessels defect
Category I,Surgery – Respiratory/Cardiovascular,30000–39999,33771,Repair great vessels defect,repair great vessels defect
Category I,Surgery – Respiratory/Cardiovascular,30000–39999,33774,Repair great vessels defect,repair great vessels defect
Category I,Surgery – Respiratory/Cardiovascular,30000–39999,33775,Repair great vessels defect,repair great vessels defect
Category I,Surgery – Respiratory/Cardiovascular,30000–39999,33776,Repair great vessels defect,repair great vessels defect
Category I,Surgery – Respiratory/Cardiovascular,30000–39999,33777,Repair great vessels defect,repair great vessels defect
Category I,Surgery – Respiratory/Cardiovascular,30000–39999,33778,Repair great vessels defect,repair great vessels defect
Category I,Surgery – Respiratory/Cardiovascular,30000–39999,33779,Repair great vessels defect,repair great vessels defect
Category I,Surgery – Respiratory/Cardiovascular,30000–39999,33780,Repair great vessels defect,repair great vessels defect
Category I,Surgery – Respiratory/Cardiovascular,30000–39999,33781,Repair great vessels defect,repair great vessels defect
Category I,Surgery – Respiratory/Cardiovascular,30000–39999,33786,Repair arterial trunk,repair arterial trunk
Category I,Surgery – Respiratory/Cardiovascular,30000–39999,33788,Revision of pulmonary artery,revision of pulmonary artery
Category I,Surgery – Respiratory/Cardiovascular,30000–39999,33800,Aortic suspension,aortic suspension
Category I,Surgery – Respiratory/Cardiovascular,30000–39999,33802,Repair vessel defect,repair vessel defect
Category I,Surgery – Respiratory/Cardiovascular,30000–39999,33803,Repair vessel defect,repair vessel defect
Category I,Surgery – Respiratory/Cardiovascular,30000–39999,33813,Repair septal defect,repair septal defect
Category I,Surgery – Respiratory/Cardiovascular,30000–39999,33814,Repair septal defect,repair septal defect
Category I,Surgery – Respiratory/Cardiovascular,30000–39999,33820,Revise major vessel,revise major vessel
Category I,Surgery – Respiratory/Cardiovascular,30000–39999,33822,Revise major vessel,revise major vessel
Category I,Surgery – Respiratory/Cardiovascular,30000–39999,33824,Revise major vessel,revise major vessel
Category I,Surgery – Respiratory/Cardiovascular,30000–39999,33840,Remove aorta constriction,remove aorta constriction
Category I,Surgery – Respiratory/Cardiovascular,30000–39999,33845,Remove aorta constriction,remove aorta constriction
Category I,Surgery – Respiratory/Cardiovascular,30000–39999,33851,Remove aorta constriction,remove aorta constriction
Category I,Surgery – Respiratory/Cardiovascular,30000–39999,33852,Repair septal defect,repair septal defect
Category I,Surgery – Respiratory/Cardiovascular,30000–39999,33853,Repair septal defect,repair septal defect
Category I,Surgery – Respiratory/Cardiovascular,30000–39999,33860,Ascending aortic graft,ascending aortic graft
Category I,Surgery – Respiratory/Cardiovascular,30000–39999,33861,Ascending aortic graft,ascending aortic graft
Category I,Surgery – Respiratory/Cardiovascular,30000–39999,33863,Ascending aortic graft,ascending aortic graft
Category I,Surgery – Respiratory/Cardiovascular,30000–39999,33870,Transverse aortic arch graft,transverse aortic arch graft
Category I,Surgery – Respiratory/Cardiovascular,30000–39999,33875,Thoracic aortic graft,thoracic aortic graft
Category I,Surgery – Respiratory/Cardiovascular,30000–39999,33877,Thoracoabdominal graft,thoracoabdominal graft
Category I,Surgery – Respiratory/Cardiovascular,30000–39999,33910,Remove lung artery emboli,remove lung artery emboli
Category I,Surgery – Respiratory/Cardiovascular,30000–39999,33915,Remove lung artery emboli,remove lung artery emboli
Category I,Surgery – Respiratory/Cardiovascular,30000–39999,33916,Surgery of great vessel,surgery of great vessel
Category I,Surgery – Respiratory/Cardiovascular,30000–39999,33917,Repair pulmonary artery,repair pulmonary artery
Category I,Surgery – Respiratory/Cardiovascular,30000–39999,33918,Repair pulmonary atresia,repair pulmonary atresia
Category I,Surgery – Respiratory/Cardiovascular,30000–39999,33919,Repair pulmonary atresia,repair pulmonary atresia
Category I,Surgery – Respiratory/Cardiovascular,30000–39999,33920,Repair pulmonary atresia,repair pulmonary atresia
Category I,Surgery – Respiratory/Cardiovascular,30000–39999,33922,Transect pulmonary artery,transect pulmonary artery
Category I,Surgery – Respiratory/Cardiovascular,30000–39999,33924,Remove pulmonary shunt,remove pulmonary shunt
Category I,Surgery – Respiratory/Cardiovascular,30000–39999,33930,Removal of donor heart/lung,removal of donor heart/lung
Category I,Surgery – Respiratory/Cardiovascular,30000–39999,33933,Prepare donor heart/lung,prepare donor heart/lung
Category I,Surgery – Respiratory/Cardiovascular,30000–39999,33935,"""Transplantation, heart/lung""","""transplantation, heart/lung"""
Category I,Surgery – Respiratory/Cardiovascular,30000–39999,33940,Removal of donor heart,removal of donor heart
Category I,Surgery – Respiratory/Cardiovascular,30000–39999,33944,Prepare donor heart,prepare donor heart
Category I,Surgery – Respiratory/Cardiovascular,30000–39999,33945,Transplantation of heart,transplantation of heart
Category I,Surgery – Respiratory/Cardiovascular,30000–39999,33960,External circulation assist,external circulation assist
Category I,Surgery – Respiratory/Cardiovascular,30000–39999,33961,External circulation assist,external circulation assist
Category I,Surgery – Respiratory/Cardiovascular,30000–39999,33967,Insert ia percut device,insert ia percut device
Category I,Surgery – Respiratory/Cardiovascular,30000–39999,33968,Remove aortic assist device,remove aortic assist device
Category I,Surgery – Respiratory/Cardiovascular,30000–39999,33970,Aortic circulation assist,aortic circulation assist
Category I,Surgery – Respiratory/Cardiovascular,30000–39999,33971,Aortic circulation assist,aortic circulation assist
Category I,Surgery – Respiratory/Cardiovascular,30000–39999,33973,Insert balloon device,insert balloon device
Category I,Surgery – Respiratory/Cardiovascular,30000–39999,33974,Remove intra-aortic balloon,remove intra-aortic balloon
Category I,Surgery – Respiratory/Cardiovascular,30000–39999,33975,Implant ventricular device,implant ventricular device
Category I,Surgery – Respiratory/Cardiovascular,30000–39999,33976,Implant ventricular device,implant ventricular device
Category I,Surgery – Respiratory/Cardiovascular,30000–39999,33977,Remove ventricular device,remove ventricular device
Category I,Surgery – Respiratory/Cardiovascular,30000–39999,33978,Remove ventricular device,remove ventricular device
Category I,Surgery – Respiratory/Cardiovascular,30000–39999,33979,Insert intracorporeal device,insert intracorporeal device
Category I,Surgery – Respiratory/Cardiovascular,30000–39999,33980,Remove intracorporeal device,remove intracorporeal device
Category I,Surgery – Respiratory/Cardiovascular,30000–39999,33999,Cardiac surgery procedure,cardiac surgery procedure
Category I,Surgery – Respiratory/Cardiovascular,30000–39999,34001,Removal of artery clot,removal of artery clot
Category I,Surgery – Respiratory/Cardiovascular,30000–39999,34051,Removal of artery clot,removal of artery clot
Category I,Surgery – Respiratory/Cardiovascular,30000–39999,34101,Removal of artery clot,removal of artery clot
Category I,Surgery – Respiratory/Cardiovascular,30000–39999,34111,Removal of arm artery clot,removal of arm artery clot
Category I,Surgery – Respiratory/Cardiovascular,30000–39999,34151,Removal of artery clot,removal of artery clot
Category I,Surgery – Respiratory/Cardiovascular,30000–39999,34201,Removal of artery clot,removal of artery clot
Category I,Surgery – Respiratory/Cardiovascular,30000–39999,34203,Removal of leg artery clot,removal of leg artery clot
Category I,Surgery – Respiratory/Cardiovascular,30000–39999,34401,Removal of vein clot,removal of vein clot
Category I,Surgery – Respiratory/Cardiovascular,30000–39999,34421,Removal of vein clot,removal of vein clot
Category I,Surgery – Respiratory/Cardiovascular,30000–39999,34451,Removal of vein clot,removal of vein clot
Category I,Surgery – Respiratory/Cardiovascular,30000–39999,34471,Removal of vein clot,removal of vein clot
Category I,Surgery – Respiratory/Cardiovascular,30000–39999,34490,Removal of vein clot,removal of vein clot
Category I,Surgery – Respiratory/Cardiovascular,30000–39999,34501,"""Repair valve, femoral vein""","""repair valve, femoral vein"""
Category I,Surgery – Respiratory/Cardiovascular,30000–39999,34502,Reconstruct vena cava,reconstruct vena cava
Category I,Surgery – Respiratory/Cardiovascular,30000–39999,34510,Transposition of vein valve,transposition of vein valve
Category I,Surgery – Respiratory/Cardiovascular,30000–39999,34520,Cross-over vein graft,cross-over vein graft
Category I,Surgery – Respiratory/Cardiovascular,30000–39999,34530,Leg vein fusion,leg vein fusion
Category I,Surgery – Respiratory/Cardiovascular,30000–39999,34800,Endovas aaa repr w/sm tube,endovas aaa repr w/sm tube
Category I,Surgery – Respiratory/Cardiovascular,30000–39999,34802,Endovas aaa repr w/2-p part,endovas aaa repr w/2-p part
Category I,Surgery – Respiratory/Cardiovascular,30000–39999,34803,Endovas aaa repr w/3-p part,endovas aaa repr w/3-p part
Category I,Surgery – Respiratory/Cardiovascular,30000–39999,34804,Endovas aaa repr w/1-p part,endovas aaa repr w/1-p part
Category I,Surgery – Respiratory/Cardiovascular,30000–39999,34805,Endovas aaa repr w/long tube,endovas aaa repr w/long tube
Category I,Surgery – Respiratory/Cardiovascular,30000–39999,34808,Endovas iliac a device addon,endovas iliac a device addon
Category I,Surgery – Respiratory/Cardiovascular,30000–39999,34812,"""Xpose for endoprosth, femorl""","""xpose for endoprosth, femorl"""
Category I,Surgery – Respiratory/Cardiovascular,30000–39999,34813,Femoral endovas graft add-on,femoral endovas graft add-on
Category I,Surgery – Respiratory/Cardiovascular,30000–39999,34820,"""Xpose for endoprosth, iliac""","""xpose for endoprosth, iliac"""
Category I,Surgery – Respiratory/Cardiovascular,30000–39999,34825,"""Endovasc extend prosth, init""","""endovasc extend prosth, init"""
Category I,Surgery – Respiratory/Cardiovascular,30000–39999,34826,"""Endovasc exten prosth, add?l""","""endovasc exten prosth, add?l"""
Category I,Surgery – Respiratory/Cardiovascular,30000–39999,34830,Open aortic tube prosth repr,open aortic tube prosth repr
Category I,Surgery – Respiratory/Cardiovascular,30000–39999,34831,Open aortoiliac prosth repr,open aortoiliac prosth repr
Category I,Surgery – Respiratory/Cardiovascular,30000–39999,34832,Open aortofemor prosth repr,open aortofemor prosth repr
Category I,Surgery – Respiratory/Cardiovascular,30000–39999,34833,"""Xpose for endoprosth, iliac""","""xpose for endoprosth, iliac"""
Category I,Surgery – Respiratory/Cardiovascular,30000–39999,34834,"""Xpose, endoprosth, brachial""","""xpose, endoprosth, brachial"""
Category I,Surgery – Respiratory/Cardiovascular,30000–39999,34900,Endovasc iliac repr w/graft,endovasc iliac repr w/graft
Category I,Surgery – Respiratory/Cardiovascular,30000–39999,35001,Repair defect of artery,repair defect of artery
Category I,Surgery – Respiratory/Cardiovascular,30000–39999,35002,"""Repair artery rupture, neck""","""repair artery rupture, neck"""
Category I,Surgery – Respiratory/Cardiovascular,30000–39999,35005,Repair defect of artery,repair defect of artery
Category I,Surgery – Respiratory/Cardiovascular,30000–39999,35011,Repair defect of artery,repair defect of artery
Category I,Surgery – Respiratory/Cardiovascular,30000–39999,35013,"""Repair artery rupture, arm""","""repair artery rupture, arm"""
Category I,Surgery – Respiratory/Cardiovascular,30000–39999,35021,Repair defect of artery,repair defect of artery
Category I,Surgery – Respiratory/Cardiovascular,30000–39999,35022,"""Repair artery rupture, chest""","""repair artery rupture, chest"""
Category I,Surgery – Respiratory/Cardiovascular,30000–39999,35045,Repair defect of arm artery,repair defect of arm artery
Category I,Surgery – Respiratory/Cardiovascular,30000–39999,35081,Repair defect of artery,repair defect of artery
Category I,Surgery – Respiratory/Cardiovascular,30000–39999,35082,"""Repair artery rupture, aorta""","""repair artery rupture, aorta"""
Category I,Surgery – Respiratory/Cardiovascular,30000–39999,35091,Repair defect of artery,repair defect of artery
Category I,Surgery – Respiratory/Cardiovascular,30000–39999,35092,"""Repair artery rupture, aorta""","""repair artery rupture, aorta"""
Category I,Surgery – Respiratory/Cardiovascular,30000–39999,35102,Repair defect of artery,repair defect of artery
Category I,Surgery – Respiratory/Cardiovascular,30000–39999,35103,"""Repair artery rupture, groin""","""repair artery rupture, groin"""
Category I,Surgery – Respiratory/Cardiovascular,30000–39999,35111,Repair defect of artery,repair defect of artery
Category I,Surgery – Respiratory/Cardiovascular,30000–39999,35112,"""Repair artery rupture,spleen""","""repair artery rupture,spleen"""
Category I,Surgery – Respiratory/Cardiovascular,30000–39999,35121,Repair defect of artery,repair defect of artery
Category I,Surgery – Respiratory/Cardiovascular,30000–39999,35122,"""Repair artery rupture, belly""","""repair artery rupture, belly"""
Category I,Surgery – Respiratory/Cardiovascular,30000–39999,35131,Repair defect of artery,repair defect of artery
Category I,Surgery – Respiratory/Cardiovascular,30000–39999,35132,"""Repair artery rupture, groin""","""repair artery rupture, groin"""
Category I,Surgery – Respiratory/Cardiovascular,30000–39999,35141,Repair defect of artery,repair defect of artery
Category I,Surgery – Respiratory/Cardiovascular,30000–39999,35142,"""Repair artery rupture, thigh""","""repair artery rupture, thigh"""
Category I,Surgery – Respiratory/Cardiovascular,30000–39999,35151,Repair defect of artery,repair defect of artery
Category I,Surgery – Respiratory/Cardiovascular,30000–39999,35152,"""Repair artery rupture, knee""","""repair artery rupture, knee"""
Category I,Surgery – Respiratory/Cardiovascular,30000–39999,35180,Repair blood vessel lesion,repair blood vessel lesion
Category I,Surgery – Respiratory/Cardiovascular,30000–39999,35182,Repair blood vessel lesion,repair blood vessel lesion
Category I,Surgery – Respiratory/Cardiovascular,30000–39999,35184,Repair blood vessel lesion,repair blood vessel lesion
Category I,Surgery – Respiratory/Cardiovascular,30000–39999,35188,Repair blood vessel lesion,repair blood vessel lesion
Category I,Surgery – Respiratory/Cardiovascular,30000–39999,35189,Repair blood vessel lesion,repair blood vessel lesion
Category I,Surgery – Respiratory/Cardiovascular,30000–39999,35190,Repair blood vessel lesion,repair blood vessel lesion
Category I,Surgery – Respiratory/Cardiovascular,30000–39999,35201,Repair blood vessel lesion,repair blood vessel lesion
Category I,Surgery – Respiratory/Cardiovascular,30000–39999,35206,Repair blood vessel lesion,repair blood vessel lesion
Category I,Surgery – Respiratory/Cardiovascular,30000–39999,35207,Repair blood vessel lesion,repair blood vessel lesion
Category I,Surgery – Respiratory/Cardiovascular,30000–39999,35211,Repair blood vessel lesion,repair blood vessel lesion
Category I,Surgery – Respiratory/Cardiovascular,30000–39999,35216,Repair blood vessel lesion,repair blood vessel lesion
Category I,Surgery – Respiratory/Cardiovascular,30000–39999,35221,Repair blood vessel lesion,repair blood vessel lesion
Category I,Surgery – Respiratory/Cardiovascular,30000–39999,35226,Repair blood vessel lesion,repair blood vessel lesion
Category I,Surgery – Respiratory/Cardiovascular,30000–39999,35231,Repair blood vessel lesion,repair blood vessel lesion
Category I,Surgery – Respiratory/Cardiovascular,30000–39999,35236,Repair blood vessel lesion,repair blood vessel lesion
Category I,Surgery – Respiratory/Cardiovascular,30000–39999,35241,Repair blood vessel lesion,repair blood vessel lesion
Category I,Surgery – Respiratory/Cardiovascular,30000–39999,35246,Repair blood vessel lesion,repair blood vessel lesion
Category I,Surgery – Respiratory/Cardiovascular,30000–39999,35251,Repair blood vessel lesion,repair blood vessel lesion
Category I,Surgery – Respiratory/Cardiovascular,30000–39999,35256,Repair blood vessel lesion,repair blood vessel lesion
Category I,Surgery – Respiratory/Cardiovascular,30000–39999,35261,Repair blood vessel lesion,repair blood vessel lesion
Category I,Surgery – Respiratory/Cardiovascular,30000–39999,35266,Repair blood vessel lesion,repair blood vessel lesion
Category I,Surgery – Respiratory/Cardiovascular,30000–39999,35271,Repair blood vessel lesion,repair blood vessel lesion
Category I,Surgery – Respiratory/Cardiovascular,30000–39999,35276,Repair blood vessel lesion,repair blood vessel lesion
Category I,Surgery – Respiratory/Cardiovascular,30000–39999,35281,Repair blood vessel lesion,repair blood vessel lesion
Category I,Surgery – Respiratory/Cardiovascular,30000–39999,35286,Repair blood vessel lesion,repair blood vessel lesion
Category I,Surgery – Respiratory/Cardiovascular,30000–39999,35301,Rechanneling of artery,rechanneling of artery
Category I,Surgery – Respiratory/Cardiovascular,30000–39999,35311,Rechanneling of artery,rechanneling of artery
Category I,Surgery – Respiratory/Cardiovascular,30000–39999,35321,Rechanneling of artery,rechanneling of artery
Category I,Surgery – Respiratory/Cardiovascular,30000–39999,35331,Rechanneling of artery,rechanneling of artery
Category I,Surgery – Respiratory/Cardiovascular,30000–39999,35341,Rechanneling of artery,rechanneling of artery
Category I,Surgery – Respiratory/Cardiovascular,30000–39999,35351,Rechanneling of artery,rechanneling of artery
Category I,Surgery – Respiratory/Cardiovascular,30000–39999,35355,Rechanneling of artery,rechanneling of artery
Category I,Surgery – Respiratory/Cardiovascular,30000–39999,35361,Rechanneling of artery,rechanneling of artery
Category I,Surgery – Respiratory/Cardiovascular,30000–39999,35363,Rechanneling of artery,rechanneling of artery
Category I,Surgery – Respiratory/Cardiovascular,30000–39999,35371,Rechanneling of artery,rechanneling of artery
Category I,Surgery – Respiratory/Cardiovascular,30000–39999,35372,Rechanneling of artery,rechanneling of artery
Category I,Surgery – Respiratory/Cardiovascular,30000–39999,35381,Rechanneling of artery,rechanneling of artery
Category I,Surgery – Respiratory/Cardiovascular,30000–39999,35390,"""Reoperation, carotid add-on""","""reoperation, carotid add-on"""
Category I,Surgery – Respiratory/Cardiovascular,30000–39999,35400,Angioscopy,angioscopy
Category I,Surgery – Respiratory/Cardiovascular,30000–39999,35450,Repair arterial blockage,repair arterial blockage
Category I,Surgery – Respiratory/Cardiovascular,30000–39999,35452,Repair arterial blockage,repair arterial blockage
Category I,Surgery – Respiratory/Cardiovascular,30000–39999,35454,Repair arterial blockage,repair arterial blockage
Category I,Surgery – Respiratory/Cardiovascular,30000–39999,35456,Repair arterial blockage,repair arterial blockage
Category I,Surgery – Respiratory/Cardiovascular,30000–39999,35458,Repair arterial blockage,repair arterial blockage
Category I,Surgery – Respiratory/Cardiovascular,30000–39999,35459,Repair arterial blockage,repair arterial blockage
Category I,Surgery – Respiratory/Cardiovascular,30000–39999,35460,Repair venous blockage,repair venous blockage
Category I,Surgery – Respiratory/Cardiovascular,30000–39999,35470,Repair arterial blockage,repair arterial blockage
Category I,Surgery – Respiratory/Cardiovascular,30000–39999,35471,Repair arterial blockage,repair arterial blockage
Category I,Surgery – Respiratory/Cardiovascular,30000–39999,35472,Repair arterial blockage,repair arterial blockage
Category I,Surgery – Respiratory/Cardiovascular,30000–39999,35473,Repair arterial blockage,repair arterial blockage
Category I,Surgery – Respiratory/Cardiovascular,30000–39999,35474,Repair arterial blockage,repair arterial blockage
Category I,Surgery – Respiratory/Cardiovascular,30000–39999,35475,Repair arterial blockage,repair arterial blockage
Category I,Surgery – Respiratory/Cardiovascular,30000–39999,35476,Repair venous blockage,repair venous blockage
Category I,Surgery – Respiratory/Cardiovascular,30000–39999,35480,"""Atherectomy, open""","""atherectomy, open"""
Category I,Surgery – Respiratory/Cardiovascular,30000–39999,35481,"""Atherectomy, open""","""atherectomy, open"""
Category I,Surgery – Respiratory/Cardiovascular,30000–39999,35482,"""Atherectomy, open""","""atherectomy, open"""
Category I,Surgery – Respiratory/Cardiovascular,30000–39999,35483,"""Atherectomy, open""","""atherectomy, open"""
Category I,Surgery – Respiratory/Cardiovascular,30000–39999,35484,"""Atherectomy, open""","""atherectomy, open"""
Category I,Surgery – Respiratory/Cardiovascular,30000–39999,35485,"""Atherectomy, open""","""atherectomy, open"""
Category I,Surgery – Respiratory/Cardiovascular,30000–39999,35490,"""Atherectomy, percutaneous""","""atherectomy, percutaneous"""
Category I,Surgery – Respiratory/Cardiovascular,30000–39999,35491,"""Atherectomy, percutaneous""","""atherectomy, percutaneous"""
Category I,Surgery – Respiratory/Cardiovascular,30000–39999,35492,"""Atherectomy, percutaneous""","""atherectomy, percutaneous"""
Category I,Surgery – Respiratory/Cardiovascular,30000–39999,35493,"""Atherectomy, percutaneous""","""atherectomy, percutaneous"""
Category I,Surgery – Respiratory/Cardiovascular,30000–39999,35494,"""Atherectomy, percutaneous""","""atherectomy, percutaneous"""
Category I,Surgery – Respiratory/Cardiovascular,30000–39999,35495,"""Atherectomy, percutaneous""","""atherectomy, percutaneous"""
Category I,Surgery – Respiratory/Cardiovascular,30000–39999,35500,Harvest vein for bypass,harvest vein for bypass
Category I,Surgery – Respiratory/Cardiovascular,30000–39999,35501,Artery bypass graft,artery bypass graft
Category I,Surgery – Respiratory/Cardiovascular,30000–39999,35506,Artery bypass graft,artery bypass graft
Category I,Surgery – Respiratory/Cardiovascular,30000–39999,35507,Artery bypass graft,artery bypass graft
Category I,Surgery – Respiratory/Cardiovascular,30000–39999,35508,Artery bypass graft,artery bypass graft
Category I,Surgery – Respiratory/Cardiovascular,30000–39999,35509,Artery bypass graft,artery bypass graft
Category I,Surgery – Respiratory/Cardiovascular,30000–39999,35510,Artery bypass graft,artery bypass graft
Category I,Surgery – Respiratory/Cardiovascular,30000–39999,35511,Artery bypass graft,artery bypass graft
Category I,Surgery – Respiratory/Cardiovascular,30000–39999,35512,Artery bypass graft,artery bypass graft
Category I,Surgery – Respiratory/Cardiovascular,30000–39999,35515,Artery bypass graft,artery bypass graft
Category I,Surgery – Respiratory/Cardiovascular,30000–39999,35516,Artery bypass graft,artery bypass graft
Category I,Surgery – Respiratory/Cardiovascular,30000–39999,35518,Artery bypass graft,artery bypass graft
Category I,Surgery – Respiratory/Cardiovascular,30000–39999,35521,Artery bypass graft,artery bypass graft
Category I,Surgery – Respiratory/Cardiovascular,30000–39999,35522,Artery bypass graft,artery bypass graft
Category I,Surgery – Respiratory/Cardiovascular,30000–39999,35525,Artery bypass graft,artery bypass graft
Category I,Surgery – Respiratory/Cardiovascular,30000–39999,35526,Artery bypass graft,artery bypass graft
Category I,Surgery – Respiratory/Cardiovascular,30000–39999,35531,Artery bypass graft,artery bypass graft
Category I,Surgery – Respiratory/Cardiovascular,30000–39999,35533,Artery bypass graft,artery bypass graft
Category I,Surgery – Respiratory/Cardiovascular,30000–39999,35536,Artery bypass graft,artery bypass graft
Category I,Surgery – Respiratory/Cardiovascular,30000–39999,35541,Artery bypass graft,artery bypass graft
Category I,Surgery – Respiratory/Cardiovascular,30000–39999,35546,Artery bypass graft,artery bypass graft
Category I,Surgery – Respiratory/Cardiovascular,30000–39999,35548,Artery bypass graft,artery bypass graft
Category I,Surgery – Respiratory/Cardiovascular,30000–39999,35549,Artery bypass graft,artery bypass graft
Category I,Surgery – Respiratory/Cardiovascular,30000–39999,35551,Artery bypass graft,artery bypass graft
Category I,Surgery – Respiratory/Cardiovascular,30000–39999,35556,Artery bypass graft,artery bypass graft
Category I,Surgery – Respiratory/Cardiovascular,30000–39999,35558,Artery bypass graft,artery bypass graft
Category I,Surgery – Respiratory/Cardiovascular,30000–39999,35560,Artery bypass graft,artery bypass graft
Category I,Surgery – Respiratory/Cardiovascular,30000–39999,35563,Artery bypass graft,artery bypass graft
Category I,Surgery – Respiratory/Cardiovascular,30000–39999,35565,Artery bypass graft,artery bypass graft
Category I,Surgery – Respiratory/Cardiovascular,30000–39999,35566,Artery bypass graft,artery bypass graft
Category I,Surgery – Respiratory/Cardiovascular,30000–39999,35571,Artery bypass graft,artery bypass graft
Category I,Surgery – Respiratory/Cardiovascular,30000–39999,35572,Harvest femoropopliteal vein,harvest femoropopliteal vein
Category I,Surgery – Respiratory/Cardiovascular,30000–39999,35583,Vein bypass graft,vein bypass graft
Category I,Surgery – Respiratory/Cardiovascular,30000–39999,35585,Vein bypass graft,vein bypass graft
Category I,Surgery – Respiratory/Cardiovascular,30000–39999,35587,Vein bypass graft,vein bypass graft
Category I,Surgery – Respiratory/Cardiovascular,30000–39999,35600,Harvest artery for cabg,harvest artery for cabg
Category I,Surgery – Respiratory/Cardiovascular,30000–39999,35601,Artery bypass graft,artery bypass graft
Category I,Surgery – Respiratory/Cardiovascular,30000–39999,35606,Artery bypass graft,artery bypass graft
Category I,Surgery – Respiratory/Cardiovascular,30000–39999,35612,Artery bypass graft,artery bypass graft
Category I,Surgery – Respiratory/Cardiovascular,30000–39999,35616,Artery bypass graft,artery bypass graft
Category I,Surgery – Respiratory/Cardiovascular,30000–39999,35621,Artery bypass graft,artery bypass graft
Category I,Surgery – Respiratory/Cardiovascular,30000–39999,35623,"""Bypass graft, not vein""","""bypass graft, not vein"""
Category I,Surgery – Respiratory/Cardiovascular,30000–39999,35626,Artery bypass graft,artery bypass graft
Category I,Surgery – Respiratory/Cardiovascular,30000–39999,35631,Artery bypass graft,artery bypass graft
Category I,Surgery – Respiratory/Cardiovascular,30000–39999,35636,Artery bypass graft,artery bypass graft
Category I,Surgery – Respiratory/Cardiovascular,30000–39999,35641,Artery bypass graft,artery bypass graft
Category I,Surgery – Respiratory/Cardiovascular,30000–39999,35642,Artery bypass graft,artery bypass graft
Category I,Surgery – Respiratory/Cardiovascular,30000–39999,35645,Artery bypass graft,artery bypass graft
Category I,Surgery – Respiratory/Cardiovascular,30000–39999,35646,Artery bypass graft,artery bypass graft
Category I,Surgery – Respiratory/Cardiovascular,30000–39999,35647,Artery bypass graft,artery bypass graft
Category I,Surgery – Respiratory/Cardiovascular,30000–39999,35650,Artery bypass graft,artery bypass graft
Category I,Surgery – Respiratory/Cardiovascular,30000–39999,35651,Artery bypass graft,artery bypass graft
Category I,Surgery – Respiratory/Cardiovascular,30000–39999,35654,Artery bypass graft,artery bypass graft
Category I,Surgery – Respiratory/Cardiovascular,30000–39999,35656,Artery bypass graft,artery bypass graft
Category I,Surgery – Respiratory/Cardiovascular,30000–39999,35661,Artery bypass graft,artery bypass graft
Category I,Surgery – Respiratory/Cardiovascular,30000–39999,35663,Artery bypass graft,artery bypass graft
Category I,Surgery – Respiratory/Cardiovascular,30000–39999,35665,Artery bypass graft,artery bypass graft
Category I,Surgery – Respiratory/Cardiovascular,30000–39999,35666,Artery bypass graft,artery bypass graft
Category I,Surgery – Respiratory/Cardiovascular,30000–39999,35671,Artery bypass graft,artery bypass graft
Category I,Surgery – Respiratory/Cardiovascular,30000–39999,35681,Composite bypass graft,composite bypass graft
Category I,Surgery – Respiratory/Cardiovascular,30000–39999,35682,Composite bypass graft,composite bypass graft
Category I,Surgery – Respiratory/Cardiovascular,30000–39999,35683,Composite bypass graft,composite bypass graft
Category I,Surgery – Respiratory/Cardiovascular,30000–39999,35685,Bypass graft patency/patch,bypass graft patency/patch
Category I,Surgery – Respiratory/Cardiovascular,30000–39999,35686,Bypass graft/av fist patency,bypass graft/av fist patency
Category I,Surgery – Respiratory/Cardiovascular,30000–39999,35691,Arterial transposition,arterial transposition
Category I,Surgery – Respiratory/Cardiovascular,30000–39999,35693,Arterial transposition,arterial transposition
Category I,Surgery – Respiratory/Cardiovascular,30000–39999,35694,Arterial transposition,arterial transposition
Category I,Surgery – Respiratory/Cardiovascular,30000–39999,35695,Arterial transposition,arterial transposition
Category I,Surgery – Respiratory/Cardiovascular,30000–39999,35697,Reimplant artery each,reimplant artery each
Category I,Surgery – Respiratory/Cardiovascular,30000–39999,35700,"""Reoperation, bypass graft""","""reoperation, bypass graft"""
Category I,Surgery – Respiratory/Cardiovascular,30000–39999,35701,"""Exploration, carotid artery""","""exploration, carotid artery"""
Category I,Surgery – Respiratory/Cardiovascular,30000–39999,35721,"""Exploration, femoral artery""","""exploration, femoral artery"""
Category I,Surgery – Respiratory/Cardiovascular,30000–39999,35741,Exploration popliteal artery,exploration popliteal artery
Category I,Surgery – Respiratory/Cardiovascular,30000–39999,35761,Exploration of artery/vein,exploration of artery/vein
Category I,Surgery – Respiratory/Cardiovascular,30000–39999,35800,Explore neck vessels,explore neck vessels
Category I,Surgery – Respiratory/Cardiovascular,30000–39999,35820,Explore chest vessels,explore chest vessels
Category I,Surgery – Respiratory/Cardiovascular,30000–39999,35840,Explore abdominal vessels,explore abdominal vessels
Category I,Surgery – Respiratory/Cardiovascular,30000–39999,35860,Explore limb vessels,explore limb vessels
Category I,Surgery – Respiratory/Cardiovascular,30000–39999,35870,Repair vessel graft defect,repair vessel graft defect
Category I,Surgery – Respiratory/Cardiovascular,30000–39999,35875,Removal of clot in graft,removal of clot in graft
Category I,Surgery – Respiratory/Cardiovascular,30000–39999,35876,Removal of clot in graft,removal of clot in graft
Category I,Surgery – Respiratory/Cardiovascular,30000–39999,35879,Revise graft w/vein,revise graft w/vein
Category I,Surgery – Respiratory/Cardiovascular,30000–39999,35881,Revise graft w/vein,revise graft w/vein
Category I,Surgery – Respiratory/Cardiovascular,30000–39999,35901,"""Excision, graft, neck""","""excision, graft, neck"""
Category I,Surgery – Respiratory/Cardiovascular,30000–39999,35903,"""Excision, graft, extremity""","""excision, graft, extremity"""
Category I,Surgery – Respiratory/Cardiovascular,30000–39999,35905,"""Excision, graft, thorax""","""excision, graft, thorax"""
Category I,Surgery – Respiratory/Cardiovascular,30000–39999,35907,"""Excision, graft, abdomen""","""excision, graft, abdomen"""
Category I,Surgery – Respiratory/Cardiovascular,30000–39999,36000,Place needle in vein,place needle in vein
Category I,Surgery – Respiratory/Cardiovascular,30000–39999,36002,Pseudoaneurysm injection trt,pseudoaneurysm injection trt
Category I,Surgery – Respiratory/Cardiovascular,30000–39999,36005,Injection ext venography,injection ext venography
Category I,Surgery – Respiratory/Cardiovascular,30000–39999,36010,Place catheter in vein,place catheter in vein
Category I,Surgery – Respiratory/Cardiovascular,30000–39999,36011,Place catheter in vein,place catheter in vein
Category I,Surgery – Respiratory/Cardiovascular,30000–39999,36012,Place catheter in vein,place catheter in vein
Category I,Surgery – Respiratory/Cardiovascular,30000–39999,36013,Place catheter in artery,place catheter in artery
Category I,Surgery – Respiratory/Cardiovascular,30000–39999,36014,Place catheter in artery,place catheter in artery
Category I,Surgery – Respiratory/Cardiovascular,30000–39999,36015,Place catheter in artery,place catheter in artery
Category I,Surgery – Respiratory/Cardiovascular,30000–39999,36100,Establish access to artery,establish access to artery
Category I,Surgery – Respiratory/Cardiovascular,30000–39999,36120,Establish access to artery,establish access to artery
Category I,Surgery – Respiratory/Cardiovascular,30000–39999,36140,Establish access to artery,establish access to artery
Category I,Surgery – Respiratory/Cardiovascular,30000–39999,36145,Artery to vein shunt,artery to vein shunt
Category I,Surgery – Respiratory/Cardiovascular,30000–39999,36160,Establish access to aorta,establish access to aorta
Category I,Surgery – Respiratory/Cardiovascular,30000–39999,36200,Place catheter in aorta,place catheter in aorta
Category I,Surgery – Respiratory/Cardiovascular,30000–39999,36215,Place catheter in artery,place catheter in artery
Category I,Surgery – Respiratory/Cardiovascular,30000–39999,36216,Place catheter in artery,place catheter in artery
Category I,Surgery – Respiratory/Cardiovascular,30000–39999,36217,Place catheter in artery,place catheter in artery
Category I,Surgery – Respiratory/Cardiovascular,30000–39999,36218,Place catheter in artery,place catheter in artery
Category I,Surgery – Respiratory/Cardiovascular,30000–39999,36245,Place catheter in artery,place catheter in artery
Category I,Surgery – Respiratory/Cardiovascular,30000–39999,36246,Place catheter in artery,place catheter in artery
Category I,Surgery – Respiratory/Cardiovascular,30000–39999,36247,Place catheter in artery,place catheter in artery
Category I,Surgery – Respiratory/Cardiovascular,30000–39999,36248,Place catheter in artery,place catheter in artery
Category I,Surgery – Respiratory/Cardiovascular,30000–39999,36260,Insertion of infusion pump,insertion of infusion pump
Category I,Surgery – Respiratory/Cardiovascular,30000–39999,36261,Revision of infusion pump,revision of infusion pump
Category I,Surgery – Respiratory/Cardiovascular,30000–39999,36262,Removal of infusion pump,removal of infusion pump
Category I,Surgery – Respiratory/Cardiovascular,30000–39999,36299,Vessel injection procedure,vessel injection procedure
Category I,Surgery – Respiratory/Cardiovascular,30000–39999,36400,Bl draw < 3 yrs fem/jugular,bl draw < 3 yrs fem/jugular
Category I,Surgery – Respiratory/Cardiovascular,30000–39999,36405,Bl draw < 3 yrs scalp vein,bl draw < 3 yrs scalp vein
Category I,Surgery – Respiratory/Cardiovascular,30000–39999,36406,Bl draw < 3 yrs other vein,bl draw < 3 yrs other vein
Category I,Surgery – Respiratory/Cardiovascular,30000–39999,36410,Non-routine bl draw > 3 yrs,non-routine bl draw > 3 yrs
Category I,Surgery – Respiratory/Cardiovascular,30000–39999,36415,Routine venipuncture,routine venipuncture
Category I,Surgery – Respiratory/Cardiovascular,30000–39999,36416,Capillary blood draw,capillary blood draw
Category I,Surgery – Respiratory/Cardiovascular,30000–39999,36420,Vein access cutdown < 1 yr,vein access cutdown < 1 yr
Category I,Surgery – Respiratory/Cardiovascular,30000–39999,36425,Vein access cutdown > 1 yr,vein access cutdown > 1 yr
Category I,Surgery – Respiratory/Cardiovascular,30000–39999,36430,Blood transfusion service,blood transfusion service
Category I,Surgery – Respiratory/Cardiovascular,30000–39999,36440,"""Bl push transfuse, 2 yr or <""","""bl push transfuse, 2 yr or <"""
Category I,Surgery – Respiratory/Cardiovascular,30000–39999,36450,"""Bl exchange/transfuse, nb""","""bl exchange/transfuse, nb"""
Category I,Surgery – Respiratory/Cardiovascular,30000–39999,36455,Bl exchange/transfuse non-nb,bl exchange/transfuse non-nb
Category I,Surgery – Respiratory/Cardiovascular,30000–39999,36460,"""Transfusion service, fetal""","""transfusion service, fetal"""
Category I,Surgery – Respiratory/Cardiovascular,30000–39999,36468,"""Injection(s), spider veins""","""injection(s), spider veins"""
Category I,Surgery – Respiratory/Cardiovascular,30000–39999,36469,"""Injection(s), spider veins""","""injection(s), spider veins"""
Category I,Surgery – Respiratory/Cardiovascular,30000–39999,36470,Injection therapy of vein,injection therapy of vein
Category I,Surgery – Respiratory/Cardiovascular,30000–39999,36471,Injection therapy of veins,injection therapy of veins
Category I,Surgery – Respiratory/Cardiovascular,30000–39999,36475,"""Endovenous rf, 1st vein""","""endovenous rf, 1st vein"""
Category I,Surgery – Respiratory/Cardiovascular,30000–39999,36476,"""Endovenous rf, vein add-on""","""endovenous rf, vein add-on"""
Category I,Surgery – Respiratory/Cardiovascular,30000–39999,36478,"""Endovenous laser, 1st vein""","""endovenous laser, 1st vein"""
Category I,Surgery – Respiratory/Cardiovascular,30000–39999,36479,Endovenous laser vein addon,endovenous laser vein addon
Category I,Surgery – Respiratory/Cardiovascular,30000–39999,36481,"""Insertion of catheter, vein""","""insertion of catheter, vein"""
Category I,Surgery – Respiratory/Cardiovascular,30000–39999,36500,"""Insertion of catheter, vein""","""insertion of catheter, vein"""
Category I,Surgery – Respiratory/Cardiovascular,30000–39999,36510,"""Insertion of catheter, vein""","""insertion of catheter, vein"""
Category I,Surgery – Respiratory/Cardiovascular,30000–39999,36511,Apheresis wbc,apheresis wbc
Category I,Surgery – Respiratory/Cardiovascular,30000–39999,36512,Apheresis rbc,apheresis rbc
Category I,Surgery – Respiratory/Cardiovascular,30000–39999,36513,Apheresis platelets,apheresis platelets
Category I,Surgery – Respiratory/Cardiovascular,30000–39999,36514,Apheresis plasma,apheresis plasma
Category I,Surgery – Respiratory/Cardiovascular,30000–39999,36515,"""Apheresis, adsorp/reinfuse""","""apheresis, adsorp/reinfuse"""
Category I,Surgery – Respiratory/Cardiovascular,30000–39999,36516,"""Apheresis, selective""","""apheresis, selective"""
Category I,Surgery – Respiratory/Cardiovascular,30000–39999,36522,Photopheresis,photopheresis
Category I,Surgery – Respiratory/Cardiovascular,30000–39999,36540,Collect blood venous device,collect blood venous device
Category I,Surgery – Respiratory/Cardiovascular,30000–39999,36550,Declot vascular device,declot vascular device
Category I,Surgery – Respiratory/Cardiovascular,30000–39999,36555,Insert non-tunnel cv cath,insert non-tunnel cv cath
Category I,Surgery – Respiratory/Cardiovascular,30000–39999,36556,Insert non-tunnel cv cath,insert non-tunnel cv cath
Category I,Surgery – Respiratory/Cardiovascular,30000–39999,36557,Insert tunneled cv cath,insert tunneled cv cath
Category I,Surgery – Respiratory/Cardiovascular,30000–39999,36558,Insert tunneled cv cath,insert tunneled cv cath
Category I,Surgery – Respiratory/Cardiovascular,30000–39999,36560,Insert tunneled cv cath,insert tunneled cv cath
Category I,Surgery – Respiratory/Cardiovascular,30000–39999,36561,Insert tunneled cv cath,insert tunneled cv cath
Category I,Surgery – Respiratory/Cardiovascular,30000–39999,36563,Insert tunneled cv cath,insert tunneled cv cath
Category I,Surgery – Respiratory/Cardiovascular,30000–39999,36565,Insert tunneled cv cath,insert tunneled cv cath
Category I,Surgery – Respiratory/Cardiovascular,30000–39999,36566,Insert tunneled cv cath,insert tunneled cv cath
Category I,Surgery – Respiratory/Cardiovascular,30000–39999,36568,Insert picc cath,insert picc cath
Category I,Surgery – Respiratory/Cardiovascular,30000–39999,36569,Insert picc cath,insert picc cath
Category I,Surgery – Respiratory/Cardiovascular,30000–39999,36570,Insert picvad cath,insert picvad cath
Category I,Surgery – Respiratory/Cardiovascular,30000–39999,36571,Insert picvad cath,insert picvad cath
Category I,Surgery – Respiratory/Cardiovascular,30000–39999,36575,Repair tunneled cv cath,repair tunneled cv cath
Category I,Surgery – Respiratory/Cardiovascular,30000–39999,36576,Repair tunneled cv cath,repair tunneled cv cath
Category I,Surgery – Respiratory/Cardiovascular,30000–39999,36578,Replace tunneled cv cath,replace tunneled cv cath
Category I,Surgery – Respiratory/Cardiovascular,30000–39999,36580,Replace cvad cath,replace cvad cath
Category I,Surgery – Respiratory/Cardiovascular,30000–39999,36581,Replace tunneled cv cath,replace tunneled cv cath
Category I,Surgery – Respiratory/Cardiovascular,30000–39999,36582,Replace tunneled cv cath,replace tunneled cv cath
Category I,Surgery – Respiratory/Cardiovascular,30000–39999,36583,Replace tunneled cv cath,replace tunneled cv cath
Category I,Surgery – Respiratory/Cardiovascular,30000–39999,36584,Replace picc cath,replace picc cath
Category I,Surgery – Respiratory/Cardiovascular,30000–39999,36585,Replace picvad cath,replace picvad cath
Category I,Surgery – Respiratory/Cardiovascular,30000–39999,36589,Removal tunneled cv cath,removal tunneled cv cath
Category I,Surgery – Respiratory/Cardiovascular,30000–39999,36590,Removal tunneled cv cath,removal tunneled cv cath
Category I,Surgery – Respiratory/Cardiovascular,30000–39999,36595,Mech remov tunneled cv cath,mech remov tunneled cv cath
Category I,Surgery – Respiratory/Cardiovascular,30000–39999,36596,Mech remov tunneled cv cath,mech remov tunneled cv cath
Category I,Surgery – Respiratory/Cardiovascular,30000–39999,36597,Reposition venous catheter,reposition venous catheter
Category I,Surgery – Respiratory/Cardiovascular,30000–39999,36600,Withdrawal of arterial blood,withdrawal of arterial blood
Category I,Surgery – Respiratory/Cardiovascular,30000–39999,36620,"""Insertion catheter, artery""","""insertion catheter, artery"""
Category I,Surgery – Respiratory/Cardiovascular,30000–39999,36625,"""Insertion catheter, artery""","""insertion catheter, artery"""
Category I,Surgery – Respiratory/Cardiovascular,30000–39999,36640,"""Insertion catheter, artery""","""insertion catheter, artery"""
Category I,Surgery – Respiratory/Cardiovascular,30000–39999,36660,"""Insertion catheter, artery""","""insertion catheter, artery"""
Category I,Surgery – Respiratory/Cardiovascular,30000–39999,36680,"""Insert needle, bone cavity""","""insert needle, bone cavity"""
Category I,Surgery – Respiratory/Cardiovascular,30000–39999,36800,Insertion of cannula,insertion of cannula
Category I,Surgery – Respiratory/Cardiovascular,30000–39999,36810,Insertion of cannula,insertion of cannula
Category I,Surgery – Respiratory/Cardiovascular,30000–39999,36815,Insertion of cannula,insertion of cannula
Category I,Surgery – Respiratory/Cardiovascular,30000–39999,36818,"""Av fuse, uppr arm, cephalic""","""av fuse, uppr arm, cephalic"""
Category I,Surgery – Respiratory/Cardiovascular,30000–39999,36819,"""Av fuse, uppr arm, basilic""","""av fuse, uppr arm, basilic"""
Category I,Surgery – Respiratory/Cardiovascular,30000–39999,36820,Av fusion/forearm vein,av fusion/forearm vein
Category I,Surgery – Respiratory/Cardiovascular,30000–39999,36821,Av fusion direct any site,av fusion direct any site
Category I,Surgery – Respiratory/Cardiovascular,30000–39999,36822,Insertion of cannula(s),insertion of cannula(s)
Category I,Surgery – Respiratory/Cardiovascular,30000–39999,36823,Insertion of cannula(s),insertion of cannula(s)
Category I,Surgery – Respiratory/Cardiovascular,30000–39999,36825,Artery-vein autograft,artery-vein autograft
Category I,Surgery – Respiratory/Cardiovascular,30000–39999,36830,Artery-vein nonautograft,artery-vein nonautograft
Category I,Surgery – Respiratory/Cardiovascular,30000–39999,36831,Open thrombect av fistula,open thrombect av fistula
Category I,Surgery – Respiratory/Cardiovascular,30000–39999,36832,"""Av fistula revision, open""","""av fistula revision, open"""
Category I,Surgery – Respiratory/Cardiovascular,30000–39999,36833,Av fistula revision,av fistula revision
Category I,Surgery – Respiratory/Cardiovascular,30000–39999,36834,Repair A-V aneurysm,repair a-v aneurysm
Category I,Surgery – Respiratory/Cardiovascular,30000–39999,36835,Artery to vein shunt,artery to vein shunt
Category I,Surgery – Respiratory/Cardiovascular,30000–39999,36838,"""Dist revas ligation, hemo""","""dist revas ligation, hemo"""
Category I,Surgery – Respiratory/Cardiovascular,30000–39999,36860,External cannula declotting,external cannula declotting
Category I,Surgery – Respiratory/Cardiovascular,30000–39999,36861,Cannula declotting,cannula declotting
Category I,Surgery – Respiratory/Cardiovascular,30000–39999,36870,Percut thrombect av fistula,percut thrombect av fistula
Category I,Surgery – Respiratory/Cardiovascular,30000–39999,37140,Revision of circulation,revision of circulation
Category I,Surgery – Respiratory/Cardiovascular,30000–39999,37145,Revision of circulation,revision of circulation
Category I,Surgery – Respiratory/Cardiovascular,30000–39999,37160,Revision of circulation,revision of circulation
Category I,Surgery – Respiratory/Cardiovascular,30000–39999,37180,Revision of circulation,revision of circulation
Category I,Surgery – Respiratory/Cardiovascular,30000–39999,37181,Splice spleen/kidney veins,splice spleen/kidney veins
Category I,Surgery – Respiratory/Cardiovascular,30000–39999,37182,Insert hepatic shunt (tips),insert hepatic shunt (tips)
Category I,Surgery – Respiratory/Cardiovascular,30000–39999,37183,Remove hepatic shunt (tips),remove hepatic shunt (tips)
Category I,Surgery – Respiratory/Cardiovascular,30000–39999,37195,"""Thrombolytic therapy, stroke""","""thrombolytic therapy, stroke"""
Category I,Surgery – Respiratory/Cardiovascular,30000–39999,37200,Transcatheter biopsy,transcatheter biopsy
Category I,Surgery – Respiratory/Cardiovascular,30000–39999,37201,Transcatheter therapy infuse,transcatheter therapy infuse
Category I,Surgery – Respiratory/Cardiovascular,30000–39999,37202,Transcatheter therapy infuse,transcatheter therapy infuse
Category I,Surgery – Respiratory/Cardiovascular,30000–39999,37203,Transcatheter retrieval,transcatheter retrieval
Category I,Surgery – Respiratory/Cardiovascular,30000–39999,37204,Transcatheter occlusion,transcatheter occlusion
Category I,Surgery – Respiratory/Cardiovascular,30000–39999,37205,"""Transcath iv stent, percut""","""transcath iv stent, percut"""
Category I,Surgery – Respiratory/Cardiovascular,30000–39999,37206,Transcath iv stent/perc addl,transcath iv stent/perc addl
Category I,Surgery – Respiratory/Cardiovascular,30000–39999,37207,"""Transcath iv stent, open""","""transcath iv stent, open"""
Category I,Surgery – Respiratory/Cardiovascular,30000–39999,37208,Transcath iv stent/open addl,transcath iv stent/open addl
Category I,Surgery – Respiratory/Cardiovascular,30000–39999,37209,Exchange arterial catheter,exchange arterial catheter
Category I,Surgery – Respiratory/Cardiovascular,30000–39999,37215,"""Transcath stent, cca w/eps""","""transcath stent, cca w/eps"""
Category I,Surgery – Respiratory/Cardiovascular,30000–39999,37216,"""Transcath stent, cca w/o eps""","""transcath stent, cca w/o eps"""
Category I,Surgery – Respiratory/Cardiovascular,30000–39999,37250,Iv us first vessel add-on,iv us first vessel add-on
Category I,Surgery – Respiratory/Cardiovascular,30000–39999,37251,Iv us each add vessel add-on,iv us each add vessel add-on
Category I,Surgery – Respiratory/Cardiovascular,30000–39999,37500,Endoscopy ligate perf veins,endoscopy ligate perf veins
Category I,Surgery – Respiratory/Cardiovascular,30000–39999,37501,Vascular endoscopy procedure,vascular endoscopy procedure
Category I,Surgery – Respiratory/Cardiovascular,30000–39999,37565,Ligation of neck vein,ligation of neck vein
Category I,Surgery – Respiratory/Cardiovascular,30000–39999,37600,Ligation of neck artery,ligation of neck artery
Category I,Surgery – Respiratory/Cardiovascular,30000–39999,37605,Ligation of neck artery,ligation of neck artery
Category I,Surgery – Respiratory/Cardiovascular,30000–39999,37606,Ligation of neck artery,ligation of neck artery
Category I,Surgery – Respiratory/Cardiovascular,30000–39999,37607,Ligation of a-v fistula,ligation of a-v fistula
Category I,Surgery – Respiratory/Cardiovascular,30000–39999,37609,Temporal artery procedure,temporal artery procedure
Category I,Surgery – Respiratory/Cardiovascular,30000–39999,37615,Ligation of neck artery,ligation of neck artery
Category I,Surgery – Respiratory/Cardiovascular,30000–39999,37616,Ligation of chest artery,ligation of chest artery
Category I,Surgery – Respiratory/Cardiovascular,30000–39999,37617,Ligation of abdomen artery,ligation of abdomen artery
Category I,Surgery – Respiratory/Cardiovascular,30000–39999,37618,Ligation of extremity artery,ligation of extremity artery
Category I,Surgery – Respiratory/Cardiovascular,30000–39999,37620,Revision of major vein,revision of major vein
Category I,Surgery – Respiratory/Cardiovascular,30000–39999,37650,Revision of major vein,revision of major vein
Category I,Surgery – Respiratory/Cardiovascular,30000–39999,37660,Revision of major vein,revision of major vein
Category I,Surgery – Respiratory/Cardiovascular,30000–39999,37700,Revise leg vein,revise leg vein
Category I,Surgery – Respiratory/Cardiovascular,30000–39999,37720,Removal of leg vein,removal of leg vein
Category I,Surgery – Respiratory/Cardiovascular,30000–39999,37730,Removal of leg veins,removal of leg veins
Category I,Surgery – Respiratory/Cardiovascular,30000–39999,37735,Removal of leg veins/lesion,removal of leg veins/lesion
Category I,Surgery – Respiratory/Cardiovascular,30000–39999,37760,"""Ligation, leg veins, open""","""ligation, leg veins, open"""
Category I,Surgery – Respiratory/Cardiovascular,30000–39999,37765,Phleb veins - extrem - to 20,phleb veins - extrem - to 20
Category I,Surgery – Respiratory/Cardiovascular,30000–39999,37766,Phleb veins - extrem 20+,phleb veins - extrem 20+
Category I,Surgery – Respiratory/Cardiovascular,30000–39999,37780,Revision of leg vein,revision of leg vein
Category I,Surgery – Respiratory/Cardiovascular,30000–39999,37785,Ligate/divide/excise vein,ligate/divide/excise vein
Category I,Surgery – Respiratory/Cardiovascular,30000–39999,37788,"""Revascularization, penis""","""revascularization, penis"""
Category I,Surgery – Respiratory/Cardiovascular,30000–39999,37790,Penile venous occlusion,penile venous occlusion
Category I,Surgery – Respiratory/Cardiovascular,30000–39999,37799,Vascular surgery procedure,vascular surgery procedure
Category I,Surgery – Respiratory/Cardiovascular,30000–39999,38100,"""Removal of spleen, total""","""removal of spleen, total"""
Category I,Surgery – Respiratory/Cardiovascular,30000–39999,38101,"""Removal of spleen, partial""","""removal of spleen, partial"""
Category I,Surgery – Respiratory/Cardiovascular,30000–39999,38102,"""Removal of spleen, total""","""removal of spleen, total"""
Category I,Surgery – Respiratory/Cardiovascular,30000–39999,38115,Repair of ruptured spleen,repair of ruptured spleen
Category I,Surgery – Respiratory/Cardiovascular,30000–39999,38120,"""Laparoscopy, splenectomy""","""laparoscopy, splenectomy"""
Category I,Surgery – Respiratory/Cardiovascular,30000–39999,38129,"""Laparoscope proc, spleen""","""laparoscope proc, spleen"""
Category I,Surgery – Respiratory/Cardiovascular,30000–39999,38200,Injection for spleen x-ray,injection for spleen x-ray
Category I,Surgery – Respiratory/Cardiovascular,30000–39999,38204,Bl donor search management,bl donor search management
Category I,Surgery – Respiratory/Cardiovascular,30000–39999,38205,Harvest allogenic stem cells,harvest allogenic stem cells
Category I,Surgery – Respiratory/Cardiovascular,30000–39999,38206,Harvest auto stem cells,harvest auto stem cells
Category I,Surgery – Respiratory/Cardiovascular,30000–39999,38207,Cryopreserve stem cells,cryopreserve stem cells
Category I,Surgery – Respiratory/Cardiovascular,30000–39999,38208,Thaw preserved stem cells,thaw preserved stem cells
Category I,Surgery – Respiratory/Cardiovascular,30000–39999,38209,Wash harvest stem cells,wash harvest stem cells
Category I,Surgery – Respiratory/Cardiovascular,30000–39999,38210,T-cell depletion of harvest,t-cell depletion of harvest
Category I,Surgery – Respiratory/Cardiovascular,30000–39999,38211,Tumor cell deplete of harvst,tumor cell deplete of harvst
Category I,Surgery – Respiratory/Cardiovascular,30000–39999,38212,Rbc depletion of harvest,rbc depletion of harvest
Category I,Surgery – Respiratory/Cardiovascular,30000–39999,38213,Platelet deplete of harvest,platelet deplete of harvest
Category I,Surgery – Respiratory/Cardiovascular,30000–39999,38214,Volume deplete of harvest,volume deplete of harvest
Category I,Surgery – Respiratory/Cardiovascular,30000–39999,38215,Harvest stem cell concentrte,harvest stem cell concentrte
Category I,Surgery – Respiratory/Cardiovascular,30000–39999,38220,Bone marrow aspiration,bone marrow aspiration
Category I,Surgery – Respiratory/Cardiovascular,30000–39999,38221,Bone marrow biopsy,bone marrow biopsy
Category I,Surgery – Respiratory/Cardiovascular,30000–39999,38230,Bone marrow collection,bone marrow collection
Category I,Surgery – Respiratory/Cardiovascular,30000–39999,38240,Bone marrow/stem transplant,bone marrow/stem transplant
Category I,Surgery – Respiratory/Cardiovascular,30000–39999,38241,Bone marrow/stem transplant,bone marrow/stem transplant
Category I,Surgery – Respiratory/Cardiovascular,30000–39999,38242,Lymphocyte infuse transplant,lymphocyte infuse transplant
Category I,Surgery – Respiratory/Cardiovascular,30000–39999,38300,"""Drainage, lymph node lesion""","""drainage, lymph node lesion"""
Category I,Surgery – Respiratory/Cardiovascular,30000–39999,38305,"""Drainage, lymph node lesion""","""drainage, lymph node lesion"""
Category I,Surgery – Respiratory/Cardiovascular,30000–39999,38308,Incision of lymph channels,incision of lymph channels
Category I,Surgery – Respiratory/Cardiovascular,30000–39999,38380,Thoracic duct procedure,thoracic duct procedure
Category I,Surgery – Respiratory/Cardiovascular,30000–39999,38381,Thoracic duct procedure,thoracic duct procedure
Category I,Surgery – Respiratory/Cardiovascular,30000–39999,38382,Thoracic duct procedure,thoracic duct procedure
Category I,Surgery – Respiratory/Cardiovascular,30000–39999,38500,"""Biopsy/removal, lymph nodes""","""biopsy/removal, lymph nodes"""
Category I,Surgery – Respiratory/Cardiovascular,30000–39999,38505,"""Needle biopsy, lymph nodes""","""needle biopsy, lymph nodes"""
Category I,Surgery – Respiratory/Cardiovascular,30000–39999,38510,"""Biopsy/removal, lymph nodes""","""biopsy/removal, lymph nodes"""
Category I,Surgery – Respiratory/Cardiovascular,30000–39999,38520,"""Biopsy/removal, lymph nodes""","""biopsy/removal, lymph nodes"""
Category I,Surgery – Respiratory/Cardiovascular,30000–39999,38525,"""Biopsy/removal, lymph nodes""","""biopsy/removal, lymph nodes"""
Category I,Surgery – Respiratory/Cardiovascular,30000–39999,38530,"""Biopsy/removal, lymph nodes""","""biopsy/removal, lymph nodes"""
Category I,Surgery – Respiratory/Cardiovascular,30000–39999,38542,"""Explore deep node(s), neck""","""explore deep node(s), neck"""
Category I,Surgery – Respiratory/Cardiovascular,30000–39999,38550,"""Removal, neck/armpit lesion""","""removal, neck/armpit lesion"""
Category I,Surgery – Respiratory/Cardiovascular,30000–39999,38555,"""Removal, neck/armpit lesion""","""removal, neck/armpit lesion"""
Category I,Surgery – Respiratory/Cardiovascular,30000–39999,38562,"""Removal, pelvic lymph nodes""","""removal, pelvic lymph nodes"""
Category I,Surgery – Respiratory/Cardiovascular,30000–39999,38564,"""Removal, abdomen lymph nodes""","""removal, abdomen lymph nodes"""
Category I,Surgery – Respiratory/Cardiovascular,30000–39999,38570,"""Laparoscopy, lymph node biop""","""laparoscopy, lymph node biop"""
Category I,Surgery – Respiratory/Cardiovascular,30000–39999,38571,"""Laparoscopy, lymphadenectomy""","""laparoscopy, lymphadenectomy"""
Category I,Surgery – Respiratory/Cardiovascular,30000–39999,38572,"""Laparoscopy, lymphadenectomy""","""laparoscopy, lymphadenectomy"""
Category I,Surgery – Respiratory/Cardiovascular,30000–39999,38589,"""Laparoscope proc, lymphatic""","""laparoscope proc, lymphatic"""
Category I,Surgery – Respiratory/Cardiovascular,30000–39999,38700,"""Removal of lymph nodes, neck""","""removal of lymph nodes, neck"""
Category I,Surgery – Respiratory/Cardiovascular,30000–39999,38720,"""Removal of lymph nodes, neck""","""removal of lymph nodes, neck"""
Category I,Surgery – Respiratory/Cardiovascular,30000–39999,38724,"""Removal of lymph nodes, neck""","""removal of lymph nodes, neck"""
Category I,Surgery – Respiratory/Cardiovascular,30000–39999,38740,Remove armpit lymph nodes,remove armpit lymph nodes
Category I,Surgery – Respiratory/Cardiovascular,30000–39999,38745,Remove armpit lymph nodes,remove armpit lymph nodes
Category I,Surgery – Respiratory/Cardiovascular,30000–39999,38746,Remove thoracic lymph nodes,remove thoracic lymph nodes
Category I,Surgery – Respiratory/Cardiovascular,30000–39999,38747,Remove abdominal lymph nodes,remove abdominal lymph nodes
Category I,Surgery – Respiratory/Cardiovascular,30000–39999,38760,Remove groin lymph nodes,remove groin lymph nodes
Category I,Surgery – Respiratory/Cardiovascular,30000–39999,38765,Remove groin lymph nodes,remove groin lymph nodes
Category I,Surgery – Respiratory/Cardiovascular,30000–39999,38770,Remove pelvis lymph nodes,remove pelvis lymph nodes
Category I,Surgery – Respiratory/Cardiovascular,30000–39999,38780,Remove abdomen lymph nodes,remove abdomen lymph nodes
Category I,Surgery – Respiratory/Cardiovascular,30000–39999,38790,Inject for lymphatic x-ray,inject for lymphatic x-ray
Category I,Surgery – Respiratory/Cardiovascular,30000–39999,38792,Identify sentinel node,identify sentinel node
Category I,Surgery – Respiratory/Cardiovascular,30000–39999,38794,Access thoracic lymph duct,access thoracic lymph duct
Category I,Surgery – Respiratory/Cardiovascular,30000–39999,38999,Blood/lymph system procedure,blood/lymph system procedure
Category I,Surgery – Respiratory/Cardiovascular,30000–39999,39000,Exploration of chest,exploration of chest
Category I,Surgery – Respiratory/Cardiovascular,30000–39999,39010,Exploration of chest,exploration of chest
Category I,Surgery – Respiratory/Cardiovascular,30000–39999,39200,Removal chest lesion,removal chest lesion
Category I,Surgery – Respiratory/Cardiovascular,30000–39999,39220,Removal chest lesion,removal chest lesion
Category I,Surgery – Respiratory/Cardiovascular,30000–39999,39400,Visualization of chest,visualization of chest
Category I,Surgery – Respiratory/Cardiovascular,30000–39999,39499,Chest procedure,chest procedure
Category I,Surgery – Respiratory/Cardiovascular,30000–39999,39501,Repair diaphragm laceration,repair diaphragm laceration
Category I,Surgery – Respiratory/Cardiovascular,30000–39999,39502,Repair paraesophageal hernia,repair paraesophageal hernia
Category I,Surgery – Respiratory/Cardiovascular,30000–39999,39503,Repair of diaphragm hernia,repair of diaphragm hernia
Category I,Surgery – Respiratory/Cardiovascular,30000–39999,39520,Repair of diaphragm hernia,repair of diaphragm hernia
Category I,Surgery – Respiratory/Cardiovascular,30000–39999,39530,Repair of diaphragm hernia,repair of diaphragm hernia
Category I,Surgery – Respiratory/Cardiovascular,30000–39999,39531,Repair of diaphragm hernia,repair of diaphragm hernia
Category I,Surgery – Respiratory/Cardiovascular,30000–39999,39540,Repair of diaphragm hernia,repair of diaphragm hernia
Category I,Surgery – Respiratory/Cardiovascular,30000–39999,39541,Repair of diaphragm hernia,repair of diaphragm hernia
Category I,Surgery – Respiratory/Cardiovascular,30000–39999,39545,Revision of diaphragm,revision of diaphragm
Category I,Surgery – Respiratory/Cardiovascular,30000–39999,39560,"""Resect diaphragm, simple""","""resect diaphragm, simple"""
Category I,Surgery – Respiratory/Cardiovascular,30000–39999,39561,"""Resect diaphragm, complex""","""resect diaphragm, complex"""
Category I,Surgery – Respiratory/Cardiovascular,30000–39999,39599,Diaphragm surgery procedure,diaphragm surgery procedure
Category II,Performance Measures,0000F–9999F,4000F,Tobacco use txmnt counseling,tobacco use txmnt counseling
Category II,Performance Measures,0000F–9999F,4001F,"""Tobacco use txmnt, pharmacol""","""tobacco use txmnt, pharmacol"""
Category II,Performance Measures,0000F–9999F,4002F,"""Statin therapy, rx""","""statin therapy, rx"""
Category II,Performance Measures,0000F–9999F,4006F,"""Beta-blocker therapy, rx""","""beta-blocker therapy, rx"""
Category II,Performance Measures,0000F–9999F,4009F,"""Ace inhibitor therapy, rx""","""ace inhibitor therapy, rx"""
Category II,Performance Measures,0000F–9999F,4011F,"""Oral antiplatelet tx, rx""","""oral antiplatelet tx, rx"""
Category I,Surgery – Digestive/Urinary/Genital,40000–49999,40490,Biopsy of lip,biopsy of lip
Category I,Surgery – Digestive/Urinary/Genital,40000–49999,40500,Partial excision of lip,partial excision of lip
Category I,Surgery – Digestive/Urinary/Genital,40000–49999,40510,Partial excision of lip,partial excision of lip
Category I,Surgery – Digestive/Urinary/Genital,40000–49999,40520,Partial excision of lip,partial excision of lip
Category I,Surgery – Digestive/Urinary/Genital,40000–49999,40525,Reconstruct lip with flap,reconstruct lip with flap
Category I,Surgery – Digestive/Urinary/Genital,40000–49999,40527,Reconstruct lip with flap,reconstruct lip with flap
Category I,Surgery – Digestive/Urinary/Genital,40000–49999,40530,Partial removal of lip,partial removal of lip
Category I,Surgery – Digestive/Urinary/Genital,40000–49999,40650,Repair lip,repair lip
Category I,Surgery – Digestive/Urinary/Genital,40000–49999,40652,Repair lip,repair lip
Category I,Surgery – Digestive/Urinary/Genital,40000–49999,40654,Repair lip,repair lip
Category I,Surgery – Digestive/Urinary/Genital,40000–49999,40700,Repair cleft lip/nasal,repair cleft lip/nasal
Category I,Surgery – Digestive/Urinary/Genital,40000–49999,40701,Repair cleft lip/nasal,repair cleft lip/nasal
Category I,Surgery – Digestive/Urinary/Genital,40000–49999,40702,Repair cleft lip/nasal,repair cleft lip/nasal
Category I,Surgery – Digestive/Urinary/Genital,40000–49999,40720,Repair cleft lip/nasal,repair cleft lip/nasal
Category I,Surgery – Digestive/Urinary/Genital,40000–49999,40761,Repair cleft lip/nasal,repair cleft lip/nasal
Category I,Surgery – Digestive/Urinary/Genital,40000–49999,40799,Lip surgery procedure,lip surgery procedure
Category I,Surgery – Digestive/Urinary/Genital,40000–49999,40800,Drainage of mouth lesion,drainage of mouth lesion
Category I,Surgery – Digestive/Urinary/Genital,40000–49999,40801,Drainage of mouth lesion,drainage of mouth lesion
Category I,Surgery – Digestive/Urinary/Genital,40000–49999,40804,"""Removal, foreign body, mouth""","""removal, foreign body, mouth"""
Category I,Surgery – Digestive/Urinary/Genital,40000–49999,40805,"""Removal, foreign body, mouth""","""removal, foreign body, mouth"""
Category I,Surgery – Digestive/Urinary/Genital,40000–49999,40806,Incision of lip fold,incision of lip fold
Category I,Surgery – Digestive/Urinary/Genital,40000–49999,40808,Biopsy of mouth lesion,biopsy of mouth lesion
Category I,Surgery – Digestive/Urinary/Genital,40000–49999,40810,Excision of mouth lesion,excision of mouth lesion
Category I,Surgery – Digestive/Urinary/Genital,40000–49999,40812,Excise/repair mouth lesion,excise/repair mouth lesion
Category I,Surgery – Digestive/Urinary/Genital,40000–49999,40814,Excise/repair mouth lesion,excise/repair mouth lesion
Category I,Surgery – Digestive/Urinary/Genital,40000–49999,40816,Excision of mouth lesion,excision of mouth lesion
Category I,Surgery – Digestive/Urinary/Genital,40000–49999,40818,Excise oral mucosa for graft,excise oral mucosa for graft
Category I,Surgery – Digestive/Urinary/Genital,40000–49999,40819,Excise lip or cheek fold,excise lip or cheek fold
Category I,Surgery – Digestive/Urinary/Genital,40000–49999,40820,Treatment of mouth lesion,treatment of mouth lesion
Category I,Surgery – Digestive/Urinary/Genital,40000–49999,40830,Repair mouth laceration,repair mouth laceration
Category I,Surgery – Digestive/Urinary/Genital,40000–49999,40831,Repair mouth laceration,repair mouth laceration
Category I,Surgery – Digestive/Urinary/Genital,40000–49999,40840,Reconstruction of mouth,reconstruction of mouth
Category I,Surgery – Digestive/Urinary/Genital,40000–49999,40842,Reconstruction of mouth,reconstruction of mouth
Category I,Surgery – Digestive/Urinary/Genital,40000–49999,40843,Reconstruction of mouth,reconstruction of mouth
Category I,Surgery – Digestive/Urinary/Genital,40000–49999,40844,Reconstruction of mouth,reconstruction of mouth
Category I,Surgery – Digestive/Urinary/Genital,40000–49999,40845,Reconstruction of mouth,reconstruction of mouth
Category I,Surgery – Digestive/Urinary/Genital,40000–49999,40899,Mouth surgery procedure,mouth surgery procedure
Category I,Surgery – Digestive/Urinary/Genital,40000–49999,41000,Drainage of mouth lesion,drainage of mouth lesion
Category I,Surgery – Digestive/Urinary/Genital,40000–49999,41005,Drainage of mouth lesion,drainage of mouth lesion
Category I,Surgery – Digestive/Urinary/Genital,40000–49999,41006,Drainage of mouth lesion,drainage of mouth lesion
Category I,Surgery – Digestive/Urinary/Genital,40000–49999,41007,Drainage of mouth lesion,drainage of mouth lesion
Category I,Surgery – Digestive/Urinary/Genital,40000–49999,41008,Drainage of mouth lesion,drainage of mouth lesion
Category I,Surgery – Digestive/Urinary/Genital,40000–49999,41009,Drainage of mouth lesion,drainage of mouth lesion
Category I,Surgery – Digestive/Urinary/Genital,40000–49999,41010,Incision of tongue fold,incision of tongue fold
Category I,Surgery – Digestive/Urinary/Genital,40000–49999,41015,Drainage of mouth lesion,drainage of mouth lesion
Category I,Surgery – Digestive/Urinary/Genital,40000–49999,41016,Drainage of mouth lesion,drainage of mouth lesion
Category I,Surgery – Digestive/Urinary/Genital,40000–49999,41017,Drainage of mouth lesion,drainage of mouth lesion
Category I,Surgery – Digestive/Urinary/Genital,40000–49999,41018,Drainage of mouth lesion,drainage of mouth lesion
Category I,Surgery – Digestive/Urinary/Genital,40000–49999,41100,Biopsy of tongue,biopsy of tongue
Category I,Surgery – Digestive/Urinary/Genital,40000–49999,41105,Biopsy of tongue,biopsy of tongue
Category I,Surgery – Digestive/Urinary/Genital,40000–49999,41108,Biopsy of floor of mouth,biopsy of floor of mouth
Category I,Surgery – Digestive/Urinary/Genital,40000–49999,41110,Excision of tongue lesion,excision of tongue lesion
Category I,Surgery – Digestive/Urinary/Genital,40000–49999,41112,Excision of tongue lesion,excision of tongue lesion
Category I,Surgery – Digestive/Urinary/Genital,40000–49999,41113,Excision of tongue lesion,excision of tongue lesion
Category I,Surgery – Digestive/Urinary/Genital,40000–49999,41114,Excision of tongue lesion,excision of tongue lesion
Category I,Surgery – Digestive/Urinary/Genital,40000–49999,41115,Excision of tongue fold,excision of tongue fold
Category I,Surgery – Digestive/Urinary/Genital,40000–49999,41116,Excision of mouth lesion,excision of mouth lesion
Category I,Surgery – Digestive/Urinary/Genital,40000–49999,41120,Partial removal of tongue,partial removal of tongue
Category I,Surgery – Digestive/Urinary/Genital,40000–49999,41130,Partial removal of tongue,partial removal of tongue
Category I,Surgery – Digestive/Urinary/Genital,40000–49999,41135,Tongue and neck surgery,tongue and neck surgery
Category I,Surgery – Digestive/Urinary/Genital,40000–49999,41140,Removal of tongue,removal of tongue
Category I,Surgery – Digestive/Urinary/Genital,40000–49999,41145,"""Tongue removal, neck surgery""","""tongue removal, neck surgery"""
Category I,Surgery – Digestive/Urinary/Genital,40000–49999,41150,"""Tongue, mouth, jaw surgery""","""tongue, mouth, jaw surgery"""
Category I,Surgery – Digestive/Urinary/Genital,40000–49999,41153,"""Tongue, mouth, neck surgery""","""tongue, mouth, neck surgery"""
Category I,Surgery – Digestive/Urinary/Genital,40000–49999,41155,"""Tongue, jaw, & neck surgery""","""tongue, jaw, & neck surgery"""
Category I,Surgery – Digestive/Urinary/Genital,40000–49999,41250,Repair tongue laceration,repair tongue laceration
Category I,Surgery – Digestive/Urinary/Genital,40000–49999,41251,Repair tongue laceration,repair tongue laceration
Category I,Surgery – Digestive/Urinary/Genital,40000–49999,41252,Repair tongue laceration,repair tongue laceration
Category I,Surgery – Digestive/Urinary/Genital,40000–49999,41500,Fixation of tongue,fixation of tongue
Category I,Surgery – Digestive/Urinary/Genital,40000–49999,41510,Tongue to lip surgery,tongue to lip surgery
Category I,Surgery – Digestive/Urinary/Genital,40000–49999,41520,"""Reconstruction, tongue fold""","""reconstruction, tongue fold"""
Category I,Surgery – Digestive/Urinary/Genital,40000–49999,41599,Tongue and mouth surgery,tongue and mouth surgery
Category I,Surgery – Digestive/Urinary/Genital,40000–49999,41800,Drainage of gum lesion,drainage of gum lesion
Category I,Surgery – Digestive/Urinary/Genital,40000–49999,41805,"""Removal foreign body, gum""","""removal foreign body, gum"""
Category I,Surgery – Digestive/Urinary/Genital,40000–49999,41806,"""Removal foreign body,jawbone""","""removal foreign body,jawbone"""
Category I,Surgery – Digestive/Urinary/Genital,40000–49999,41820,"""Excision, gum, each quadrant""","""excision, gum, each quadrant"""
Category I,Surgery – Digestive/Urinary/Genital,40000–49999,41821,Excision of gum flap,excision of gum flap
Category I,Surgery – Digestive/Urinary/Genital,40000–49999,41822,Excision of gum lesion,excision of gum lesion
Category I,Surgery – Digestive/Urinary/Genital,40000–49999,41823,Excision of gum lesion,excision of gum lesion
Category I,Surgery – Digestive/Urinary/Genital,40000–49999,41825,Excision of gum lesion,excision of gum lesion
Category I,Surgery – Digestive/Urinary/Genital,40000–49999,41826,Excision of gum lesion,excision of gum lesion
Category I,Surgery – Digestive/Urinary/Genital,40000–49999,41827,Excision of gum lesion,excision of gum lesion
Category I,Surgery – Digestive/Urinary/Genital,40000–49999,41828,Excision of gum lesion,excision of gum lesion
Category I,Surgery – Digestive/Urinary/Genital,40000–49999,41830,Removal of gum tissue,removal of gum tissue
Category I,Surgery – Digestive/Urinary/Genital,40000–49999,41850,Treatment of gum lesion,treatment of gum lesion
Category I,Surgery – Digestive/Urinary/Genital,40000–49999,41870,Gum graft,gum graft
Category I,Surgery – Digestive/Urinary/Genital,40000–49999,41872,Repair gum,repair gum
Category I,Surgery – Digestive/Urinary/Genital,40000–49999,41874,Repair tooth socket,repair tooth socket
Category I,Surgery – Digestive/Urinary/Genital,40000–49999,41899,Dental surgery procedure,dental surgery procedure
Category I,Surgery – Digestive/Urinary/Genital,40000–49999,42000,Drainage mouth roof lesion,drainage mouth roof lesion
Category I,Surgery – Digestive/Urinary/Genital,40000–49999,42100,Biopsy roof of mouth,biopsy roof of mouth
Category I,Surgery – Digestive/Urinary/Genital,40000–49999,42104,"""Excision lesion, mouth roof""","""excision lesion, mouth roof"""
Category I,Surgery – Digestive/Urinary/Genital,40000–49999,42106,"""Excision lesion, mouth roof""","""excision lesion, mouth roof"""
Category I,Surgery – Digestive/Urinary/Genital,40000–49999,42107,"""Excision lesion, mouth roof""","""excision lesion, mouth roof"""
Category I,Surgery – Digestive/Urinary/Genital,40000–49999,42120,Remove palate/lesion,remove palate/lesion
Category I,Surgery – Digestive/Urinary/Genital,40000–49999,42140,Excision of uvula,excision of uvula
Category I,Surgery – Digestive/Urinary/Genital,40000–49999,42145,"""Repair palate, pharynx/uvula""","""repair palate, pharynx/uvula"""
Category I,Surgery – Digestive/Urinary/Genital,40000–49999,42160,Treatment mouth roof lesion,treatment mouth roof lesion
Category I,Surgery – Digestive/Urinary/Genital,40000–49999,42180,Repair palate,repair palate
Category I,Surgery – Digestive/Urinary/Genital,40000–49999,42182,Repair palate,repair palate
Category I,Surgery – Digestive/Urinary/Genital,40000–49999,42200,Reconstruct cleft palate,reconstruct cleft palate
Category I,Surgery – Digestive/Urinary/Genital,40000–49999,42205,Reconstruct cleft palate,reconstruct cleft palate
Category I,Surgery – Digestive/Urinary/Genital,40000–49999,42210,Reconstruct cleft palate,reconstruct cleft palate
Category I,Surgery – Digestive/Urinary/Genital,40000–49999,42215,Reconstruct cleft palate,reconstruct cleft palate
Category I,Surgery – Digestive/Urinary/Genital,40000–49999,42220,Reconstruct cleft palate,reconstruct cleft palate
Category I,Surgery – Digestive/Urinary/Genital,40000–49999,42225,Reconstruct cleft palate,reconstruct cleft palate
Category I,Surgery – Digestive/Urinary/Genital,40000–49999,42226,Lengthening of palate,lengthening of palate
Category I,Surgery – Digestive/Urinary/Genital,40000–49999,42227,Lengthening of palate,lengthening of palate
Category I,Surgery – Digestive/Urinary/Genital,40000–49999,42235,Repair palate,repair palate
Category I,Surgery – Digestive/Urinary/Genital,40000–49999,42260,Repair nose to lip fistula,repair nose to lip fistula
Category I,Surgery – Digestive/Urinary/Genital,40000–49999,42280,"""Preparation, palate mold""","""preparation, palate mold"""
Category I,Surgery – Digestive/Urinary/Genital,40000–49999,42281,"""Insertion, palate prosthesis""","""insertion, palate prosthesis"""
Category I,Surgery – Digestive/Urinary/Genital,40000–49999,42299,Palate/uvula surgery,palate/uvula surgery
Category I,Surgery – Digestive/Urinary/Genital,40000–49999,42300,Drainage of salivary gland,drainage of salivary gland
Category I,Surgery – Digestive/Urinary/Genital,40000–49999,42305,Drainage of salivary gland,drainage of salivary gland
Category I,Surgery – Digestive/Urinary/Genital,40000–49999,42310,Drainage of salivary gland,drainage of salivary gland
Category I,Surgery – Digestive/Urinary/Genital,40000–49999,42320,Drainage of salivary gland,drainage of salivary gland
Category I,Surgery – Digestive/Urinary/Genital,40000–49999,42325,Create salivary cyst drain,create salivary cyst drain
Category I,Surgery – Digestive/Urinary/Genital,40000–49999,42326,Create salivary cyst drain,create salivary cyst drain
Category I,Surgery – Digestive/Urinary/Genital,40000–49999,42330,Removal of salivary stone,removal of salivary stone
Category I,Surgery – Digestive/Urinary/Genital,40000–49999,42335,Removal of salivary stone,removal of salivary stone
Category I,Surgery – Digestive/Urinary/Genital,40000–49999,42340,Removal of salivary stone,removal of salivary stone
Category I,Surgery – Digestive/Urinary/Genital,40000–49999,42400,Biopsy of salivary gland,biopsy of salivary gland
Category I,Surgery – Digestive/Urinary/Genital,40000–49999,42405,Biopsy of salivary gland,biopsy of salivary gland
Category I,Surgery – Digestive/Urinary/Genital,40000–49999,42408,Excision of salivary cyst,excision of salivary cyst
Category I,Surgery – Digestive/Urinary/Genital,40000–49999,42409,Drainage of salivary cyst,drainage of salivary cyst
Category I,Surgery – Digestive/Urinary/Genital,40000–49999,42410,Excise parotid gland/lesion,excise parotid gland/lesion
Category I,Surgery – Digestive/Urinary/Genital,40000–49999,42415,Excise parotid gland/lesion,excise parotid gland/lesion
Category I,Surgery – Digestive/Urinary/Genital,40000–49999,42420,Excise parotid gland/lesion,excise parotid gland/lesion
Category I,Surgery – Digestive/Urinary/Genital,40000–49999,42425,Excise parotid gland/lesion,excise parotid gland/lesion
Category I,Surgery – Digestive/Urinary/Genital,40000–49999,42426,Excise parotid gland/lesion,excise parotid gland/lesion
Category I,Surgery – Digestive/Urinary/Genital,40000–49999,42440,Excise submaxillary gland,excise submaxillary gland
Category I,Surgery – Digestive/Urinary/Genital,40000–49999,42450,Excise sublingual gland,excise sublingual gland
Category I,Surgery – Digestive/Urinary/Genital,40000–49999,42500,Repair salivary duct,repair salivary duct
Category I,Surgery – Digestive/Urinary/Genital,40000–49999,42505,Repair salivary duct,repair salivary duct
Category I,Surgery – Digestive/Urinary/Genital,40000–49999,42507,Parotid duct diversion,parotid duct diversion
Category I,Surgery – Digestive/Urinary/Genital,40000–49999,42508,Parotid duct diversion,parotid duct diversion
Category I,Surgery – Digestive/Urinary/Genital,40000–49999,42509,Parotid duct diversion,parotid duct diversion
Category I,Surgery – Digestive/Urinary/Genital,40000–49999,42510,Parotid duct diversion,parotid duct diversion
Category I,Surgery – Digestive/Urinary/Genital,40000–49999,42550,Injection for salivary x-ray,injection for salivary x-ray
Category I,Surgery – Digestive/Urinary/Genital,40000–49999,42600,Closure of salivary fistula,closure of salivary fistula
Category I,Surgery – Digestive/Urinary/Genital,40000–49999,42650,Dilation of salivary duct,dilation of salivary duct
Category I,Surgery – Digestive/Urinary/Genital,40000–49999,42660,Dilation of salivary duct,dilation of salivary duct
Category I,Surgery – Digestive/Urinary/Genital,40000–49999,42665,Ligation of salivary duct,ligation of salivary duct
Category I,Surgery – Digestive/Urinary/Genital,40000–49999,42699,Salivary surgery procedure,salivary surgery procedure
Category I,Surgery – Digestive/Urinary/Genital,40000–49999,42700,Drainage of tonsil abscess,drainage of tonsil abscess
Category I,Surgery – Digestive/Urinary/Genital,40000–49999,42720,Drainage of throat abscess,drainage of throat abscess
Category I,Surgery – Digestive/Urinary/Genital,40000–49999,42725,Drainage of throat abscess,drainage of throat abscess
Category I,Surgery – Digestive/Urinary/Genital,40000–49999,42800,Biopsy of throat,biopsy of throat
Category I,Surgery – Digestive/Urinary/Genital,40000–49999,42802,Biopsy of throat,biopsy of throat
Category I,Surgery – Digestive/Urinary/Genital,40000–49999,42804,Biopsy of upper nose/throat,biopsy of upper nose/throat
Category I,Surgery – Digestive/Urinary/Genital,40000–49999,42806,Biopsy of upper nose/throat,biopsy of upper nose/throat
Category I,Surgery – Digestive/Urinary/Genital,40000–49999,42808,Excise pharynx lesion,excise pharynx lesion
Category I,Surgery – Digestive/Urinary/Genital,40000–49999,42809,Remove pharynx foreign body,remove pharynx foreign body
Category I,Surgery – Digestive/Urinary/Genital,40000–49999,42810,Excision of neck cyst,excision of neck cyst
Category I,Surgery – Digestive/Urinary/Genital,40000–49999,42815,Excision of neck cyst,excision of neck cyst
Category I,Surgery – Digestive/Urinary/Genital,40000–49999,42820,Remove tonsils and adenoids,remove tonsils and adenoids
Category I,Surgery – Digestive/Urinary/Genital,40000–49999,42821,Remove tonsils and adenoids,remove tonsils and adenoids
Category I,Surgery – Digestive/Urinary/Genital,40000–49999,42825,Removal of tonsils,removal of tonsils
Category I,Surgery – Digestive/Urinary/Genital,40000–49999,42826,Removal of tonsils,removal of tonsils
Category I,Surgery – Digestive/Urinary/Genital,40000–49999,42830,Removal of adenoids,removal of adenoids
Category I,Surgery – Digestive/Urinary/Genital,40000–49999,42831,Removal of adenoids,removal of adenoids
Category I,Surgery – Digestive/Urinary/Genital,40000–49999,42835,Removal of adenoids,removal of adenoids
Category I,Surgery – Digestive/Urinary/Genital,40000–49999,42836,Removal of adenoids,removal of adenoids
Category I,Surgery – Digestive/Urinary/Genital,40000–49999,42842,Extensive surgery of throat,extensive surgery of throat
Category I,Surgery – Digestive/Urinary/Genital,40000–49999,42844,Extensive surgery of throat,extensive surgery of throat
Category I,Surgery – Digestive/Urinary/Genital,40000–49999,42845,Extensive surgery of throat,extensive surgery of throat
Category I,Surgery – Digestive/Urinary/Genital,40000–49999,42860,Excision of tonsil tags,excision of tonsil tags
Category I,Surgery – Digestive/Urinary/Genital,40000–49999,42870,Excision of lingual tonsil,excision of lingual tonsil
Category I,Surgery – Digestive/Urinary/Genital,40000–49999,42890,Partial removal of pharynx,partial removal of pharynx
Category I,Surgery – Digestive/Urinary/Genital,40000–49999,42892,Revision of pharyngeal walls,revision of pharyngeal walls
Category I,Surgery – Digestive/Urinary/Genital,40000–49999,42894,Revision of pharyngeal walls,revision of pharyngeal walls
Category I,Surgery – Digestive/Urinary/Genital,40000–49999,42900,Repair throat wound,repair throat wound
Category I,Surgery – Digestive/Urinary/Genital,40000–49999,42950,Reconstruction of throat,reconstruction of throat
Category I,Surgery – Digestive/Urinary/Genital,40000–49999,42953,"""Repair throat, esophagus""","""repair throat, esophagus"""
Category I,Surgery – Digestive/Urinary/Genital,40000–49999,42955,Surgical opening of throat,surgical opening of throat
Category I,Surgery – Digestive/Urinary/Genital,40000–49999,42960,Control throat bleeding,control throat bleeding
Category I,Surgery – Digestive/Urinary/Genital,40000–49999,42961,Control throat bleeding,control throat bleeding
Category I,Surgery – Digestive/Urinary/Genital,40000–49999,42962,Control throat bleeding,control throat bleeding
Category I,Surgery – Digestive/Urinary/Genital,40000–49999,42970,Control nose/throat bleeding,control nose/throat bleeding
Category I,Surgery – Digestive/Urinary/Genital,40000–49999,42971,Control nose/throat bleeding,control nose/throat bleeding
Category I,Surgery – Digestive/Urinary/Genital,40000–49999,42972,Control nose/throat bleeding,control nose/throat bleeding
Category I,Surgery – Digestive/Urinary/Genital,40000–49999,42999,Throat surgery procedure,throat surgery procedure
Category I,Surgery – Digestive/Urinary/Genital,40000–49999,43020,Incision of esophagus,incision of esophagus
Category I,Surgery – Digestive/Urinary/Genital,40000–49999,43030,Throat muscle surgery,throat muscle surgery
Category I,Surgery – Digestive/Urinary/Genital,40000–49999,43045,Incision of esophagus,incision of esophagus
Category I,Surgery – Digestive/Urinary/Genital,40000–49999,43100,Excision of esophagus lesion,excision of esophagus lesion
Category I,Surgery – Digestive/Urinary/Genital,40000–49999,43101,Excision of esophagus lesion,excision of esophagus lesion
Category I,Surgery – Digestive/Urinary/Genital,40000–49999,43107,Removal of esophagus,removal of esophagus
Category I,Surgery – Digestive/Urinary/Genital,40000–49999,43108,Removal of esophagus,removal of esophagus
Category I,Surgery – Digestive/Urinary/Genital,40000–49999,43112,Removal of esophagus,removal of esophagus
Category I,Surgery – Digestive/Urinary/Genital,40000–49999,43113,Removal of esophagus,removal of esophagus
Category I,Surgery – Digestive/Urinary/Genital,40000–49999,43116,Partial removal of esophagus,partial removal of esophagus
Category I,Surgery – Digestive/Urinary/Genital,40000–49999,43117,Partial removal of esophagus,partial removal of esophagus
Category I,Surgery – Digestive/Urinary/Genital,40000–49999,43118,Partial removal of esophagus,partial removal of esophagus
Category I,Surgery – Digestive/Urinary/Genital,40000–49999,43121,Partial removal of esophagus,partial removal of esophagus
Category I,Surgery – Digestive/Urinary/Genital,40000–49999,43122,Partial removal of esophagus,partial removal of esophagus
Category I,Surgery – Digestive/Urinary/Genital,40000–49999,43123,Partial removal of esophagus,partial removal of esophagus
Category I,Surgery – Digestive/Urinary/Genital,40000–49999,43124,Removal of esophagus,removal of esophagus
Category I,Surgery – Digestive/Urinary/Genital,40000–49999,43130,Removal of esophagus pouch,removal of esophagus pouch
Category I,Surgery – Digestive/Urinary/Genital,40000–49999,43135,Removal of esophagus pouch,removal of esophagus pouch
Category I,Surgery – Digestive/Urinary/Genital,40000–49999,43200,Esophagus endoscopy,esophagus endoscopy
Category I,Surgery – Digestive/Urinary/Genital,40000–49999,43201,Esoph scope w/submucous inj,esoph scope w/submucous inj
Category I,Surgery – Digestive/Urinary/Genital,40000–49999,43202,"""Esophagus endoscopy, biopsy""","""esophagus endoscopy, biopsy"""
Category I,Surgery – Digestive/Urinary/Genital,40000–49999,43204,Esoph scope w/sclerosis inj,esoph scope w/sclerosis inj
Category I,Surgery – Digestive/Urinary/Genital,40000–49999,43205,Esophagus endoscopy/ligation,esophagus endoscopy/ligation
Category I,Surgery – Digestive/Urinary/Genital,40000–49999,43215,Esophagus endoscopy,esophagus endoscopy
Category I,Surgery – Digestive/Urinary/Genital,40000–49999,43216,Esophagus endoscopy/lesion,esophagus endoscopy/lesion
Category I,Surgery – Digestive/Urinary/Genital,40000–49999,43217,Esophagus endoscopy,esophagus endoscopy
Category I,Surgery – Digestive/Urinary/Genital,40000–49999,43219,Esophagus endoscopy,esophagus endoscopy
Category I,Surgery – Digestive/Urinary/Genital,40000–49999,43220,"""Esoph endoscopy, dilation""","""esoph endoscopy, dilation"""
Category I,Surgery – Digestive/Urinary/Genital,40000–49999,43226,"""Esoph endoscopy, dilation""","""esoph endoscopy, dilation"""
Category I,Surgery – Digestive/Urinary/Genital,40000–49999,43227,"""Esoph endoscopy, repair""","""esoph endoscopy, repair"""
Category I,Surgery – Digestive/Urinary/Genital,40000–49999,43228,"""Esoph endoscopy, ablation""","""esoph endoscopy, ablation"""
Category I,Surgery – Digestive/Urinary/Genital,40000–49999,43231,Esoph endoscopy w/us exam,esoph endoscopy w/us exam
Category I,Surgery – Digestive/Urinary/Genital,40000–49999,43232,Esoph endoscopy w/us fn bx,esoph endoscopy w/us fn bx
Category I,Surgery – Digestive/Urinary/Genital,40000–49999,43234,"""Upper GI endoscopy, exam""","""upper gi endoscopy, exam"""
Category I,Surgery – Digestive/Urinary/Genital,40000–49999,43235,"""Uppr gi endoscopy, diagnosis""","""uppr gi endoscopy, diagnosis"""
Category I,Surgery – Digestive/Urinary/Genital,40000–49999,43236,Uppr gi scope w/submuc inj,uppr gi scope w/submuc inj
Category I,Surgery – Digestive/Urinary/Genital,40000–49999,43237,"""Endoscopic us exam, esoph""","""endoscopic us exam, esoph"""
Category I,Surgery – Digestive/Urinary/Genital,40000–49999,43238,Uppr gi endoscopy w/us fn bx,uppr gi endoscopy w/us fn bx
Category I,Surgery – Digestive/Urinary/Genital,40000–49999,43239,"""Upper GI endoscopy, biopsy""","""upper gi endoscopy, biopsy"""
Category I,Surgery – Digestive/Urinary/Genital,40000–49999,43240,Esoph endoscope w/drain cyst,esoph endoscope w/drain cyst
Category I,Surgery – Digestive/Urinary/Genital,40000–49999,43241,Upper GI endoscopy with tube,upper gi endoscopy with tube
Category I,Surgery – Digestive/Urinary/Genital,40000–49999,43242,Uppr gi endoscopy w/us fn bx,uppr gi endoscopy w/us fn bx
Category I,Surgery – Digestive/Urinary/Genital,40000–49999,43243,Upper gi endoscopy & inject,upper gi endoscopy & inject
Category I,Surgery – Digestive/Urinary/Genital,40000–49999,43244,Upper GI endoscopy/ligation,upper gi endoscopy/ligation
Category I,Surgery – Digestive/Urinary/Genital,40000–49999,43245,Uppr gi scope dilate strictr,uppr gi scope dilate strictr
Category I,Surgery – Digestive/Urinary/Genital,40000–49999,43246,Place gastrostomy tube,place gastrostomy tube
Category I,Surgery – Digestive/Urinary/Genital,40000–49999,43247,Operative upper GI endoscopy,operative upper gi endoscopy
Category I,Surgery – Digestive/Urinary/Genital,40000–49999,43248,Uppr gi endoscopy/guide wire,uppr gi endoscopy/guide wire
Category I,Surgery – Digestive/Urinary/Genital,40000–49999,43249,"""Esoph endoscopy, dilation""","""esoph endoscopy, dilation"""
Category I,Surgery – Digestive/Urinary/Genital,40000–49999,43250,Upper GI endoscopy/tumor,upper gi endoscopy/tumor
Category I,Surgery – Digestive/Urinary/Genital,40000–49999,43251,Operative upper GI endoscopy,operative upper gi endoscopy
Category I,Surgery – Digestive/Urinary/Genital,40000–49999,43255,Operative upper GI endoscopy,operative upper gi endoscopy
Category I,Surgery – Digestive/Urinary/Genital,40000–49999,43256,Uppr gi endoscopy w/stent,uppr gi endoscopy w/stent
Category I,Surgery – Digestive/Urinary/Genital,40000–49999,43257,Uppr gi scope w/thrml txmnt,uppr gi scope w/thrml txmnt
Category I,Surgery – Digestive/Urinary/Genital,40000–49999,43258,Operative upper GI endoscopy,operative upper gi endoscopy
Category I,Surgery – Digestive/Urinary/Genital,40000–49999,43259,Endoscopic ultrasound exam,endoscopic ultrasound exam
Category I,Surgery – Digestive/Urinary/Genital,40000–49999,43260,Endo cholangiopancreatograph,endo cholangiopancreatograph
Category I,Surgery – Digestive/Urinary/Genital,40000–49999,43261,Endo cholangiopancreatograph,endo cholangiopancreatograph
Category I,Surgery – Digestive/Urinary/Genital,40000–49999,43262,Endo cholangiopancreatograph,endo cholangiopancreatograph
Category I,Surgery – Digestive/Urinary/Genital,40000–49999,43263,Endo cholangiopancreatograph,endo cholangiopancreatograph
Category I,Surgery – Digestive/Urinary/Genital,40000–49999,43264,Endo cholangiopancreatograph,endo cholangiopancreatograph
Category I,Surgery – Digestive/Urinary/Genital,40000–49999,43265,Endo cholangiopancreatograph,endo cholangiopancreatograph
Category I,Surgery – Digestive/Urinary/Genital,40000–49999,43267,Endo cholangiopancreatograph,endo cholangiopancreatograph
Category I,Surgery – Digestive/Urinary/Genital,40000–49999,43268,Endo cholangiopancreatograph,endo cholangiopancreatograph
Category I,Surgery – Digestive/Urinary/Genital,40000–49999,43269,Endo cholangiopancreatograph,endo cholangiopancreatograph
Category I,Surgery – Digestive/Urinary/Genital,40000–49999,43271,Endo cholangiopancreatograph,endo cholangiopancreatograph
Category I,Surgery – Digestive/Urinary/Genital,40000–49999,43272,Endo cholangiopancreatograph,endo cholangiopancreatograph
Category I,Surgery – Digestive/Urinary/Genital,40000–49999,43280,"""Laparoscopy, fundoplasty""","""laparoscopy, fundoplasty"""
Category I,Surgery – Digestive/Urinary/Genital,40000–49999,43289,"""Laparoscope proc, esoph""","""laparoscope proc, esoph"""
Category I,Surgery – Digestive/Urinary/Genital,40000–49999,43300,Repair of esophagus,repair of esophagus
Category I,Surgery – Digestive/Urinary/Genital,40000–49999,43305,Repair esophagus and fistula,repair esophagus and fistula
Category I,Surgery – Digestive/Urinary/Genital,40000–49999,43310,Repair of esophagus,repair of esophagus
Category I,Surgery – Digestive/Urinary/Genital,40000–49999,43312,Repair esophagus and fistula,repair esophagus and fistula
Category I,Surgery – Digestive/Urinary/Genital,40000–49999,43313,Esophagoplasty congenital,esophagoplasty congenital
Category I,Surgery – Digestive/Urinary/Genital,40000–49999,43314,Tracheo-esophagoplasty cong,tracheo-esophagoplasty cong
Category I,Surgery – Digestive/Urinary/Genital,40000–49999,43320,Fuse esophagus & stomach,fuse esophagus & stomach
Category I,Surgery – Digestive/Urinary/Genital,40000–49999,43324,Revise esophagus & stomach,revise esophagus & stomach
Category I,Surgery – Digestive/Urinary/Genital,40000–49999,43325,Revise esophagus & stomach,revise esophagus & stomach
Category I,Surgery – Digestive/Urinary/Genital,40000–49999,43326,Revise esophagus & stomach,revise esophagus & stomach
Category I,Surgery – Digestive/Urinary/Genital,40000–49999,43330,Repair of esophagus,repair of esophagus
Category I,Surgery – Digestive/Urinary/Genital,40000–49999,43331,Repair of esophagus,repair of esophagus
Category I,Surgery – Digestive/Urinary/Genital,40000–49999,43340,Fuse esophagus & intestine,fuse esophagus & intestine
Category I,Surgery – Digestive/Urinary/Genital,40000–49999,43341,Fuse esophagus & intestine,fuse esophagus & intestine
Category I,Surgery – Digestive/Urinary/Genital,40000–49999,43350,"""Surgical opening, esophagus""","""surgical opening, esophagus"""
Category I,Surgery – Digestive/Urinary/Genital,40000–49999,43351,"""Surgical opening, esophagus""","""surgical opening, esophagus"""
Category I,Surgery – Digestive/Urinary/Genital,40000–49999,43352,"""Surgical opening, esophagus""","""surgical opening, esophagus"""
Category I,Surgery – Digestive/Urinary/Genital,40000–49999,43360,Gastrointestinal repair,gastrointestinal repair
Category I,Surgery – Digestive/Urinary/Genital,40000–49999,43361,Gastrointestinal repair,gastrointestinal repair
Category I,Surgery – Digestive/Urinary/Genital,40000–49999,43400,Ligate esophagus veins,ligate esophagus veins
Category I,Surgery – Digestive/Urinary/Genital,40000–49999,43401,Esophagus surgery for veins,esophagus surgery for veins
Category I,Surgery – Digestive/Urinary/Genital,40000–49999,43405,Ligate/staple esophagus,ligate/staple esophagus
Category I,Surgery – Digestive/Urinary/Genital,40000–49999,43410,Repair esophagus wound,repair esophagus wound
Category I,Surgery – Digestive/Urinary/Genital,40000–49999,43415,Repair esophagus wound,repair esophagus wound
Category I,Surgery – Digestive/Urinary/Genital,40000–49999,43420,Repair esophagus opening,repair esophagus opening
Category I,Surgery – Digestive/Urinary/Genital,40000–49999,43425,Repair esophagus opening,repair esophagus opening
Category I,Surgery – Digestive/Urinary/Genital,40000–49999,43450,Dilate esophagus,dilate esophagus
Category I,Surgery – Digestive/Urinary/Genital,40000–49999,43453,Dilate esophagus,dilate esophagus
Category I,Surgery – Digestive/Urinary/Genital,40000–49999,43456,Dilate esophagus,dilate esophagus
Category I,Surgery – Digestive/Urinary/Genital,40000–49999,43458,Dilate esophagus,dilate esophagus
Category I,Surgery – Digestive/Urinary/Genital,40000–49999,43460,Pressure treatment esophagus,pressure treatment esophagus
Category I,Surgery – Digestive/Urinary/Genital,40000–49999,43496,"""Free jejunum flap, microvasc""","""free jejunum flap, microvasc"""
Category I,Surgery – Digestive/Urinary/Genital,40000–49999,43499,Esophagus surgery procedure,esophagus surgery procedure
Category I,Surgery – Digestive/Urinary/Genital,40000–49999,43500,Surgical opening of stomach,surgical opening of stomach
Category I,Surgery – Digestive/Urinary/Genital,40000–49999,43501,Surgical repair of stomach,surgical repair of stomach
Category I,Surgery – Digestive/Urinary/Genital,40000–49999,43502,Surgical repair of stomach,surgical repair of stomach
Category I,Surgery – Digestive/Urinary/Genital,40000–49999,43510,Surgical opening of stomach,surgical opening of stomach
Category I,Surgery – Digestive/Urinary/Genital,40000–49999,43520,Incision of pyloric muscle,incision of pyloric muscle
Category I,Surgery – Digestive/Urinary/Genital,40000–49999,43600,Biopsy of stomach,biopsy of stomach
Category I,Surgery – Digestive/Urinary/Genital,40000–49999,43605,Biopsy of stomach,biopsy of stomach
Category I,Surgery – Digestive/Urinary/Genital,40000–49999,43610,Excision of stomach lesion,excision of stomach lesion
Category I,Surgery – Digestive/Urinary/Genital,40000–49999,43611,Excision of stomach lesion,excision of stomach lesion
Category I,Surgery – Digestive/Urinary/Genital,40000–49999,43620,Removal of stomach,removal of stomach
Category I,Surgery – Digestive/Urinary/Genital,40000–49999,43621,Removal of stomach,removal of stomach
Category I,Surgery – Digestive/Urinary/Genital,40000–49999,43622,Removal of stomach,removal of stomach
Category I,Surgery – Digestive/Urinary/Genital,40000–49999,43631,"""Removal of stomach, partial""","""removal of stomach, partial"""
Category I,Surgery – Digestive/Urinary/Genital,40000–49999,43632,"""Removal of stomach, partial""","""removal of stomach, partial"""
Category I,Surgery – Digestive/Urinary/Genital,40000–49999,43633,"""Removal of stomach, partial""","""removal of stomach, partial"""
Category I,Surgery – Digestive/Urinary/Genital,40000–49999,43634,"""Removal of stomach, partial""","""removal of stomach, partial"""
Category I,Surgery – Digestive/Urinary/Genital,40000–49999,43635,"""Removal of stomach, partial""","""removal of stomach, partial"""
Category I,Surgery – Digestive/Urinary/Genital,40000–49999,43638,"""Removal of stomach, partial""","""removal of stomach, partial"""
Category I,Surgery – Digestive/Urinary/Genital,40000–49999,43639,"""Removal of stomach, partial""","""removal of stomach, partial"""
Category I,Surgery – Digestive/Urinary/Genital,40000–49999,43640,Vagotomy & pylorus repair,vagotomy & pylorus repair
Category I,Surgery – Digestive/Urinary/Genital,40000–49999,43641,Vagotomy & pylorus repair,vagotomy & pylorus repair
Category I,Surgery – Digestive/Urinary/Genital,40000–49999,43644,Lap gastric bypass/roux-en-y,lap gastric bypass/roux-en-y
Category I,Surgery – Digestive/Urinary/Genital,40000–49999,43645,Lap gastr bypass incl smll i,lap gastr bypass incl smll i
Category I,Surgery – Digestive/Urinary/Genital,40000–49999,43651,"""Laparoscopy, vagus nerve""","""laparoscopy, vagus nerve"""
Category I,Surgery – Digestive/Urinary/Genital,40000–49999,43652,"""Laparoscopy, vagus nerve""","""laparoscopy, vagus nerve"""
Category I,Surgery – Digestive/Urinary/Genital,40000–49999,43653,"""Laparoscopy, gastrostomy""","""laparoscopy, gastrostomy"""
Category I,Surgery – Digestive/Urinary/Genital,40000–49999,43659,"""Laparoscope proc, stom""","""laparoscope proc, stom"""
Category I,Surgery – Digestive/Urinary/Genital,40000–49999,43750,Place gastrostomy tube,place gastrostomy tube
Category I,Surgery – Digestive/Urinary/Genital,40000–49999,43752,Nasal/orogastric w/stent,nasal/orogastric w/stent
Category I,Surgery – Digestive/Urinary/Genital,40000–49999,43760,Change gastrostomy tube,change gastrostomy tube
Category I,Surgery – Digestive/Urinary/Genital,40000–49999,43761,Reposition gastrostomy tube,reposition gastrostomy tube
Category I,Surgery – Digestive/Urinary/Genital,40000–49999,43800,Reconstruction of pylorus,reconstruction of pylorus
Category I,Surgery – Digestive/Urinary/Genital,40000–49999,43810,Fusion of stomach and bowel,fusion of stomach and bowel
Category I,Surgery – Digestive/Urinary/Genital,40000–49999,43820,Fusion of stomach and bowel,fusion of stomach and bowel
Category I,Surgery – Digestive/Urinary/Genital,40000–49999,43825,Fusion of stomach and bowel,fusion of stomach and bowel
Category I,Surgery – Digestive/Urinary/Genital,40000–49999,43830,Place gastrostomy tube,place gastrostomy tube
Category I,Surgery – Digestive/Urinary/Genital,40000–49999,43831,Place gastrostomy tube,place gastrostomy tube
Category I,Surgery – Digestive/Urinary/Genital,40000–49999,43832,Place gastrostomy tube,place gastrostomy tube
Category I,Surgery – Digestive/Urinary/Genital,40000–49999,43840,Repair of stomach lesion,repair of stomach lesion
Category I,Surgery – Digestive/Urinary/Genital,40000–49999,43842,V-band gastroplasty,v-band gastroplasty
Category I,Surgery – Digestive/Urinary/Genital,40000–49999,43843,Gastroplasty w/o v-band,gastroplasty w/o v-band
Category I,Surgery – Digestive/Urinary/Genital,40000–49999,43845,Gastroplasty duodenal switch,gastroplasty duodenal switch
Category I,Surgery – Digestive/Urinary/Genital,40000–49999,43846,Gastric bypass for obesity,gastric bypass for obesity
Category I,Surgery – Digestive/Urinary/Genital,40000–49999,43847,Gastric bypass incl small i,gastric bypass incl small i
Category I,Surgery – Digestive/Urinary/Genital,40000–49999,43848,Revision gastroplasty,revision gastroplasty
Category I,Surgery – Digestive/Urinary/Genital,40000–49999,43850,Revise stomach-bowel fusion,revise stomach-bowel fusion
Category I,Surgery – Digestive/Urinary/Genital,40000–49999,43855,Revise stomach-bowel fusion,revise stomach-bowel fusion
Category I,Surgery – Digestive/Urinary/Genital,40000–49999,43860,Revise stomach-bowel fusion,revise stomach-bowel fusion
Category I,Surgery – Digestive/Urinary/Genital,40000–49999,43865,Revise stomach-bowel fusion,revise stomach-bowel fusion
Category I,Surgery – Digestive/Urinary/Genital,40000–49999,43870,Repair stomach opening,repair stomach opening
Category I,Surgery – Digestive/Urinary/Genital,40000–49999,43880,Repair stomach-bowel fistula,repair stomach-bowel fistula
Category I,Surgery – Digestive/Urinary/Genital,40000–49999,43999,Stomach surgery procedure,stomach surgery procedure
Category I,Surgery – Digestive/Urinary/Genital,40000–49999,44005,Freeing of bowel adhesion,freeing of bowel adhesion
Category I,Surgery – Digestive/Urinary/Genital,40000–49999,44010,Incision of small bowel,incision of small bowel
Category I,Surgery – Digestive/Urinary/Genital,40000–49999,44015,Insert needle cath bowel,insert needle cath bowel
Category I,Surgery – Digestive/Urinary/Genital,40000–49999,44020,Explore small intestine,explore small intestine
Category I,Surgery – Digestive/Urinary/Genital,40000–49999,44021,Decompress small bowel,decompress small bowel
Category I,Surgery – Digestive/Urinary/Genital,40000–49999,44025,Incision of large bowel,incision of large bowel
Category I,Surgery – Digestive/Urinary/Genital,40000–49999,44050,Reduce bowel obstruction,reduce bowel obstruction
Category I,Surgery – Digestive/Urinary/Genital,40000–49999,44055,Correct malrotation of bowel,correct malrotation of bowel
Category I,Surgery – Digestive/Urinary/Genital,40000–49999,44100,Biopsy of bowel,biopsy of bowel
Category I,Surgery – Digestive/Urinary/Genital,40000–49999,44110,Excise intestine lesion(s),excise intestine lesion(s)
Category I,Surgery – Digestive/Urinary/Genital,40000–49999,44111,Excision of bowel lesion(s),excision of bowel lesion(s)
Category I,Surgery – Digestive/Urinary/Genital,40000–49999,44120,Removal of small intestine,removal of small intestine
Category I,Surgery – Digestive/Urinary/Genital,40000–49999,44121,Removal of small intestine,removal of small intestine
Category I,Surgery – Digestive/Urinary/Genital,40000–49999,44125,Removal of small intestine,removal of small intestine
Category I,Surgery – Digestive/Urinary/Genital,40000–49999,44126,"""Enterectomy w/o taper, cong""","""enterectomy w/o taper, cong"""
Category I,Surgery – Digestive/Urinary/Genital,40000–49999,44127,"""Enterectomy w/taper, cong""","""enterectomy w/taper, cong"""
Category I,Surgery – Digestive/Urinary/Genital,40000–49999,44128,"""Enterectomy cong, add-on""","""enterectomy cong, add-on"""
Category I,Surgery – Digestive/Urinary/Genital,40000–49999,44130,Bowel to bowel fusion,bowel to bowel fusion
Category I,Surgery – Digestive/Urinary/Genital,40000–49999,44132,"""Enterectomy, cadaver donor""","""enterectomy, cadaver donor"""
Category I,Surgery – Digestive/Urinary/Genital,40000–49999,44133,"""Enterectomy, live donor""","""enterectomy, live donor"""
Category I,Surgery – Digestive/Urinary/Genital,40000–49999,44135,"""Intestine transplnt, cadaver""","""intestine transplnt, cadaver"""
Category I,Surgery – Digestive/Urinary/Genital,40000–49999,44136,"""Intestine transplant, live""","""intestine transplant, live"""
Category I,Surgery – Digestive/Urinary/Genital,40000–49999,44137,Remove intestinal allograft,remove intestinal allograft
Category I,Surgery – Digestive/Urinary/Genital,40000–49999,44139,Mobilization of colon,mobilization of colon
Category I,Surgery – Digestive/Urinary/Genital,40000–49999,44140,Partial removal of colon,partial removal of colon
Category I,Surgery – Digestive/Urinary/Genital,40000–49999,44141,Partial removal of colon,partial removal of colon
Category I,Surgery – Digestive/Urinary/Genital,40000–49999,44143,Partial removal of colon,partial removal of colon
Category I,Surgery – Digestive/Urinary/Genital,40000–49999,44144,Partial removal of colon,partial removal of colon
Category I,Surgery – Digestive/Urinary/Genital,40000–49999,44145,Partial removal of colon,partial removal of colon
Category I,Surgery – Digestive/Urinary/Genital,40000–49999,44146,Partial removal of colon,partial removal of colon
Category I,Surgery – Digestive/Urinary/Genital,40000–49999,44147,Partial removal of colon,partial removal of colon
Category I,Surgery – Digestive/Urinary/Genital,40000–49999,44150,Removal of colon,removal of colon
Category I,Surgery – Digestive/Urinary/Genital,40000–49999,44151,Removal of colon/ileostomy,removal of colon/ileostomy
Category I,Surgery – Digestive/Urinary/Genital,40000–49999,44152,Removal of colon/ileostomy,removal of colon/ileostomy
Category I,Surgery – Digestive/Urinary/Genital,40000–49999,44153,Removal of colon/ileostomy,removal of colon/ileostomy
Category I,Surgery – Digestive/Urinary/Genital,40000–49999,44155,Removal of colon/ileostomy,removal of colon/ileostomy
Category I,Surgery – Digestive/Urinary/Genital,40000–49999,44156,Removal of colon/ileostomy,removal of colon/ileostomy
Category I,Surgery – Digestive/Urinary/Genital,40000–49999,44160,Removal of colon,removal of colon
Category I,Surgery – Digestive/Urinary/Genital,40000–49999,44200,"""Laparoscopy, enterolysis""","""laparoscopy, enterolysis"""
Category I,Surgery – Digestive/Urinary/Genital,40000–49999,44201,"""Laparoscopy, jejunostomy""","""laparoscopy, jejunostomy"""
Category I,Surgery – Digestive/Urinary/Genital,40000–49999,44202,Lap resect s/intestine singl,lap resect s/intestine singl
Category I,Surgery – Digestive/Urinary/Genital,40000–49999,44203,"""Lap resect s/intestine, addl""","""lap resect s/intestine, addl"""
Category I,Surgery – Digestive/Urinary/Genital,40000–49999,44204,Laparo partial colectomy,laparo partial colectomy
Category I,Surgery – Digestive/Urinary/Genital,40000–49999,44205,Lap colectomy part w/ileum,lap colectomy part w/ileum
Category I,Surgery – Digestive/Urinary/Genital,40000–49999,44206,Lap part colectomy w/stoma,lap part colectomy w/stoma
Category I,Surgery – Digestive/Urinary/Genital,40000–49999,44207,L colectomy/coloproctostomy,l colectomy/coloproctostomy
Category I,Surgery – Digestive/Urinary/Genital,40000–49999,44208,L colectomy/coloproctostomy,l colectomy/coloproctostomy
Category I,Surgery – Digestive/Urinary/Genital,40000–49999,44210,Laparo total proctocolectomy,laparo total proctocolectomy
Category I,Surgery – Digestive/Urinary/Genital,40000–49999,44211,Laparo total proctocolectomy,laparo total proctocolectomy
Category I,Surgery – Digestive/Urinary/Genital,40000–49999,44212,Laparo total proctocolectomy,laparo total proctocolectomy
Category I,Surgery – Digestive/Urinary/Genital,40000–49999,44238,"""Laparoscope proc, intestine""","""laparoscope proc, intestine"""
Category I,Surgery – Digestive/Urinary/Genital,40000–49999,44239,"""Laparoscope proc, rectum""","""laparoscope proc, rectum"""
Category I,Surgery – Digestive/Urinary/Genital,40000–49999,44300,Open bowel to skin,open bowel to skin
Category I,Surgery – Digestive/Urinary/Genital,40000–49999,44310,Ileostomy/jejunostomy,ileostomy/jejunostomy
Category I,Surgery – Digestive/Urinary/Genital,40000–49999,44312,Revision of ileostomy,revision of ileostomy
Category I,Surgery – Digestive/Urinary/Genital,40000–49999,44314,Revision of ileostomy,revision of ileostomy
Category I,Surgery – Digestive/Urinary/Genital,40000–49999,44316,Devise bowel pouch,devise bowel pouch
Category I,Surgery – Digestive/Urinary/Genital,40000–49999,44320,Colostomy,colostomy
Category I,Surgery – Digestive/Urinary/Genital,40000–49999,44322,Colostomy with biopsies,colostomy with biopsies
Category I,Surgery – Digestive/Urinary/Genital,40000–49999,44340,Revision of colostomy,revision of colostomy
Category I,Surgery – Digestive/Urinary/Genital,40000–49999,44345,Revision of colostomy,revision of colostomy
Category I,Surgery – Digestive/Urinary/Genital,40000–49999,44346,Revision of colostomy,revision of colostomy
Category I,Surgery – Digestive/Urinary/Genital,40000–49999,44360,Small bowel endoscopy,small bowel endoscopy
Category I,Surgery – Digestive/Urinary/Genital,40000–49999,44361,Small bowel endoscopy/biopsy,small bowel endoscopy/biopsy
Category I,Surgery – Digestive/Urinary/Genital,40000–49999,44363,Small bowel endoscopy,small bowel endoscopy
Category I,Surgery – Digestive/Urinary/Genital,40000–49999,44364,Small bowel endoscopy,small bowel endoscopy
Category I,Surgery – Digestive/Urinary/Genital,40000–49999,44365,Small bowel endoscopy,small bowel endoscopy
Category I,Surgery – Digestive/Urinary/Genital,40000–49999,44366,Small bowel endoscopy,small bowel endoscopy
Category I,Surgery – Digestive/Urinary/Genital,40000–49999,44369,Small bowel endoscopy,small bowel endoscopy
Category I,Surgery – Digestive/Urinary/Genital,40000–49999,44370,Small bowel endoscopy/stent,small bowel endoscopy/stent
Category I,Surgery – Digestive/Urinary/Genital,40000–49999,44372,Small bowel endoscopy,small bowel endoscopy
Category I,Surgery – Digestive/Urinary/Genital,40000–49999,44373,Small bowel endoscopy,small bowel endoscopy
Category I,Surgery – Digestive/Urinary/Genital,40000–49999,44376,Small bowel endoscopy,small bowel endoscopy
Category I,Surgery – Digestive/Urinary/Genital,40000–49999,44377,Small bowel endoscopy/biopsy,small bowel endoscopy/biopsy
Category I,Surgery – Digestive/Urinary/Genital,40000–49999,44378,Small bowel endoscopy,small bowel endoscopy
Category I,Surgery – Digestive/Urinary/Genital,40000–49999,44379,S bowel endoscope w/stent,s bowel endoscope w/stent
Category I,Surgery – Digestive/Urinary/Genital,40000–49999,44380,Small bowel endoscopy,small bowel endoscopy
Category I,Surgery – Digestive/Urinary/Genital,40000–49999,44382,Small bowel endoscopy,small bowel endoscopy
Category I,Surgery – Digestive/Urinary/Genital,40000–49999,44383,Ileoscopy w/stent,ileoscopy w/stent
Category I,Surgery – Digestive/Urinary/Genital,40000–49999,44385,Endoscopy of bowel pouch,endoscopy of bowel pouch
Category I,Surgery – Digestive/Urinary/Genital,40000–49999,44386,"""Endoscopy, bowel pouch/biop""","""endoscopy, bowel pouch/biop"""
Category I,Surgery – Digestive/Urinary/Genital,40000–49999,44388,Colonoscopy,colonoscopy
Category I,Surgery – Digestive/Urinary/Genital,40000–49999,44389,Colonoscopy with biopsy,colonoscopy with biopsy
Category I,Surgery – Digestive/Urinary/Genital,40000–49999,44390,Colonoscopy for foreign body,colonoscopy for foreign body
Category I,Surgery – Digestive/Urinary/Genital,40000–49999,44391,Colonoscopy for bleeding,colonoscopy for bleeding
Category I,Surgery – Digestive/Urinary/Genital,40000–49999,44392,Colonoscopy & polypectomy,colonoscopy & polypectomy
Category I,Surgery – Digestive/Urinary/Genital,40000–49999,44393,"""Colonoscopy, lesion removal""","""colonoscopy, lesion removal"""
Category I,Surgery – Digestive/Urinary/Genital,40000–49999,44394,Colonoscopy w/snare,colonoscopy w/snare
Category I,Surgery – Digestive/Urinary/Genital,40000–49999,44397,Colonoscopy w/stent,colonoscopy w/stent
Category I,Surgery – Digestive/Urinary/Genital,40000–49999,44500,"""Intro, gastrointestinal tube""","""intro, gastrointestinal tube"""
Category I,Surgery – Digestive/Urinary/Genital,40000–49999,44602,"""Suture, small intestine""","""suture, small intestine"""
Category I,Surgery – Digestive/Urinary/Genital,40000–49999,44603,"""Suture, small intestine""","""suture, small intestine"""
Category I,Surgery – Digestive/Urinary/Genital,40000–49999,44604,"""Suture, large intestine""","""suture, large intestine"""
Category I,Surgery – Digestive/Urinary/Genital,40000–49999,44605,Repair of bowel lesion,repair of bowel lesion
Category I,Surgery – Digestive/Urinary/Genital,40000–49999,44615,Intestinal stricturoplasty,intestinal stricturoplasty
Category I,Surgery – Digestive/Urinary/Genital,40000–49999,44620,Repair bowel opening,repair bowel opening
Category I,Surgery – Digestive/Urinary/Genital,40000–49999,44625,Repair bowel opening,repair bowel opening
Category I,Surgery – Digestive/Urinary/Genital,40000–49999,44626,Repair bowel opening,repair bowel opening
Category I,Surgery – Digestive/Urinary/Genital,40000–49999,44640,Repair bowel-skin fistula,repair bowel-skin fistula
Category I,Surgery – Digestive/Urinary/Genital,40000–49999,44650,Repair bowel fistula,repair bowel fistula
Category I,Surgery – Digestive/Urinary/Genital,40000–49999,44660,Repair bowel-bladder fistula,repair bowel-bladder fistula
Category I,Surgery – Digestive/Urinary/Genital,40000–49999,44661,Repair bowel-bladder fistula,repair bowel-bladder fistula
Category I,Surgery – Digestive/Urinary/Genital,40000–49999,44680,"""Surgical revision, intestine""","""surgical revision, intestine"""
Category I,Surgery – Digestive/Urinary/Genital,40000–49999,44700,Suspend bowel w/prosthesis,suspend bowel w/prosthesis
Category I,Surgery – Digestive/Urinary/Genital,40000–49999,44701,Intraop colon lavage add-on,intraop colon lavage add-on
Category I,Surgery – Digestive/Urinary/Genital,40000–49999,44715,Prepare donor intestine,prepare donor intestine
Category I,Surgery – Digestive/Urinary/Genital,40000–49999,44720,Prep donor intestine/venous,prep donor intestine/venous
Category I,Surgery – Digestive/Urinary/Genital,40000–49999,44721,Prep donor intestine/artery,prep donor intestine/artery
Category I,Surgery – Digestive/Urinary/Genital,40000–49999,44799,Unlisted procedure intestine,unlisted procedure intestine
Category I,Surgery – Digestive/Urinary/Genital,40000–49999,44800,Excision of bowel pouch,excision of bowel pouch
Category I,Surgery – Digestive/Urinary/Genital,40000–49999,44820,Excision of mesentery lesion,excision of mesentery lesion
Category I,Surgery – Digestive/Urinary/Genital,40000–49999,44850,Repair of mesentery,repair of mesentery
Category I,Surgery – Digestive/Urinary/Genital,40000–49999,44899,Bowel surgery procedure,bowel surgery procedure
Category I,Surgery – Digestive/Urinary/Genital,40000–49999,44900,"""Drain app abscess, open""","""drain app abscess, open"""
Category I,Surgery – Digestive/Urinary/Genital,40000–49999,44901,"""Drain app abscess, percut""","""drain app abscess, percut"""
Category I,Surgery – Digestive/Urinary/Genital,40000–49999,44950,Appendectomy,appendectomy
Category I,Surgery – Digestive/Urinary/Genital,40000–49999,44955,Appendectomy add-on,appendectomy add-on
Category I,Surgery – Digestive/Urinary/Genital,40000–49999,44960,Appendectomy,appendectomy
Category I,Surgery – Digestive/Urinary/Genital,40000–49999,44970,"""Laparoscopy, appendectomy""","""laparoscopy, appendectomy"""
Category I,Surgery – Digestive/Urinary/Genital,40000–49999,44979,"""Laparoscope proc, app""","""laparoscope proc, app"""
Category I,Surgery – Digestive/Urinary/Genital,40000–49999,45000,Drainage of pelvic abscess,drainage of pelvic abscess
Category I,Surgery – Digestive/Urinary/Genital,40000–49999,45005,Drainage of rectal abscess,drainage of rectal abscess
Category I,Surgery – Digestive/Urinary/Genital,40000–49999,45020,Drainage of rectal abscess,drainage of rectal abscess
Category I,Surgery – Digestive/Urinary/Genital,40000–49999,45100,Biopsy of rectum,biopsy of rectum
Category I,Surgery – Digestive/Urinary/Genital,40000–49999,45108,Removal of anorectal lesion,removal of anorectal lesion
Category I,Surgery – Digestive/Urinary/Genital,40000–49999,45110,Removal of rectum,removal of rectum
Category I,Surgery – Digestive/Urinary/Genital,40000–49999,45111,Partial removal of rectum,partial removal of rectum
Category I,Surgery – Digestive/Urinary/Genital,40000–49999,45112,Removal of rectum,removal of rectum
Category I,Surgery – Digestive/Urinary/Genital,40000–49999,45113,Partial proctectomy,partial proctectomy
Category I,Surgery – Digestive/Urinary/Genital,40000–49999,45114,Partial removal of rectum,partial removal of rectum
Category I,Surgery – Digestive/Urinary/Genital,40000–49999,45116,Partial removal of rectum,partial removal of rectum
Category I,Surgery – Digestive/Urinary/Genital,40000–49999,45119,Remove rectum w/reservoir,remove rectum w/reservoir
Category I,Surgery – Digestive/Urinary/Genital,40000–49999,45120,Removal of rectum,removal of rectum
Category I,Surgery – Digestive/Urinary/Genital,40000–49999,45121,Removal of rectum and colon,removal of rectum and colon
Category I,Surgery – Digestive/Urinary/Genital,40000–49999,45123,Partial proctectomy,partial proctectomy
Category I,Surgery – Digestive/Urinary/Genital,40000–49999,45126,Pelvic exenteration,pelvic exenteration
Category I,Surgery – Digestive/Urinary/Genital,40000–49999,45130,Excision of rectal prolapse,excision of rectal prolapse
Category I,Surgery – Digestive/Urinary/Genital,40000–49999,45135,Excision of rectal prolapse,excision of rectal prolapse
Category I,Surgery – Digestive/Urinary/Genital,40000–49999,45136,Excise ileoanal reservior,excise ileoanal reservior
Category I,Surgery – Digestive/Urinary/Genital,40000–49999,45150,Excision of rectal stricture,excision of rectal stricture
Category I,Surgery – Digestive/Urinary/Genital,40000–49999,45160,Excision of rectal lesion,excision of rectal lesion
Category I,Surgery – Digestive/Urinary/Genital,40000–49999,45170,Excision of rectal lesion,excision of rectal lesion
Category I,Surgery – Digestive/Urinary/Genital,40000–49999,45190,"""Destruction, rectal tumor""","""destruction, rectal tumor"""
Category I,Surgery – Digestive/Urinary/Genital,40000–49999,45300,Proctosigmoidoscopy dx,proctosigmoidoscopy dx
Category I,Surgery – Digestive/Urinary/Genital,40000–49999,45303,Proctosigmoidoscopy dilate,proctosigmoidoscopy dilate
Category I,Surgery – Digestive/Urinary/Genital,40000–49999,45305,Proctosigmoidoscopy w/bx,proctosigmoidoscopy w/bx
Category I,Surgery – Digestive/Urinary/Genital,40000–49999,45307,Proctosigmoidoscopy fb,proctosigmoidoscopy fb
Category I,Surgery – Digestive/Urinary/Genital,40000–49999,45308,Proctosigmoidoscopy removal,proctosigmoidoscopy removal
Category I,Surgery – Digestive/Urinary/Genital,40000–49999,45309,Proctosigmoidoscopy removal,proctosigmoidoscopy removal
Category I,Surgery – Digestive/Urinary/Genital,40000–49999,45315,Proctosigmoidoscopy removal,proctosigmoidoscopy removal
Category I,Surgery – Digestive/Urinary/Genital,40000–49999,45317,Proctosigmoidoscopy bleed,proctosigmoidoscopy bleed
Category I,Surgery – Digestive/Urinary/Genital,40000–49999,45320,Proctosigmoidoscopy ablate,proctosigmoidoscopy ablate
Category I,Surgery – Digestive/Urinary/Genital,40000–49999,45321,Proctosigmoidoscopy volvul,proctosigmoidoscopy volvul
Category I,Surgery – Digestive/Urinary/Genital,40000–49999,45327,Proctosigmoidoscopy w/stent,proctosigmoidoscopy w/stent
Category I,Surgery – Digestive/Urinary/Genital,40000–49999,45330,Diagnostic sigmoidoscopy,diagnostic sigmoidoscopy
Category I,Surgery – Digestive/Urinary/Genital,40000–49999,45331,Sigmoidoscopy and biopsy,sigmoidoscopy and biopsy
Category I,Surgery – Digestive/Urinary/Genital,40000–49999,45332,Sigmoidoscopy w/fb removal,sigmoidoscopy w/fb removal
Category I,Surgery – Digestive/Urinary/Genital,40000–49999,45333,Sigmoidoscopy & polypectomy,sigmoidoscopy & polypectomy
Category I,Surgery – Digestive/Urinary/Genital,40000–49999,45334,Sigmoidoscopy for bleeding,sigmoidoscopy for bleeding
Category I,Surgery – Digestive/Urinary/Genital,40000–49999,45335,Sigmoidoscopy w/submuc inj,sigmoidoscopy w/submuc inj
Category I,Surgery – Digestive/Urinary/Genital,40000–49999,45337,Sigmoidoscopy & decompress,sigmoidoscopy & decompress
Category I,Surgery – Digestive/Urinary/Genital,40000–49999,45338,Sigmoidoscopy w/tumr remove,sigmoidoscopy w/tumr remove
Category I,Surgery – Digestive/Urinary/Genital,40000–49999,45339,Sigmoidoscopy w/ablate tumr,sigmoidoscopy w/ablate tumr
Category I,Surgery – Digestive/Urinary/Genital,40000–49999,45340,Sig w/balloon dilation,sig w/balloon dilation
Category I,Surgery – Digestive/Urinary/Genital,40000–49999,45341,Sigmoidoscopy w/ultrasound,sigmoidoscopy w/ultrasound
Category I,Surgery – Digestive/Urinary/Genital,40000–49999,45342,Sigmoidoscopy w/us guide bx,sigmoidoscopy w/us guide bx
Category I,Surgery – Digestive/Urinary/Genital,40000–49999,45345,Sigmoidoscopy w/stent,sigmoidoscopy w/stent
Category I,Surgery – Digestive/Urinary/Genital,40000–49999,45355,Surgical colonoscopy,surgical colonoscopy
Category I,Surgery – Digestive/Urinary/Genital,40000–49999,45378,Diagnostic colonoscopy,diagnostic colonoscopy
Category I,Surgery – Digestive/Urinary/Genital,40000–49999,45379,Colonoscopy w/fb removal,colonoscopy w/fb removal
Category I,Surgery – Digestive/Urinary/Genital,40000–49999,45380,Colonoscopy and biopsy,colonoscopy and biopsy
Category I,Surgery – Digestive/Urinary/Genital,40000–49999,45381,"""Colonoscopy, submucous inj""","""colonoscopy, submucous inj"""
Category I,Surgery – Digestive/Urinary/Genital,40000–49999,45382,Colonoscopy/control bleeding,colonoscopy/control bleeding
Category I,Surgery – Digestive/Urinary/Genital,40000–49999,45383,Lesion removal colonoscopy,lesion removal colonoscopy
Category I,Surgery – Digestive/Urinary/Genital,40000–49999,45384,Lesion remove colonoscopy,lesion remove colonoscopy
Category I,Surgery – Digestive/Urinary/Genital,40000–49999,45385,Lesion removal colonoscopy,lesion removal colonoscopy
Category I,Surgery – Digestive/Urinary/Genital,40000–49999,45386,Colonoscopy dilate stricture,colonoscopy dilate stricture
Category I,Surgery – Digestive/Urinary/Genital,40000–49999,45387,Colonoscopy w/stent,colonoscopy w/stent
Category I,Surgery – Digestive/Urinary/Genital,40000–49999,45391,Colonoscopy w/endoscope us,colonoscopy w/endoscope us
Category I,Surgery – Digestive/Urinary/Genital,40000–49999,45392,Colonoscopy w/endoscopic fnb,colonoscopy w/endoscopic fnb
Category I,Surgery – Digestive/Urinary/Genital,40000–49999,45500,Repair of rectum,repair of rectum
Category I,Surgery – Digestive/Urinary/Genital,40000–49999,45505,Repair of rectum,repair of rectum
Category I,Surgery – Digestive/Urinary/Genital,40000–49999,45520,Treatment of rectal prolapse,treatment of rectal prolapse
Category I,Surgery – Digestive/Urinary/Genital,40000–49999,45540,Correct rectal prolapse,correct rectal prolapse
Category I,Surgery – Digestive/Urinary/Genital,40000–49999,45541,Correct rectal prolapse,correct rectal prolapse
Category I,Surgery – Digestive/Urinary/Genital,40000–49999,45550,Repair rectum/remove sigmoid,repair rectum/remove sigmoid
Category I,Surgery – Digestive/Urinary/Genital,40000–49999,45560,Repair of rectocele,repair of rectocele
Category I,Surgery – Digestive/Urinary/Genital,40000–49999,45562,Exploration/repair of rectum,exploration/repair of rectum
Category I,Surgery – Digestive/Urinary/Genital,40000–49999,45563,Exploration/repair of rectum,exploration/repair of rectum
Category I,Surgery – Digestive/Urinary/Genital,40000–49999,45800,Repair rect/bladder fistula,repair rect/bladder fistula
Category I,Surgery – Digestive/Urinary/Genital,40000–49999,45805,Repair fistula w/colostomy,repair fistula w/colostomy
Category I,Surgery – Digestive/Urinary/Genital,40000–49999,45820,Repair rectourethral fistula,repair rectourethral fistula
Category I,Surgery – Digestive/Urinary/Genital,40000–49999,45825,Repair fistula w/colostomy,repair fistula w/colostomy
Category I,Surgery – Digestive/Urinary/Genital,40000–49999,45900,Reduction of rectal prolapse,reduction of rectal prolapse
Category I,Surgery – Digestive/Urinary/Genital,40000–49999,45905,Dilation of anal sphincter,dilation of anal sphincter
Category I,Surgery – Digestive/Urinary/Genital,40000–49999,45910,Dilation of rectal narrowing,dilation of rectal narrowing
Category I,Surgery – Digestive/Urinary/Genital,40000–49999,45915,Remove rectal obstruction,remove rectal obstruction
Category I,Surgery – Digestive/Urinary/Genital,40000–49999,45999,Rectum surgery procedure,rectum surgery procedure
Category I,Surgery – Digestive/Urinary/Genital,40000–49999,46020,Placement of seton,placement of seton
Category I,Surgery – Digestive/Urinary/Genital,40000–49999,46030,Removal of rectal marker,removal of rectal marker
Category I,Surgery – Digestive/Urinary/Genital,40000–49999,46040,Incision of rectal abscess,incision of rectal abscess
Category I,Surgery – Digestive/Urinary/Genital,40000–49999,46045,Incision of rectal abscess,incision of rectal abscess
Category I,Surgery – Digestive/Urinary/Genital,40000–49999,46050,Incision of anal abscess,incision of anal abscess
Category I,Surgery – Digestive/Urinary/Genital,40000–49999,46060,Incision of rectal abscess,incision of rectal abscess
Category I,Surgery – Digestive/Urinary/Genital,40000–49999,46070,Incision of anal septum,incision of anal septum
Category I,Surgery – Digestive/Urinary/Genital,40000–49999,46080,Incision of anal sphincter,incision of anal sphincter
Category I,Surgery – Digestive/Urinary/Genital,40000–49999,46083,Incise external hemorrhoid,incise external hemorrhoid
Category I,Surgery – Digestive/Urinary/Genital,40000–49999,46200,Removal of anal fissure,removal of anal fissure
Category I,Surgery – Digestive/Urinary/Genital,40000–49999,46210,Removal of anal crypt,removal of anal crypt
Category I,Surgery – Digestive/Urinary/Genital,40000–49999,46211,Removal of anal crypts,removal of anal crypts
Category I,Surgery – Digestive/Urinary/Genital,40000–49999,46220,Removal of anal tag,removal of anal tag
Category I,Surgery – Digestive/Urinary/Genital,40000–49999,46221,Ligation of hemorrhoid(s),ligation of hemorrhoid(s)
Category I,Surgery – Digestive/Urinary/Genital,40000–49999,46230,Removal of anal tags,removal of anal tags
Category I,Surgery – Digestive/Urinary/Genital,40000–49999,46250,Hemorrhoidectomy,hemorrhoidectomy
Category I,Surgery – Digestive/Urinary/Genital,40000–49999,46255,Hemorrhoidectomy,hemorrhoidectomy
Category I,Surgery – Digestive/Urinary/Genital,40000–49999,46257,Remove hemorrhoids & fissure,remove hemorrhoids & fissure
Category I,Surgery – Digestive/Urinary/Genital,40000–49999,46258,Remove hemorrhoids & fistula,remove hemorrhoids & fistula
Category I,Surgery – Digestive/Urinary/Genital,40000–49999,46260,Hemorrhoidectomy,hemorrhoidectomy
Category I,Surgery – Digestive/Urinary/Genital,40000–49999,46261,Remove hemorrhoids & fissure,remove hemorrhoids & fissure
Category I,Surgery – Digestive/Urinary/Genital,40000–49999,46262,Remove hemorrhoids & fistula,remove hemorrhoids & fistula
Category I,Surgery – Digestive/Urinary/Genital,40000–49999,46270,Removal of anal fistula,removal of anal fistula
Category I,Surgery – Digestive/Urinary/Genital,40000–49999,46275,Removal of anal fistula,removal of anal fistula
Category I,Surgery – Digestive/Urinary/Genital,40000–49999,46280,Removal of anal fistula,removal of anal fistula
Category I,Surgery – Digestive/Urinary/Genital,40000–49999,46285,Removal of anal fistula,removal of anal fistula
Category I,Surgery – Digestive/Urinary/Genital,40000–49999,46288,Repair anal fistula,repair anal fistula
Category I,Surgery – Digestive/Urinary/Genital,40000–49999,46320,Removal of hemorrhoid clot,removal of hemorrhoid clot
Category I,Surgery – Digestive/Urinary/Genital,40000–49999,46500,Injection into hemorrhoid(s),injection into hemorrhoid(s)
Category I,Surgery – Digestive/Urinary/Genital,40000–49999,46600,Diagnostic anoscopy,diagnostic anoscopy
Category I,Surgery – Digestive/Urinary/Genital,40000–49999,46604,Anoscopy and dilation,anoscopy and dilation
Category I,Surgery – Digestive/Urinary/Genital,40000–49999,46606,Anoscopy and biopsy,anoscopy and biopsy
Category I,Surgery – Digestive/Urinary/Genital,40000–49999,46608,"""Anoscopy, remove for body""","""anoscopy, remove for body"""
Category I,Surgery – Digestive/Urinary/Genital,40000–49999,46610,"""Anoscopy, remove lesion""","""anoscopy, remove lesion"""
Category I,Surgery – Digestive/Urinary/Genital,40000–49999,46611,Anoscopy,anoscopy
Category I,Surgery – Digestive/Urinary/Genital,40000–49999,46612,"""Anoscopy, remove lesions""","""anoscopy, remove lesions"""
Category I,Surgery – Digestive/Urinary/Genital,40000–49999,46614,"""Anoscopy, control bleeding""","""anoscopy, control bleeding"""
Category I,Surgery – Digestive/Urinary/Genital,40000–49999,46615,Anoscopy,anoscopy
Category I,Surgery – Digestive/Urinary/Genital,40000–49999,46700,Repair of anal stricture,repair of anal stricture
Category I,Surgery – Digestive/Urinary/Genital,40000–49999,46705,Repair of anal stricture,repair of anal stricture
Category I,Surgery – Digestive/Urinary/Genital,40000–49999,46706,Repr of anal fistula w/glue,repr of anal fistula w/glue
Category I,Surgery – Digestive/Urinary/Genital,40000–49999,46715,Rep perf anoper fistu,rep perf anoper fistu
Category I,Surgery – Digestive/Urinary/Genital,40000–49999,46716,Rep perf anoper/vestib fistu,rep perf anoper/vestib fistu
Category I,Surgery – Digestive/Urinary/Genital,40000–49999,46730,Construction of absent anus,construction of absent anus
Category I,Surgery – Digestive/Urinary/Genital,40000–49999,46735,Construction of absent anus,construction of absent anus
Category I,Surgery – Digestive/Urinary/Genital,40000–49999,46740,Construction of absent anus,construction of absent anus
Category I,Surgery – Digestive/Urinary/Genital,40000–49999,46742,Repair of imperforated anus,repair of imperforated anus
Category I,Surgery – Digestive/Urinary/Genital,40000–49999,46744,Repair of cloacal anomaly,repair of cloacal anomaly
Category I,Surgery – Digestive/Urinary/Genital,40000–49999,46746,Repair of cloacal anomaly,repair of cloacal anomaly
Category I,Surgery – Digestive/Urinary/Genital,40000–49999,46748,Repair of cloacal anomaly,repair of cloacal anomaly
Category I,Surgery – Digestive/Urinary/Genital,40000–49999,46750,Repair of anal sphincter,repair of anal sphincter
Category I,Surgery – Digestive/Urinary/Genital,40000–49999,46751,Repair of anal sphincter,repair of anal sphincter
Category I,Surgery – Digestive/Urinary/Genital,40000–49999,46753,Reconstruction of anus,reconstruction of anus
Category I,Surgery – Digestive/Urinary/Genital,40000–49999,46754,Removal of suture from anus,removal of suture from anus
Category I,Surgery – Digestive/Urinary/Genital,40000–49999,46760,Repair of anal sphincter,repair of anal sphincter
Category I,Surgery – Digestive/Urinary/Genital,40000–49999,46761,Repair of anal sphincter,repair of anal sphincter
Category I,Surgery – Digestive/Urinary/Genital,40000–49999,46762,Implant artificial sphincter,implant artificial sphincter
Category I,Surgery – Digestive/Urinary/Genital,40000–49999,46900,"""Destruction, anal lesion(s)""","""destruction, anal lesion(s)"""
Category I,Surgery – Digestive/Urinary/Genital,40000–49999,46910,"""Destruction, anal lesion(s)""","""destruction, anal lesion(s)"""
Category I,Surgery – Digestive/Urinary/Genital,40000–49999,46916,"""Cryosurgery, anal lesion(s)""","""cryosurgery, anal lesion(s)"""
Category I,Surgery – Digestive/Urinary/Genital,40000–49999,46917,"""Laser surgery, anal lesions""","""laser surgery, anal lesions"""
Category I,Surgery – Digestive/Urinary/Genital,40000–49999,46922,Excision of anal lesion(s),excision of anal lesion(s)
Category I,Surgery – Digestive/Urinary/Genital,40000–49999,46924,"""Destruction, anal lesion(s)""","""destruction, anal lesion(s)"""
Category I,Surgery – Digestive/Urinary/Genital,40000–49999,46934,Destruction of hemorrhoids,destruction of hemorrhoids
Category I,Surgery – Digestive/Urinary/Genital,40000–49999,46935,Destruction of hemorrhoids,destruction of hemorrhoids
Category I,Surgery – Digestive/Urinary/Genital,40000–49999,46936,Destruction of hemorrhoids,destruction of hemorrhoids
Category I,Surgery – Digestive/Urinary/Genital,40000–49999,46937,Cryotherapy of rectal lesion,cryotherapy of rectal lesion
Category I,Surgery – Digestive/Urinary/Genital,40000–49999,46938,Cryotherapy of rectal lesion,cryotherapy of rectal lesion
Category I,Surgery – Digestive/Urinary/Genital,40000–49999,46940,Treatment of anal fissure,treatment of anal fissure
Category I,Surgery – Digestive/Urinary/Genital,40000–49999,46942,Treatment of anal fissure,treatment of anal fissure
Category I,Surgery – Digestive/Urinary/Genital,40000–49999,46945,Ligation of hemorrhoids,ligation of hemorrhoids
Category I,Surgery – Digestive/Urinary/Genital,40000–49999,46946,Ligation of hemorrhoids,ligation of hemorrhoids
Category I,Surgery – Digestive/Urinary/Genital,40000–49999,46947,Hemorrhoidopexy by stapling,hemorrhoidopexy by stapling
Category I,Surgery – Digestive/Urinary/Genital,40000–49999,46999,Anus surgery procedure,anus surgery procedure
Category I,Surgery – Digestive/Urinary/Genital,40000–49999,47000,Needle biopsy of liver,needle biopsy of liver
Category I,Surgery – Digestive/Urinary/Genital,40000–49999,47001,"""Needle biopsy, liver add-on""","""needle biopsy, liver add-on"""
Category I,Surgery – Digestive/Urinary/Genital,40000–49999,47010,"""Open drainage, liver lesion""","""open drainage, liver lesion"""
Category I,Surgery – Digestive/Urinary/Genital,40000–49999,47011,"""Percut drain, liver lesion""","""percut drain, liver lesion"""
Category I,Surgery – Digestive/Urinary/Genital,40000–49999,47015,Inject/aspirate liver cyst,inject/aspirate liver cyst
Category I,Surgery – Digestive/Urinary/Genital,40000–49999,47100,Wedge biopsy of liver,wedge biopsy of liver
Category I,Surgery – Digestive/Urinary/Genital,40000–49999,47120,Partial removal of liver,partial removal of liver
Category I,Surgery – Digestive/Urinary/Genital,40000–49999,47122,Extensive removal of liver,extensive removal of liver
Category I,Surgery – Digestive/Urinary/Genital,40000–49999,47125,Partial removal of liver,partial removal of liver
Category I,Surgery – Digestive/Urinary/Genital,40000–49999,47130,Partial removal of liver,partial removal of liver
Category I,Surgery – Digestive/Urinary/Genital,40000–49999,47133,Removal of donor liver,removal of donor liver
Category I,Surgery – Digestive/Urinary/Genital,40000–49999,47135,Transplantation of liver,transplantation of liver
Category I,Surgery – Digestive/Urinary/Genital,40000–49999,47136,Transplantation of liver,transplantation of liver
Category I,Surgery – Digestive/Urinary/Genital,40000–49999,47140,"""Partial removal, donor liver""","""partial removal, donor liver"""
Category I,Surgery – Digestive/Urinary/Genital,40000–49999,47141,"""Partial removal, donor liver""","""partial removal, donor liver"""
Category I,Surgery – Digestive/Urinary/Genital,40000–49999,47142,"""Partial removal, donor liver""","""partial removal, donor liver"""
Category I,Surgery – Digestive/Urinary/Genital,40000–49999,47143,"""Prep donor liver, whole""","""prep donor liver, whole"""
Category I,Surgery – Digestive/Urinary/Genital,40000–49999,47144,"""Prep donor liver, 3-segment""","""prep donor liver, 3-segment"""
Category I,Surgery – Digestive/Urinary/Genital,40000–49999,47145,"""Prep donor liver, lobe split""","""prep donor liver, lobe split"""
Category I,Surgery – Digestive/Urinary/Genital,40000–49999,47146,Prep donor liver/venous,prep donor liver/venous
Category I,Surgery – Digestive/Urinary/Genital,40000–49999,47147,Prep donor liver/arterial,prep donor liver/arterial
Category I,Surgery – Digestive/Urinary/Genital,40000–49999,47300,Surgery for liver lesion,surgery for liver lesion
Category I,Surgery – Digestive/Urinary/Genital,40000–49999,47350,Repair liver wound,repair liver wound
Category I,Surgery – Digestive/Urinary/Genital,40000–49999,47360,Repair liver wound,repair liver wound
Category I,Surgery – Digestive/Urinary/Genital,40000–49999,47361,Repair liver wound,repair liver wound
Category I,Surgery – Digestive/Urinary/Genital,40000–49999,47362,Repair liver wound,repair liver wound
Category I,Surgery – Digestive/Urinary/Genital,40000–49999,47370,Laparo ablate liver tumor rf,laparo ablate liver tumor rf
Category I,Surgery – Digestive/Urinary/Genital,40000–49999,47371,Laparo ablate liver cryosurg,laparo ablate liver cryosurg
Category I,Surgery – Digestive/Urinary/Genital,40000–49999,47379,"""Laparoscope procedure, liver""","""laparoscope procedure, liver"""
Category I,Surgery – Digestive/Urinary/Genital,40000–49999,47380,Open ablate liver tumor rf,open ablate liver tumor rf
Category I,Surgery – Digestive/Urinary/Genital,40000–49999,47381,Open ablate liver tumor cryo,open ablate liver tumor cryo
Category I,Surgery – Digestive/Urinary/Genital,40000–49999,47382,Percut ablate liver rf,percut ablate liver rf
Category I,Surgery – Digestive/Urinary/Genital,40000–49999,47399,Liver surgery procedure,liver surgery procedure
Category I,Surgery – Digestive/Urinary/Genital,40000–49999,47400,Incision of liver duct,incision of liver duct
Category I,Surgery – Digestive/Urinary/Genital,40000–49999,47420,Incision of bile duct,incision of bile duct
Category I,Surgery – Digestive/Urinary/Genital,40000–49999,47425,Incision of bile duct,incision of bile duct
Category I,Surgery – Digestive/Urinary/Genital,40000–49999,47460,Incise bile duct sphincter,incise bile duct sphincter
Category I,Surgery – Digestive/Urinary/Genital,40000–49999,47480,Incision of gallbladder,incision of gallbladder
Category I,Surgery – Digestive/Urinary/Genital,40000–49999,47490,Incision of gallbladder,incision of gallbladder
Category I,Surgery – Digestive/Urinary/Genital,40000–49999,47500,Injection for liver x-rays,injection for liver x-rays
Category I,Surgery – Digestive/Urinary/Genital,40000–49999,47505,Injection for liver x-rays,injection for liver x-rays
Category I,Surgery – Digestive/Urinary/Genital,40000–49999,47510,"""Insert catheter, bile duct""","""insert catheter, bile duct"""
Category I,Surgery – Digestive/Urinary/Genital,40000–49999,47511,Insert bile duct drain,insert bile duct drain
Category I,Surgery – Digestive/Urinary/Genital,40000–49999,47525,Change bile duct catheter,change bile duct catheter
Category I,Surgery – Digestive/Urinary/Genital,40000–49999,47530,Revise/reinsert bile tube,revise/reinsert bile tube
Category I,Surgery – Digestive/Urinary/Genital,40000–49999,47550,Bile duct endoscopy add-on,bile duct endoscopy add-on
Category I,Surgery – Digestive/Urinary/Genital,40000–49999,47552,Biliary endoscopy thru skin,biliary endoscopy thru skin
Category I,Surgery – Digestive/Urinary/Genital,40000–49999,47553,Biliary endoscopy thru skin,biliary endoscopy thru skin
Category I,Surgery – Digestive/Urinary/Genital,40000–49999,47554,Biliary endoscopy thru skin,biliary endoscopy thru skin
Category I,Surgery – Digestive/Urinary/Genital,40000–49999,47555,Biliary endoscopy thru skin,biliary endoscopy thru skin
Category I,Surgery – Digestive/Urinary/Genital,40000–49999,47556,Biliary endoscopy thru skin,biliary endoscopy thru skin
Category I,Surgery – Digestive/Urinary/Genital,40000–49999,47560,Laparoscopy w/cholangio,laparoscopy w/cholangio
Category I,Surgery – Digestive/Urinary/Genital,40000–49999,47561,Laparo w/cholangio/biopsy,laparo w/cholangio/biopsy
Category I,Surgery – Digestive/Urinary/Genital,40000–49999,47562,Laparoscopic cholecystectomy,laparoscopic cholecystectomy
Category I,Surgery – Digestive/Urinary/Genital,40000–49999,47563,Laparo cholecystectomy/graph,laparo cholecystectomy/graph
Category I,Surgery – Digestive/Urinary/Genital,40000–49999,47564,Laparo cholecystectomy/explr,laparo cholecystectomy/explr
Category I,Surgery – Digestive/Urinary/Genital,40000–49999,47570,Laparo cholecystoenterostomy,laparo cholecystoenterostomy
Category I,Surgery – Digestive/Urinary/Genital,40000–49999,47579,"""Laparoscope proc, biliary""","""laparoscope proc, biliary"""
Category I,Surgery – Digestive/Urinary/Genital,40000–49999,47600,Removal of gallbladder,removal of gallbladder
Category I,Surgery – Digestive/Urinary/Genital,40000–49999,47605,Removal of gallbladder,removal of gallbladder
Category I,Surgery – Digestive/Urinary/Genital,40000–49999,47610,Removal of gallbladder,removal of gallbladder
Category I,Surgery – Digestive/Urinary/Genital,40000–49999,47612,Removal of gallbladder,removal of gallbladder
Category I,Surgery – Digestive/Urinary/Genital,40000–49999,47620,Removal of gallbladder,removal of gallbladder
Category I,Surgery – Digestive/Urinary/Genital,40000–49999,47630,Remove bile duct stone,remove bile duct stone
Category I,Surgery – Digestive/Urinary/Genital,40000–49999,47700,Exploration of bile ducts,exploration of bile ducts
Category I,Surgery – Digestive/Urinary/Genital,40000–49999,47701,Bile duct revision,bile duct revision
Category I,Surgery – Digestive/Urinary/Genital,40000–49999,47711,Excision of bile duct tumor,excision of bile duct tumor
Category I,Surgery – Digestive/Urinary/Genital,40000–49999,47712,Excision of bile duct tumor,excision of bile duct tumor
Category I,Surgery – Digestive/Urinary/Genital,40000–49999,47715,Excision of bile duct cyst,excision of bile duct cyst
Category I,Surgery – Digestive/Urinary/Genital,40000–49999,47716,Fusion of bile duct cyst,fusion of bile duct cyst
Category I,Surgery – Digestive/Urinary/Genital,40000–49999,47720,Fuse gallbladder & bowel,fuse gallbladder & bowel
Category I,Surgery – Digestive/Urinary/Genital,40000–49999,47721,Fuse upper gi structures,fuse upper gi structures
Category I,Surgery – Digestive/Urinary/Genital,40000–49999,47740,Fuse gallbladder & bowel,fuse gallbladder & bowel
Category I,Surgery – Digestive/Urinary/Genital,40000–49999,47741,Fuse gallbladder & bowel,fuse gallbladder & bowel
Category I,Surgery – Digestive/Urinary/Genital,40000–49999,47760,Fuse bile ducts and bowel,fuse bile ducts and bowel
Category I,Surgery – Digestive/Urinary/Genital,40000–49999,47765,Fuse liver ducts & bowel,fuse liver ducts & bowel
Category I,Surgery – Digestive/Urinary/Genital,40000–49999,47780,Fuse bile ducts and bowel,fuse bile ducts and bowel
Category I,Surgery – Digestive/Urinary/Genital,40000–49999,47785,Fuse bile ducts and bowel,fuse bile ducts and bowel
Category I,Surgery – Digestive/Urinary/Genital,40000–49999,47800,Reconstruction of bile ducts,reconstruction of bile ducts
Category I,Surgery – Digestive/Urinary/Genital,40000–49999,47801,"""Placement, bile duct support""","""placement, bile duct support"""
Category I,Surgery – Digestive/Urinary/Genital,40000–49999,47802,Fuse liver duct & intestine,fuse liver duct & intestine
Category I,Surgery – Digestive/Urinary/Genital,40000–49999,47900,Suture bile duct injury,suture bile duct injury
Category I,Surgery – Digestive/Urinary/Genital,40000–49999,47999,Bile tract surgery procedure,bile tract surgery procedure
Category I,Surgery – Digestive/Urinary/Genital,40000–49999,48000,Drainage of abdomen,drainage of abdomen
Category I,Surgery – Digestive/Urinary/Genital,40000–49999,48001,"""Placement of drain, pancreas""","""placement of drain, pancreas"""
Category I,Surgery – Digestive/Urinary/Genital,40000–49999,48005,Resect/debride pancreas,resect/debride pancreas
Category I,Surgery – Digestive/Urinary/Genital,40000–49999,48020,Removal of pancreatic stone,removal of pancreatic stone
Category I,Surgery – Digestive/Urinary/Genital,40000–49999,48100,"""Biopsy of pancreas, open""","""biopsy of pancreas, open"""
Category I,Surgery – Digestive/Urinary/Genital,40000–49999,48102,"""Needle biopsy, pancreas""","""needle biopsy, pancreas"""
Category I,Surgery – Digestive/Urinary/Genital,40000–49999,48120,Removal of pancreas lesion,removal of pancreas lesion
Category I,Surgery – Digestive/Urinary/Genital,40000–49999,48140,Partial removal of pancreas,partial removal of pancreas
Category I,Surgery – Digestive/Urinary/Genital,40000–49999,48145,Partial removal of pancreas,partial removal of pancreas
Category I,Surgery – Digestive/Urinary/Genital,40000–49999,48146,Pancreatectomy,pancreatectomy
Category I,Surgery – Digestive/Urinary/Genital,40000–49999,48148,Removal of pancreatic duct,removal of pancreatic duct
Category I,Surgery – Digestive/Urinary/Genital,40000–49999,48150,Partial removal of pancreas,partial removal of pancreas
Category I,Surgery – Digestive/Urinary/Genital,40000–49999,48152,Pancreatectomy,pancreatectomy
Category I,Surgery – Digestive/Urinary/Genital,40000–49999,48153,Pancreatectomy,pancreatectomy
Category I,Surgery – Digestive/Urinary/Genital,40000–49999,48154,Pancreatectomy,pancreatectomy
Category I,Surgery – Digestive/Urinary/Genital,40000–49999,48155,Removal of pancreas,removal of pancreas
Category I,Surgery – Digestive/Urinary/Genital,40000–49999,48160,Pancreas removal/transplant,pancreas removal/transplant
Category I,Surgery – Digestive/Urinary/Genital,40000–49999,48180,Fuse pancreas and bowel,fuse pancreas and bowel
Category I,Surgery – Digestive/Urinary/Genital,40000–49999,48400,"""Injection, intraop add-on""","""injection, intraop add-on"""
Category I,Surgery – Digestive/Urinary/Genital,40000–49999,48500,Surgery of pancreatic cyst,surgery of pancreatic cyst
Category I,Surgery – Digestive/Urinary/Genital,40000–49999,48510,Drain pancreatic pseudocyst,drain pancreatic pseudocyst
Category I,Surgery – Digestive/Urinary/Genital,40000–49999,48511,Drain pancreatic pseudocyst,drain pancreatic pseudocyst
Category I,Surgery – Digestive/Urinary/Genital,40000–49999,48520,Fuse pancreas cyst and bowel,fuse pancreas cyst and bowel
Category I,Surgery – Digestive/Urinary/Genital,40000–49999,48540,Fuse pancreas cyst and bowel,fuse pancreas cyst and bowel
Category I,Surgery – Digestive/Urinary/Genital,40000–49999,48545,Pancreatorrhaphy,pancreatorrhaphy
Category I,Surgery – Digestive/Urinary/Genital,40000–49999,48547,Duodenal exclusion,duodenal exclusion
Category I,Surgery – Digestive/Urinary/Genital,40000–49999,48550,Donor pancreatectomy,donor pancreatectomy
Category I,Surgery – Digestive/Urinary/Genital,40000–49999,48551,Prep donor pancreas,prep donor pancreas
Category I,Surgery – Digestive/Urinary/Genital,40000–49999,48552,Prep donor pancreas/venous,prep donor pancreas/venous
Category I,Surgery – Digestive/Urinary/Genital,40000–49999,48554,Transpl allograft pancreas,transpl allograft pancreas
Category I,Surgery – Digestive/Urinary/Genital,40000–49999,48556,"""Removal, allograft pancreas""","""removal, allograft pancreas"""
Category I,Surgery – Digestive/Urinary/Genital,40000–49999,48999,Pancreas surgery procedure,pancreas surgery procedure
Category I,Surgery – Digestive/Urinary/Genital,40000–49999,49000,Exploration of abdomen,exploration of abdomen
Category I,Surgery – Digestive/Urinary/Genital,40000–49999,49002,Reopening of abdomen,reopening of abdomen
Category I,Surgery – Digestive/Urinary/Genital,40000–49999,49010,Exploration behind abdomen,exploration behind abdomen
Category I,Surgery – Digestive/Urinary/Genital,40000–49999,49020,Drain abdominal abscess,drain abdominal abscess
Category I,Surgery – Digestive/Urinary/Genital,40000–49999,49021,Drain abdominal abscess,drain abdominal abscess
Category I,Surgery – Digestive/Urinary/Genital,40000–49999,49040,"""Drain, open, abdom abscess""","""drain, open, abdom abscess"""
Category I,Surgery – Digestive/Urinary/Genital,40000–49999,49041,"""Drain, percut, abdom abscess""","""drain, percut, abdom abscess"""
Category I,Surgery – Digestive/Urinary/Genital,40000–49999,49060,"""Drain, open, retrop abscess""","""drain, open, retrop abscess"""
Category I,Surgery – Digestive/Urinary/Genital,40000–49999,49061,"""Drain, percut, retroper absc""","""drain, percut, retroper absc"""
Category I,Surgery – Digestive/Urinary/Genital,40000–49999,49062,Drain to peritoneal cavity,drain to peritoneal cavity
Category I,Surgery – Digestive/Urinary/Genital,40000–49999,49080,"""Puncture, peritoneal cavity""","""puncture, peritoneal cavity"""
Category I,Surgery – Digestive/Urinary/Genital,40000–49999,49081,Removal of abdominal fluid,removal of abdominal fluid
Category I,Surgery – Digestive/Urinary/Genital,40000–49999,49085,Remove abdomen foreign body,remove abdomen foreign body
Category I,Surgery – Digestive/Urinary/Genital,40000–49999,49180,"""Biopsy, abdominal mass""","""biopsy, abdominal mass"""
Category I,Surgery – Digestive/Urinary/Genital,40000–49999,49200,Removal of abdominal lesion,removal of abdominal lesion
Category I,Surgery – Digestive/Urinary/Genital,40000–49999,49201,"""Remove abdom lesion, complex""","""remove abdom lesion, complex"""
Category I,Surgery – Digestive/Urinary/Genital,40000–49999,49215,Excise sacral spine tumor,excise sacral spine tumor
Category I,Surgery – Digestive/Urinary/Genital,40000–49999,49220,"""Multiple surgery, abdomen""","""multiple surgery, abdomen"""
Category I,Surgery – Digestive/Urinary/Genital,40000–49999,49250,Excision of umbilicus,excision of umbilicus
Category I,Surgery – Digestive/Urinary/Genital,40000–49999,49255,Removal of omentum,removal of omentum
Category I,Surgery – Digestive/Urinary/Genital,40000–49999,49320,Diag laparo separate proc,diag laparo separate proc
Category I,Surgery – Digestive/Urinary/Genital,40000–49999,49321,"""Laparoscopy, biopsy""","""laparoscopy, biopsy"""
Category I,Surgery – Digestive/Urinary/Genital,40000–49999,49322,"""Laparoscopy, aspiration""","""laparoscopy, aspiration"""
Category I,Surgery – Digestive/Urinary/Genital,40000–49999,49323,Laparo drain lymphocele,laparo drain lymphocele
Category I,Surgery – Digestive/Urinary/Genital,40000–49999,49329,"""Laparo proc, abdm/per/oment""","""laparo proc, abdm/per/oment"""
Category I,Surgery – Digestive/Urinary/Genital,40000–49999,49400,Air injection into abdomen,air injection into abdomen
Category I,Surgery – Digestive/Urinary/Genital,40000–49999,49419,Insrt abdom cath for chemotx,insrt abdom cath for chemotx
Category I,Surgery – Digestive/Urinary/Genital,40000–49999,49420,"""Insert abdom drain, temp""","""insert abdom drain, temp"""
Category I,Surgery – Digestive/Urinary/Genital,40000–49999,49421,"""Insert abdom drain, perm""","""insert abdom drain, perm"""
Category I,Surgery – Digestive/Urinary/Genital,40000–49999,49422,Remove perm cannula/catheter,remove perm cannula/catheter
Category I,Surgery – Digestive/Urinary/Genital,40000–49999,49423,Exchange drainage catheter,exchange drainage catheter
Category I,Surgery – Digestive/Urinary/Genital,40000–49999,49424,"""Assess cyst, contrast inject""","""assess cyst, contrast inject"""
Category I,Surgery – Digestive/Urinary/Genital,40000–49999,49425,Insert abdomen-venous drain,insert abdomen-venous drain
Category I,Surgery – Digestive/Urinary/Genital,40000–49999,49426,Revise abdomen-venous shunt,revise abdomen-venous shunt
Category I,Surgery – Digestive/Urinary/Genital,40000–49999,49427,"""Injection, abdominal shunt""","""injection, abdominal shunt"""
Category I,Surgery – Digestive/Urinary/Genital,40000–49999,49428,Ligation of shunt,ligation of shunt
Category I,Surgery – Digestive/Urinary/Genital,40000–49999,49429,Removal of shunt,removal of shunt
Category I,Surgery – Digestive/Urinary/Genital,40000–49999,49491,Rpr hern preemie reduc,rpr hern preemie reduc
Category I,Surgery – Digestive/Urinary/Genital,40000–49999,49492,"""Rpr ing hern premie, blocked""","""rpr ing hern premie, blocked"""
Category I,Surgery – Digestive/Urinary/Genital,40000–49999,49495,"""Rpr ing hernia baby, reduc""","""rpr ing hernia baby, reduc"""
Category I,Surgery – Digestive/Urinary/Genital,40000–49999,49496,"""Rpr ing hernia baby, blocked""","""rpr ing hernia baby, blocked"""
Category I,Surgery – Digestive/Urinary/Genital,40000–49999,49500,"""Rpr ing hernia, init, reduce""","""rpr ing hernia, init, reduce"""
Category I,Surgery – Digestive/Urinary/Genital,40000–49999,49501,"""Rpr ing hernia, init blocked""","""rpr ing hernia, init blocked"""
Category I,Surgery – Digestive/Urinary/Genital,40000–49999,49505,Prp i/hern init reduc >5 yr,prp i/hern init reduc >5 yr
Category I,Surgery – Digestive/Urinary/Genital,40000–49999,49507,Prp i/hern init block >5 yr,prp i/hern init block >5 yr
Category I,Surgery – Digestive/Urinary/Genital,40000–49999,49520,"""Rerepair ing hernia, reduce""","""rerepair ing hernia, reduce"""
Category I,Surgery – Digestive/Urinary/Genital,40000–49999,49521,"""Rerepair ing hernia, blocked""","""rerepair ing hernia, blocked"""
Category I,Surgery – Digestive/Urinary/Genital,40000–49999,49525,"""Repair ing hernia, sliding""","""repair ing hernia, sliding"""
Category I,Surgery – Digestive/Urinary/Genital,40000–49999,49540,Repair lumbar hernia,repair lumbar hernia
Category I,Surgery – Digestive/Urinary/Genital,40000–49999,49550,"""Rpr rem hernia, init, reduce""","""rpr rem hernia, init, reduce"""
Category I,Surgery – Digestive/Urinary/Genital,40000–49999,49553,"""Rpr fem hernia, init blocked""","""rpr fem hernia, init blocked"""
Category I,Surgery – Digestive/Urinary/Genital,40000–49999,49555,"""Rerepair fem hernia, reduce""","""rerepair fem hernia, reduce"""
Category I,Surgery – Digestive/Urinary/Genital,40000–49999,49557,"""Rerepair fem hernia, blocked""","""rerepair fem hernia, blocked"""
Category I,Surgery – Digestive/Urinary/Genital,40000–49999,49560,"""Rpr ventral hern init, reduc""","""rpr ventral hern init, reduc"""
Category I,Surgery – Digestive/Urinary/Genital,40000–49999,49561,"""Rpr ventral hern init, block""","""rpr ventral hern init, block"""
Category I,Surgery – Digestive/Urinary/Genital,40000–49999,49565,"""Rerepair ventrl hern, reduce""","""rerepair ventrl hern, reduce"""
Category I,Surgery – Digestive/Urinary/Genital,40000–49999,49566,"""Rerepair ventrl hern, block""","""rerepair ventrl hern, block"""
Category I,Surgery – Digestive/Urinary/Genital,40000–49999,49568,Hernia repair w/mesh,hernia repair w/mesh
Category I,Surgery – Digestive/Urinary/Genital,40000–49999,49570,"""Rpr epigastric hern, reduce""","""rpr epigastric hern, reduce"""
Category I,Surgery – Digestive/Urinary/Genital,40000–49999,49572,"""Rpr epigastric hern, blocked""","""rpr epigastric hern, blocked"""
Category I,Surgery – Digestive/Urinary/Genital,40000–49999,49580,"""Rpr umbil hern, reduc < 5 yr""","""rpr umbil hern, reduc < 5 yr"""
Category I,Surgery – Digestive/Urinary/Genital,40000–49999,49582,"""Rpr umbil hern, block < 5 yr""","""rpr umbil hern, block < 5 yr"""
Category I,Surgery – Digestive/Urinary/Genital,40000–49999,49585,"""Rpr umbil hern, reduc > 5 yr""","""rpr umbil hern, reduc > 5 yr"""
Category I,Surgery – Digestive/Urinary/Genital,40000–49999,49587,"""Rpr umbil hern, block > 5 yr""","""rpr umbil hern, block > 5 yr"""
Category I,Surgery – Digestive/Urinary/Genital,40000–49999,49590,Repair spigelian hernia,repair spigelian hernia
Category I,Surgery – Digestive/Urinary/Genital,40000–49999,49600,Repair umbilical lesion,repair umbilical lesion
Category I,Surgery – Digestive/Urinary/Genital,40000–49999,49605,Repair umbilical lesion,repair umbilical lesion
Category I,Surgery – Digestive/Urinary/Genital,40000–49999,49606,Repair umbilical lesion,repair umbilical lesion
Category I,Surgery – Digestive/Urinary/Genital,40000–49999,49610,Repair umbilical lesion,repair umbilical lesion
Category I,Surgery – Digestive/Urinary/Genital,40000–49999,49611,Repair umbilical lesion,repair umbilical lesion
Category I,Surgery – Digestive/Urinary/Genital,40000–49999,49650,Laparo hernia repair initial,laparo hernia repair initial
Category I,Surgery – Digestive/Urinary/Genital,40000–49999,49651,Laparo hernia repair recur,laparo hernia repair recur
Category I,Surgery – Digestive/Urinary/Genital,40000–49999,49659,"""Laparo proc, hernia repair""","""laparo proc, hernia repair"""
Category I,Surgery – Digestive/Urinary/Genital,40000–49999,49900,Repair of abdominal wall,repair of abdominal wall
Category I,Surgery – Digestive/Urinary/Genital,40000–49999,49904,"""Omental flap, extra-abdom""","""omental flap, extra-abdom"""
Category I,Surgery – Digestive/Urinary/Genital,40000–49999,49905,"""Omental flap, intra-abdom""","""omental flap, intra-abdom"""
Category I,Surgery – Digestive/Urinary/Genital,40000–49999,49906,"""Free omental flap, microvasc""","""free omental flap, microvasc"""
Category I,Surgery – Digestive/Urinary/Genital,40000–49999,49999,Abdomen surgery procedure,abdomen surgery procedure
Category I,Surgery – Nervous System,50000–59999,50010,Exploration of kidney,exploration of kidney
Category I,Surgery – Nervous System,50000–59999,50020,"""Renal abscess, open drain""","""renal abscess, open drain"""
Category I,Surgery – Nervous System,50000–59999,50021,"""Renal abscess, percut drain""","""renal abscess, percut drain"""
Category I,Surgery – Nervous System,50000–59999,50040,Drainage of kidney,drainage of kidney
Category I,Surgery – Nervous System,50000–59999,50045,Exploration of kidney,exploration of kidney
Category I,Surgery – Nervous System,50000–59999,50060,Removal of kidney stone,removal of kidney stone
Category I,Surgery – Nervous System,50000–59999,50065,Incision of kidney,incision of kidney
Category I,Surgery – Nervous System,50000–59999,50070,Incision of kidney,incision of kidney
Category I,Surgery – Nervous System,50000–59999,50075,Removal of kidney stone,removal of kidney stone
Category I,Surgery – Nervous System,50000–59999,50080,Removal of kidney stone,removal of kidney stone
Category I,Surgery – Nervous System,50000–59999,50081,Removal of kidney stone,removal of kidney stone
Category I,Surgery – Nervous System,50000–59999,50100,Revise kidney blood vessels,revise kidney blood vessels
Category I,Surgery – Nervous System,50000–59999,50120,Exploration of kidney,exploration of kidney
Category I,Surgery – Nervous System,50000–59999,50125,Explore and drain kidney,explore and drain kidney
Category I,Surgery – Nervous System,50000–59999,50130,Removal of kidney stone,removal of kidney stone
Category I,Surgery – Nervous System,50000–59999,50135,Exploration of kidney,exploration of kidney
Category I,Surgery – Nervous System,50000–59999,50200,Biopsy of kidney,biopsy of kidney
Category I,Surgery – Nervous System,50000–59999,50205,Biopsy of kidney,biopsy of kidney
Category I,Surgery – Nervous System,50000–59999,50220,"""Remove kidney, open""","""remove kidney, open"""
Category I,Surgery – Nervous System,50000–59999,50225,"""Removal kidney open, complex""","""removal kidney open, complex"""
Category I,Surgery – Nervous System,50000–59999,50230,"""Removal kidney open, radical""","""removal kidney open, radical"""
Category I,Surgery – Nervous System,50000–59999,50234,Removal of kidney & ureter,removal of kidney & ureter
Category I,Surgery – Nervous System,50000–59999,50236,Removal of kidney & ureter,removal of kidney & ureter
Category I,Surgery – Nervous System,50000–59999,50240,Partial removal of kidney,partial removal of kidney
Category I,Surgery – Nervous System,50000–59999,50280,Removal of kidney lesion,removal of kidney lesion
Category I,Surgery – Nervous System,50000–59999,50290,Removal of kidney lesion,removal of kidney lesion
Category I,Surgery – Nervous System,50000–59999,50300,Remove cadaver donor kidney,remove cadaver donor kidney
Category I,Surgery – Nervous System,50000–59999,50320,"""Remove kidney, living donor""","""remove kidney, living donor"""
Category I,Surgery – Nervous System,50000–59999,50323,Prep cadaver renal allograft,prep cadaver renal allograft
Category I,Surgery – Nervous System,50000–59999,50325,Prep donor renal graft,prep donor renal graft
Category I,Surgery – Nervous System,50000–59999,50327,Prep renal graft/venous,prep renal graft/venous
Category I,Surgery – Nervous System,50000–59999,50328,Prep renal graft/arterial,prep renal graft/arterial
Category I,Surgery – Nervous System,50000–59999,50329,Prep renal graft/ureteral,prep renal graft/ureteral
Category I,Surgery – Nervous System,50000–59999,50340,Removal of kidney,removal of kidney
Category I,Surgery – Nervous System,50000–59999,50360,Transplantation of kidney,transplantation of kidney
Category I,Surgery – Nervous System,50000–59999,50365,Transplantation of kidney,transplantation of kidney
Category I,Surgery – Nervous System,50000–59999,50370,Remove transplanted kidney,remove transplanted kidney
Category I,Surgery – Nervous System,50000–59999,50380,Reimplantation of kidney,reimplantation of kidney
Category I,Surgery – Nervous System,50000–59999,50390,Drainage of kidney lesion,drainage of kidney lesion
Category I,Surgery – Nervous System,50000–59999,50391,Instll rx agnt into rnal tub,instll rx agnt into rnal tub
Category I,Surgery – Nervous System,50000–59999,50392,Insert kidney drain,insert kidney drain
Category I,Surgery – Nervous System,50000–59999,50393,Insert ureteral tube,insert ureteral tube
Category I,Surgery – Nervous System,50000–59999,50394,Injection for kidney x-ray,injection for kidney x-ray
Category I,Surgery – Nervous System,50000–59999,50395,Create passage to kidney,create passage to kidney
Category I,Surgery – Nervous System,50000–59999,50396,Measure kidney pressure,measure kidney pressure
Category I,Surgery – Nervous System,50000–59999,50398,Change kidney tube,change kidney tube
Category I,Surgery – Nervous System,50000–59999,50400,Revision of kidney/ureter,revision of kidney/ureter
Category I,Surgery – Nervous System,50000–59999,50405,Revision of kidney/ureter,revision of kidney/ureter
Category I,Surgery – Nervous System,50000–59999,50500,Repair of kidney wound,repair of kidney wound
Category I,Surgery – Nervous System,50000–59999,50520,Close kidney-skin fistula,close kidney-skin fistula
Category I,Surgery – Nervous System,50000–59999,50525,Repair renal-abdomen fistula,repair renal-abdomen fistula
Category I,Surgery – Nervous System,50000–59999,50526,Repair renal-abdomen fistula,repair renal-abdomen fistula
Category I,Surgery – Nervous System,50000–59999,50540,Revision of horseshoe kidney,revision of horseshoe kidney
Category I,Surgery – Nervous System,50000–59999,50541,Laparo ablate renal cyst,laparo ablate renal cyst
Category I,Surgery – Nervous System,50000–59999,50542,Laparo ablate renal mass,laparo ablate renal mass
Category I,Surgery – Nervous System,50000–59999,50543,Laparo partial nephrectomy,laparo partial nephrectomy
Category I,Surgery – Nervous System,50000–59999,50544,"""Laparoscopy, pyeloplasty""","""laparoscopy, pyeloplasty"""
Category I,Surgery – Nervous System,50000–59999,50545,Laparo radical nephrectomy,laparo radical nephrectomy
Category I,Surgery – Nervous System,50000–59999,50546,Laparoscopic nephrectomy,laparoscopic nephrectomy
Category I,Surgery – Nervous System,50000–59999,50547,Laparo removal donor kidney,laparo removal donor kidney
Category I,Surgery – Nervous System,50000–59999,50548,Laparo remove w/ureter,laparo remove w/ureter
Category I,Surgery – Nervous System,50000–59999,50549,"""Laparoscope proc, renal""","""laparoscope proc, renal"""
Category I,Surgery – Nervous System,50000–59999,50551,Kidney endoscopy,kidney endoscopy
Category I,Surgery – Nervous System,50000–59999,50553,Kidney endoscopy,kidney endoscopy
Category I,Surgery – Nervous System,50000–59999,50555,Kidney endoscopy & biopsy,kidney endoscopy & biopsy
Category I,Surgery – Nervous System,50000–59999,50557,Kidney endoscopy & treatment,kidney endoscopy & treatment
Category I,Surgery – Nervous System,50000–59999,50561,Kidney endoscopy & treatment,kidney endoscopy & treatment
Category I,Surgery – Nervous System,50000–59999,50562,Renal scope w/tumor resect,renal scope w/tumor resect
Category I,Surgery – Nervous System,50000–59999,50570,Kidney endoscopy,kidney endoscopy
Category I,Surgery – Nervous System,50000–59999,50572,Kidney endoscopy,kidney endoscopy
Category I,Surgery – Nervous System,50000–59999,50574,Kidney endoscopy & biopsy,kidney endoscopy & biopsy
Category I,Surgery – Nervous System,50000–59999,50575,Kidney endoscopy,kidney endoscopy
Category I,Surgery – Nervous System,50000–59999,50576,Kidney endoscopy & treatment,kidney endoscopy & treatment
Category I,Surgery – Nervous System,50000–59999,50580,Kidney endoscopy & treatment,kidney endoscopy & treatment
Category I,Surgery – Nervous System,50000–59999,50590,Fragmenting of kidney stone,fragmenting of kidney stone
Category I,Surgery – Nervous System,50000–59999,50600,Exploration of ureter,exploration of ureter
Category I,Surgery – Nervous System,50000–59999,50605,Insert ureteral support,insert ureteral support
Category I,Surgery – Nervous System,50000–59999,50610,Removal of ureter stone,removal of ureter stone
Category I,Surgery – Nervous System,50000–59999,50620,Removal of ureter stone,removal of ureter stone
Category I,Surgery – Nervous System,50000–59999,50630,Removal of ureter stone,removal of ureter stone
Category I,Surgery – Nervous System,50000–59999,50650,Removal of ureter,removal of ureter
Category I,Surgery – Nervous System,50000–59999,50660,Removal of ureter,removal of ureter
Category I,Surgery – Nervous System,50000–59999,50684,Injection for ureter x-ray,injection for ureter x-ray
Category I,Surgery – Nervous System,50000–59999,50686,Measure ureter pressure,measure ureter pressure
Category I,Surgery – Nervous System,50000–59999,50688,Change of ureter tube,change of ureter tube
Category I,Surgery – Nervous System,50000–59999,50690,Injection for ureter x-ray,injection for ureter x-ray
Category I,Surgery – Nervous System,50000–59999,50700,Revision of ureter,revision of ureter
Category I,Surgery – Nervous System,50000–59999,50715,Release of ureter,release of ureter
Category I,Surgery – Nervous System,50000–59999,50722,Release of ureter,release of ureter
Category I,Surgery – Nervous System,50000–59999,50725,Release/revise ureter,release/revise ureter
Category I,Surgery – Nervous System,50000–59999,50727,Revise ureter,revise ureter
Category I,Surgery – Nervous System,50000–59999,50728,Revise ureter,revise ureter
Category I,Surgery – Nervous System,50000–59999,50740,Fusion of ureter & kidney,fusion of ureter & kidney
Category I,Surgery – Nervous System,50000–59999,50750,Fusion of ureter & kidney,fusion of ureter & kidney
Category I,Surgery – Nervous System,50000–59999,50760,Fusion of ureters,fusion of ureters
Category I,Surgery – Nervous System,50000–59999,50770,Splicing of ureters,splicing of ureters
Category I,Surgery – Nervous System,50000–59999,50780,Reimplant ureter in bladder,reimplant ureter in bladder
Category I,Surgery – Nervous System,50000–59999,50782,Reimplant ureter in bladder,reimplant ureter in bladder
Category I,Surgery – Nervous System,50000–59999,50783,Reimplant ureter in bladder,reimplant ureter in bladder
Category I,Surgery – Nervous System,50000–59999,50785,Reimplant ureter in bladder,reimplant ureter in bladder
Category I,Surgery – Nervous System,50000–59999,50800,Implant ureter in bowel,implant ureter in bowel
Category I,Surgery – Nervous System,50000–59999,50810,Fusion of ureter & bowel,fusion of ureter & bowel
Category I,Surgery – Nervous System,50000–59999,50815,Urine shunt to intestine,urine shunt to intestine
Category I,Surgery – Nervous System,50000–59999,50820,Construct bowel bladder,construct bowel bladder
Category I,Surgery – Nervous System,50000–59999,50825,Construct bowel bladder,construct bowel bladder
Category I,Surgery – Nervous System,50000–59999,50830,Revise urine flow,revise urine flow
Category I,Surgery – Nervous System,50000–59999,50840,Replace ureter by bowel,replace ureter by bowel
Category I,Surgery – Nervous System,50000–59999,50845,Appendico-vesicostomy,appendico-vesicostomy
Category I,Surgery – Nervous System,50000–59999,50860,Transplant ureter to skin,transplant ureter to skin
Category I,Surgery – Nervous System,50000–59999,50900,Repair of ureter,repair of ureter
Category I,Surgery – Nervous System,50000–59999,50920,Closure ureter/skin fistula,closure ureter/skin fistula
Category I,Surgery – Nervous System,50000–59999,50930,Closure ureter/bowel fistula,closure ureter/bowel fistula
Category I,Surgery – Nervous System,50000–59999,50940,Release of ureter,release of ureter
Category I,Surgery – Nervous System,50000–59999,50945,Laparoscopy ureterolithotomy,laparoscopy ureterolithotomy
Category I,Surgery – Nervous System,50000–59999,50947,Laparo new ureter/bladder,laparo new ureter/bladder
Category I,Surgery – Nervous System,50000–59999,50948,Laparo new ureter/bladder,laparo new ureter/bladder
Category I,Surgery – Nervous System,50000–59999,50949,"""Laparoscope proc, ureter""","""laparoscope proc, ureter"""
Category I,Surgery – Nervous System,50000–59999,50951,Endoscopy of ureter,endoscopy of ureter
Category I,Surgery – Nervous System,50000–59999,50953,Endoscopy of ureter,endoscopy of ureter
Category I,Surgery – Nervous System,50000–59999,50955,Ureter endoscopy & biopsy,ureter endoscopy & biopsy
Category I,Surgery – Nervous System,50000–59999,50957,Ureter endoscopy & treatment,ureter endoscopy & treatment
Category I,Surgery – Nervous System,50000–59999,50961,Ureter endoscopy & treatment,ureter endoscopy & treatment
Category I,Surgery – Nervous System,50000–59999,50970,Ureter endoscopy,ureter endoscopy
Category I,Surgery – Nervous System,50000–59999,50972,Ureter endoscopy & catheter,ureter endoscopy & catheter
Category I,Surgery – Nervous System,50000–59999,50974,Ureter endoscopy & biopsy,ureter endoscopy & biopsy
Category I,Surgery – Nervous System,50000–59999,50976,Ureter endoscopy & treatment,ureter endoscopy & treatment
Category I,Surgery – Nervous System,50000–59999,50980,Ureter endoscopy & treatment,ureter endoscopy & treatment
Category I,Surgery – Nervous System,50000–59999,51000,Drainage of bladder,drainage of bladder
Category I,Surgery – Nervous System,50000–59999,51005,Drainage of bladder,drainage of bladder
Category I,Surgery – Nervous System,50000–59999,51010,Drainage of bladder,drainage of bladder
Category I,Surgery – Nervous System,50000–59999,51020,Incise & treat bladder,incise & treat bladder
Category I,Surgery – Nervous System,50000–59999,51030,Incise & treat bladder,incise & treat bladder
Category I,Surgery – Nervous System,50000–59999,51040,Incise & drain bladder,incise & drain bladder
Category I,Surgery – Nervous System,50000–59999,51045,Incise bladder/drain ureter,incise bladder/drain ureter
Category I,Surgery – Nervous System,50000–59999,51050,Removal of bladder stone,removal of bladder stone
Category I,Surgery – Nervous System,50000–59999,51060,Removal of ureter stone,removal of ureter stone
Category I,Surgery – Nervous System,50000–59999,51065,Remove ureter calculus,remove ureter calculus
Category I,Surgery – Nervous System,50000–59999,51080,Drainage of bladder abscess,drainage of bladder abscess
Category I,Surgery – Nervous System,50000–59999,51500,Removal of bladder cyst,removal of bladder cyst
Category I,Surgery – Nervous System,50000–59999,51520,Removal of bladder lesion,removal of bladder lesion
Category I,Surgery – Nervous System,50000–59999,51525,Removal of bladder lesion,removal of bladder lesion
Category I,Surgery – Nervous System,50000–59999,51530,Removal of bladder lesion,removal of bladder lesion
Category I,Surgery – Nervous System,50000–59999,51535,Repair of ureter lesion,repair of ureter lesion
Category I,Surgery – Nervous System,50000–59999,51550,Partial removal of bladder,partial removal of bladder
Category I,Surgery – Nervous System,50000–59999,51555,Partial removal of bladder,partial removal of bladder
Category I,Surgery – Nervous System,50000–59999,51565,Revise bladder & ureter(s),revise bladder & ureter(s)
Category I,Surgery – Nervous System,50000–59999,51570,Removal of bladder,removal of bladder
Category I,Surgery – Nervous System,50000–59999,51575,Removal of bladder & nodes,removal of bladder & nodes
Category I,Surgery – Nervous System,50000–59999,51580,Remove bladder/revise tract,remove bladder/revise tract
Category I,Surgery – Nervous System,50000–59999,51585,Removal of bladder & nodes,removal of bladder & nodes
Category I,Surgery – Nervous System,50000–59999,51590,Remove bladder/revise tract,remove bladder/revise tract
Category I,Surgery – Nervous System,50000–59999,51595,Remove bladder/revise tract,remove bladder/revise tract
Category I,Surgery – Nervous System,50000–59999,51596,Remove bladder/create pouch,remove bladder/create pouch
Category I,Surgery – Nervous System,50000–59999,51597,Removal of pelvic structures,removal of pelvic structures
Category I,Surgery – Nervous System,50000–59999,51600,Injection for bladder x-ray,injection for bladder x-ray
Category I,Surgery – Nervous System,50000–59999,51605,Preparation for bladder xray,preparation for bladder xray
Category I,Surgery – Nervous System,50000–59999,51610,Injection for bladder x-ray,injection for bladder x-ray
Category I,Surgery – Nervous System,50000–59999,51700,Irrigation of bladder,irrigation of bladder
Category I,Surgery – Nervous System,50000–59999,51701,Insert bladder catheter,insert bladder catheter
Category I,Surgery – Nervous System,50000–59999,51702,Insert temp bladder cath,insert temp bladder cath
Category I,Surgery – Nervous System,50000–59999,51703,"""Insert bladder cath, complex""","""insert bladder cath, complex"""
Category I,Surgery – Nervous System,50000–59999,51705,Change of bladder tube,change of bladder tube
Category I,Surgery – Nervous System,50000–59999,51710,Change of bladder tube,change of bladder tube
Category I,Surgery – Nervous System,50000–59999,51715,Endoscopic injection/implant,endoscopic injection/implant
Category I,Surgery – Nervous System,50000–59999,51720,Treatment of bladder lesion,treatment of bladder lesion
Category I,Surgery – Nervous System,50000–59999,51725,Simple cystometrogram,simple cystometrogram
Category I,Surgery – Nervous System,50000–59999,51726,Complex cystometrogram,complex cystometrogram
Category I,Surgery – Nervous System,50000–59999,51736,Urine flow measurement,urine flow measurement
Category I,Surgery – Nervous System,50000–59999,51741,"""Electro-uroflowmetry, first""","""electro-uroflowmetry, first"""
Category I,Surgery – Nervous System,50000–59999,51772,Urethra pressure profile,urethra pressure profile
Category I,Surgery – Nervous System,50000–59999,51784,Anal/urinary muscle study,anal/urinary muscle study
Category I,Surgery – Nervous System,50000–59999,51785,Anal/urinary muscle study,anal/urinary muscle study
Category I,Surgery – Nervous System,50000–59999,51792,Urinary reflex study,urinary reflex study
Category I,Surgery – Nervous System,50000–59999,51795,Urine voiding pressure study,urine voiding pressure study
Category I,Surgery – Nervous System,50000–59999,51797,Intraabdominal pressure test,intraabdominal pressure test
Category I,Surgery – Nervous System,50000–59999,51798,Us urine capacity measure,us urine capacity measure
Category I,Surgery – Nervous System,50000–59999,51800,Revision of bladder/urethra,revision of bladder/urethra
Category I,Surgery – Nervous System,50000–59999,51820,Revision of urinary tract,revision of urinary tract
Category I,Surgery – Nervous System,50000–59999,51840,Attach bladder/urethra,attach bladder/urethra
Category I,Surgery – Nervous System,50000–59999,51841,Attach bladder/urethra,attach bladder/urethra
Category I,Surgery – Nervous System,50000–59999,51845,Repair bladder neck,repair bladder neck
Category I,Surgery – Nervous System,50000–59999,51860,Repair of bladder wound,repair of bladder wound
Category I,Surgery – Nervous System,50000–59999,51865,Repair of bladder wound,repair of bladder wound
Category I,Surgery – Nervous System,50000–59999,51880,Repair of bladder opening,repair of bladder opening
Category I,Surgery – Nervous System,50000–59999,51900,Repair bladder/vagina lesion,repair bladder/vagina lesion
Category I,Surgery – Nervous System,50000–59999,51920,Close bladder-uterus fistula,close bladder-uterus fistula
Category I,Surgery – Nervous System,50000–59999,51925,Hysterectomy/bladder repair,hysterectomy/bladder repair
Category I,Surgery – Nervous System,50000–59999,51940,Correction of bladder defect,correction of bladder defect
Category I,Surgery – Nervous System,50000–59999,51960,Revision of bladder & bowel,revision of bladder & bowel
Category I,Surgery – Nervous System,50000–59999,51980,Construct bladder opening,construct bladder opening
Category I,Surgery – Nervous System,50000–59999,51990,Laparo urethral suspension,laparo urethral suspension
Category I,Surgery – Nervous System,50000–59999,51992,Laparo sling operation,laparo sling operation
Category I,Surgery – Nervous System,50000–59999,52000,Cystoscopy,cystoscopy
Category I,Surgery – Nervous System,50000–59999,52001,"""Cystoscopy, removal of clots""","""cystoscopy, removal of clots"""
Category I,Surgery – Nervous System,50000–59999,52005,Cystoscopy & ureter catheter,cystoscopy & ureter catheter
Category I,Surgery – Nervous System,50000–59999,52007,Cystoscopy and biopsy,cystoscopy and biopsy
Category I,Surgery – Nervous System,50000–59999,52010,Cystoscopy & duct catheter,cystoscopy & duct catheter
Category I,Surgery – Nervous System,50000–59999,52204,Cystoscopy,cystoscopy
Category I,Surgery – Nervous System,50000–59999,52214,Cystoscopy and treatment,cystoscopy and treatment
Category I,Surgery – Nervous System,50000–59999,52224,Cystoscopy and treatment,cystoscopy and treatment
Category I,Surgery – Nervous System,50000–59999,52234,Cystoscopy and treatment,cystoscopy and treatment
Category I,Surgery – Nervous System,50000–59999,52235,Cystoscopy and treatment,cystoscopy and treatment
Category I,Surgery – Nervous System,50000–59999,52240,Cystoscopy and treatment,cystoscopy and treatment
Category I,Surgery – Nervous System,50000–59999,52250,Cystoscopy and radiotracer,cystoscopy and radiotracer
Category I,Surgery – Nervous System,50000–59999,52260,Cystoscopy and treatment,cystoscopy and treatment
Category I,Surgery – Nervous System,50000–59999,52265,Cystoscopy and treatment,cystoscopy and treatment
Category I,Surgery – Nervous System,50000–59999,52270,Cystoscopy & revise urethra,cystoscopy & revise urethra
Category I,Surgery – Nervous System,50000–59999,52275,Cystoscopy & revise urethra,cystoscopy & revise urethra
Category I,Surgery – Nervous System,50000–59999,52276,Cystoscopy and treatment,cystoscopy and treatment
Category I,Surgery – Nervous System,50000–59999,52277,Cystoscopy and treatment,cystoscopy and treatment
Category I,Surgery – Nervous System,50000–59999,52281,Cystoscopy and treatment,cystoscopy and treatment
Category I,Surgery – Nervous System,50000–59999,52282,"""Cystoscopy, implant stent""","""cystoscopy, implant stent"""
Category I,Surgery – Nervous System,50000–59999,52283,Cystoscopy and treatment,cystoscopy and treatment
Category I,Surgery – Nervous System,50000–59999,52285,Cystoscopy and treatment,cystoscopy and treatment
Category I,Surgery – Nervous System,50000–59999,52290,Cystoscopy and treatment,cystoscopy and treatment
Category I,Surgery – Nervous System,50000–59999,52300,Cystoscopy and treatment,cystoscopy and treatment
Category I,Surgery – Nervous System,50000–59999,52301,Cystoscopy and treatment,cystoscopy and treatment
Category I,Surgery – Nervous System,50000–59999,52305,Cystoscopy and treatment,cystoscopy and treatment
Category I,Surgery – Nervous System,50000–59999,52310,Cystoscopy and treatment,cystoscopy and treatment
Category I,Surgery – Nervous System,50000–59999,52315,Cystoscopy and treatment,cystoscopy and treatment
Category I,Surgery – Nervous System,50000–59999,52317,Remove bladder stone,remove bladder stone
Category I,Surgery – Nervous System,50000–59999,52318,Remove bladder stone,remove bladder stone
Category I,Surgery – Nervous System,50000–59999,52320,Cystoscopy and treatment,cystoscopy and treatment
Category I,Surgery – Nervous System,50000–59999,52325,"""Cystoscopy, stone removal""","""cystoscopy, stone removal"""
Category I,Surgery – Nervous System,50000–59999,52327,"""Cystoscopy, inject material""","""cystoscopy, inject material"""
Category I,Surgery – Nervous System,50000–59999,52330,Cystoscopy and treatment,cystoscopy and treatment
Category I,Surgery – Nervous System,50000–59999,52332,Cystoscopy and treatment,cystoscopy and treatment
Category I,Surgery – Nervous System,50000–59999,52334,Create passage to kidney,create passage to kidney
Category I,Surgery – Nervous System,50000–59999,52341,Cysto w/ureter stricture tx,cysto w/ureter stricture tx
Category I,Surgery – Nervous System,50000–59999,52342,Cysto w/up stricture tx,cysto w/up stricture tx
Category I,Surgery – Nervous System,50000–59999,52343,Cysto w/renal stricture tx,cysto w/renal stricture tx
Category I,Surgery – Nervous System,50000–59999,52344,"""Cysto/uretero, stricture tx""","""cysto/uretero, stricture tx"""
Category I,Surgery – Nervous System,50000–59999,52345,Cysto/uretero w/up stricture,cysto/uretero w/up stricture
Category I,Surgery – Nervous System,50000–59999,52346,Cystouretero w/renal strict,cystouretero w/renal strict
Category I,Surgery – Nervous System,50000–59999,52351,Cystouretero & or pyeloscope,cystouretero & or pyeloscope
Category I,Surgery – Nervous System,50000–59999,52352,Cystouretero w/stone remove,cystouretero w/stone remove
Category I,Surgery – Nervous System,50000–59999,52353,Cystouretero w/lithotripsy,cystouretero w/lithotripsy
Category I,Surgery – Nervous System,50000–59999,52354,Cystouretero w/biopsy,cystouretero w/biopsy
Category I,Surgery – Nervous System,50000–59999,52355,Cystouretero w/excise tumor,cystouretero w/excise tumor
Category I,Surgery – Nervous System,50000–59999,52400,Cystouretero w/congen repr,cystouretero w/congen repr
Category I,Surgery – Nervous System,50000–59999,52402,Cystourethro cut ejacul duct,cystourethro cut ejacul duct
Category I,Surgery – Nervous System,50000–59999,52450,Incision of prostate,incision of prostate
Category I,Surgery – Nervous System,50000–59999,52500,Revision of bladder neck,revision of bladder neck
Category I,Surgery – Nervous System,50000–59999,52510,Dilation prostatic urethra,dilation prostatic urethra
Category I,Surgery – Nervous System,50000–59999,52601,Prostatectomy (TURP),prostatectomy (turp)
Category I,Surgery – Nervous System,50000–59999,52606,Control postop bleeding,control postop bleeding
Category I,Surgery – Nervous System,50000–59999,52612,"""Prostatectomy, first stage""","""prostatectomy, first stage"""
Category I,Surgery – Nervous System,50000–59999,52614,"""Prostatectomy, second stage""","""prostatectomy, second stage"""
Category I,Surgery – Nervous System,50000–59999,52620,Remove residual prostate,remove residual prostate
Category I,Surgery – Nervous System,50000–59999,52630,Remove prostate regrowth,remove prostate regrowth
Category I,Surgery – Nervous System,50000–59999,52640,Relieve bladder contracture,relieve bladder contracture
Category I,Surgery – Nervous System,50000–59999,52647,Laser surgery of prostate,laser surgery of prostate
Category I,Surgery – Nervous System,50000–59999,52648,Laser surgery of prostate,laser surgery of prostate
Category I,Surgery – Nervous System,50000–59999,52700,Drainage of prostate abscess,drainage of prostate abscess
Category I,Surgery – Nervous System,50000–59999,53000,Incision of urethra,incision of urethra
Category I,Surgery – Nervous System,50000–59999,53010,Incision of urethra,incision of urethra
Category I,Surgery – Nervous System,50000–59999,53020,Incision of urethra,incision of urethra
Category I,Surgery – Nervous System,50000–59999,53025,Incision of urethra,incision of urethra
Category I,Surgery – Nervous System,50000–59999,53040,Drainage of urethra abscess,drainage of urethra abscess
Category I,Surgery – Nervous System,50000–59999,53060,Drainage of urethra abscess,drainage of urethra abscess
Category I,Surgery – Nervous System,50000–59999,53080,Drainage of urinary leakage,drainage of urinary leakage
Category I,Surgery – Nervous System,50000–59999,53085,Drainage of urinary leakage,drainage of urinary leakage
Category I,Surgery – Nervous System,50000–59999,53200,Biopsy of urethra,biopsy of urethra
Category I,Surgery – Nervous System,50000–59999,53210,Removal of urethra,removal of urethra
Category I,Surgery – Nervous System,50000–59999,53215,Removal of urethra,removal of urethra
Category I,Surgery – Nervous System,50000–59999,53220,Treatment of urethra lesion,treatment of urethra lesion
Category I,Surgery – Nervous System,50000–59999,53230,Removal of urethra lesion,removal of urethra lesion
Category I,Surgery – Nervous System,50000–59999,53235,Removal of urethra lesion,removal of urethra lesion
Category I,Surgery – Nervous System,50000–59999,53240,Surgery for urethra pouch,surgery for urethra pouch
Category I,Surgery – Nervous System,50000–59999,53250,Removal of urethra gland,removal of urethra gland
Category I,Surgery – Nervous System,50000–59999,53260,Treatment of urethra lesion,treatment of urethra lesion
Category I,Surgery – Nervous System,50000–59999,53265,Treatment of urethra lesion,treatment of urethra lesion
Category I,Surgery – Nervous System,50000–59999,53270,Removal of urethra gland,removal of urethra gland
Category I,Surgery – Nervous System,50000–59999,53275,Repair of urethra defect,repair of urethra defect
Category I,Surgery – Nervous System,50000–59999,53400,"""Revise urethra, stage 1""","""revise urethra, stage 1"""
Category I,Surgery – Nervous System,50000–59999,53405,"""Revise urethra, stage 2""","""revise urethra, stage 2"""
Category I,Surgery – Nervous System,50000–59999,53410,Reconstruction of urethra,reconstruction of urethra
Category I,Surgery – Nervous System,50000–59999,53415,Reconstruction of urethra,reconstruction of urethra
Category I,Surgery – Nervous System,50000–59999,53420,"""Reconstruct urethra, stage 1""","""reconstruct urethra, stage 1"""
Category I,Surgery – Nervous System,50000–59999,53425,"""Reconstruct urethra, stage 2""","""reconstruct urethra, stage 2"""
Category I,Surgery – Nervous System,50000–59999,53430,Reconstruction of urethra,reconstruction of urethra
Category I,Surgery – Nervous System,50000–59999,53431,Reconstruct urethra/bladder,reconstruct urethra/bladder
Category I,Surgery – Nervous System,50000–59999,53440,Male sling procedure,male sling procedure
Category I,Surgery – Nervous System,50000–59999,53442,Remove/revise male sling,remove/revise male sling
Category I,Surgery – Nervous System,50000–59999,53444,Insert tandem cuff,insert tandem cuff
Category I,Surgery – Nervous System,50000–59999,53445,Insert uro/ves nck sphincter,insert uro/ves nck sphincter
Category I,Surgery – Nervous System,50000–59999,53446,Remove uro sphincter,remove uro sphincter
Category I,Surgery – Nervous System,50000–59999,53447,Remove/replace ur sphincter,remove/replace ur sphincter
Category I,Surgery – Nervous System,50000–59999,53448,Remov/replc ur sphinctr comp,remov/replc ur sphinctr comp
Category I,Surgery – Nervous System,50000–59999,53449,Repair uro sphincter,repair uro sphincter
Category I,Surgery – Nervous System,50000–59999,53450,Revision of urethra,revision of urethra
Category I,Surgery – Nervous System,50000–59999,53460,Revision of urethra,revision of urethra
Category I,Surgery – Nervous System,50000–59999,53500,"""Urethrlys, transvag w/ scope""","""urethrlys, transvag w/ scope"""
Category I,Surgery – Nervous System,50000–59999,53502,Repair of urethra injury,repair of urethra injury
Category I,Surgery – Nervous System,50000–59999,53505,Repair of urethra injury,repair of urethra injury
Category I,Surgery – Nervous System,50000–59999,53510,Repair of urethra injury,repair of urethra injury
Category I,Surgery – Nervous System,50000–59999,53515,Repair of urethra injury,repair of urethra injury
Category I,Surgery – Nervous System,50000–59999,53520,Repair of urethra defect,repair of urethra defect
Category I,Surgery – Nervous System,50000–59999,53600,Dilate urethra stricture,dilate urethra stricture
Category I,Surgery – Nervous System,50000–59999,53601,Dilate urethra stricture,dilate urethra stricture
Category I,Surgery – Nervous System,50000–59999,53605,Dilate urethra stricture,dilate urethra stricture
Category I,Surgery – Nervous System,50000–59999,53620,Dilate urethra stricture,dilate urethra stricture
Category I,Surgery – Nervous System,50000–59999,53621,Dilate urethra stricture,dilate urethra stricture
Category I,Surgery – Nervous System,50000–59999,53660,Dilation of urethra,dilation of urethra
Category I,Surgery – Nervous System,50000–59999,53661,Dilation of urethra,dilation of urethra
Category I,Surgery – Nervous System,50000–59999,53665,Dilation of urethra,dilation of urethra
Category I,Surgery – Nervous System,50000–59999,53850,Prostatic microwave thermotx,prostatic microwave thermotx
Category I,Surgery – Nervous System,50000–59999,53852,Prostatic rf thermotx,prostatic rf thermotx
Category I,Surgery – Nervous System,50000–59999,53853,Prostatic water thermother,prostatic water thermother
Category I,Surgery – Nervous System,50000–59999,53899,Urology surgery procedure,urology surgery procedure
Category I,Surgery – Nervous System,50000–59999,54000,Slitting of prepuce,slitting of prepuce
Category I,Surgery – Nervous System,50000–59999,54001,Slitting of prepuce,slitting of prepuce
Category I,Surgery – Nervous System,50000–59999,54015,Drain penis lesion,drain penis lesion
Category I,Surgery – Nervous System,50000–59999,54050,"""Destruction, penis lesion(s)""","""destruction, penis lesion(s)"""
Category I,Surgery – Nervous System,50000–59999,54055,"""Destruction, penis lesion(s)""","""destruction, penis lesion(s)"""
Category I,Surgery – Nervous System,50000–59999,54056,"""Cryosurgery, penis lesion(s)""","""cryosurgery, penis lesion(s)"""
Category I,Surgery – Nervous System,50000–59999,54057,"""Laser surg, penis lesion(s)""","""laser surg, penis lesion(s)"""
Category I,Surgery – Nervous System,50000–59999,54060,Excision of penis lesion(s),excision of penis lesion(s)
Category I,Surgery – Nervous System,50000–59999,54065,"""Destruction, penis lesion(s)""","""destruction, penis lesion(s)"""
Category I,Surgery – Nervous System,50000–59999,54100,Biopsy of penis,biopsy of penis
Category I,Surgery – Nervous System,50000–59999,54105,Biopsy of penis,biopsy of penis
Category I,Surgery – Nervous System,50000–59999,54110,Treatment of penis lesion,treatment of penis lesion
Category I,Surgery – Nervous System,50000–59999,54111,"""Treat penis lesion, graft""","""treat penis lesion, graft"""
Category I,Surgery – Nervous System,50000–59999,54112,"""Treat penis lesion, graft""","""treat penis lesion, graft"""
Category I,Surgery – Nervous System,50000–59999,54115,Treatment of penis lesion,treatment of penis lesion
Category I,Surgery – Nervous System,50000–59999,54120,Partial removal of penis,partial removal of penis
Category I,Surgery – Nervous System,50000–59999,54125,Removal of penis,removal of penis
Category I,Surgery – Nervous System,50000–59999,54130,Remove penis & nodes,remove penis & nodes
Category I,Surgery – Nervous System,50000–59999,54135,Remove penis & nodes,remove penis & nodes
Category I,Surgery – Nervous System,50000–59999,54150,Circumcision,circumcision
Category I,Surgery – Nervous System,50000–59999,54152,Circumcision,circumcision
Category I,Surgery – Nervous System,50000–59999,54160,Circumcision,circumcision
Category I,Surgery – Nervous System,50000–59999,54161,Circumcision,circumcision
Category I,Surgery – Nervous System,50000–59999,54162,Lysis penil circumic lesion,lysis penil circumic lesion
Category I,Surgery – Nervous System,50000–59999,54163,Repair of circumcision,repair of circumcision
Category I,Surgery – Nervous System,50000–59999,54164,Frenulotomy of penis,frenulotomy of penis
Category I,Surgery – Nervous System,50000–59999,54200,Treatment of penis lesion,treatment of penis lesion
Category I,Surgery – Nervous System,50000–59999,54205,Treatment of penis lesion,treatment of penis lesion
Category I,Surgery – Nervous System,50000–59999,54220,Treatment of penis lesion,treatment of penis lesion
Category I,Surgery – Nervous System,50000–59999,54230,Prepare penis study,prepare penis study
Category I,Surgery – Nervous System,50000–59999,54231,Dynamic cavernosometry,dynamic cavernosometry
Category I,Surgery – Nervous System,50000–59999,54235,Penile injection,penile injection
Category I,Surgery – Nervous System,50000–59999,54240,Penis study,penis study
Category I,Surgery – Nervous System,50000–59999,54250,Penis study,penis study
Category I,Surgery – Nervous System,50000–59999,54300,Revision of penis,revision of penis
Category I,Surgery – Nervous System,50000–59999,54304,Revision of penis,revision of penis
Category I,Surgery – Nervous System,50000–59999,54308,Reconstruction of urethra,reconstruction of urethra
Category I,Surgery – Nervous System,50000–59999,54312,Reconstruction of urethra,reconstruction of urethra
Category I,Surgery – Nervous System,50000–59999,54316,Reconstruction of urethra,reconstruction of urethra
Category I,Surgery – Nervous System,50000–59999,54318,Reconstruction of urethra,reconstruction of urethra
Category I,Surgery – Nervous System,50000–59999,54322,Reconstruction of urethra,reconstruction of urethra
Category I,Surgery – Nervous System,50000–59999,54324,Reconstruction of urethra,reconstruction of urethra
Category I,Surgery – Nervous System,50000–59999,54326,Reconstruction of urethra,reconstruction of urethra
Category I,Surgery – Nervous System,50000–59999,54328,Revise penis/urethra,revise penis/urethra
Category I,Surgery – Nervous System,50000–59999,54332,Revise penis/urethra,revise penis/urethra
Category I,Surgery – Nervous System,50000–59999,54336,Revise penis/urethra,revise penis/urethra
Category I,Surgery – Nervous System,50000–59999,54340,Secondary urethral surgery,secondary urethral surgery
Category I,Surgery – Nervous System,50000–59999,54344,Secondary urethral surgery,secondary urethral surgery
Category I,Surgery – Nervous System,50000–59999,54348,Secondary urethral surgery,secondary urethral surgery
Category I,Surgery – Nervous System,50000–59999,54352,Reconstruct urethra/penis,reconstruct urethra/penis
Category I,Surgery – Nervous System,50000–59999,54360,Penis plastic surgery,penis plastic surgery
Category I,Surgery – Nervous System,50000–59999,54380,Repair penis,repair penis
Category I,Surgery – Nervous System,50000–59999,54385,Repair penis,repair penis
Category I,Surgery – Nervous System,50000–59999,54390,Repair penis and bladder,repair penis and bladder
Category I,Surgery – Nervous System,50000–59999,54400,Insert semi-rigid prosthesis,insert semi-rigid prosthesis
Category I,Surgery – Nervous System,50000–59999,54401,Insert self-contd prosthesis,insert self-contd prosthesis
Category I,Surgery – Nervous System,50000–59999,54405,Insert multi-comp penis pros,insert multi-comp penis pros
Category I,Surgery – Nervous System,50000–59999,54406,Remove muti-comp penis pros,remove muti-comp penis pros
Category I,Surgery – Nervous System,50000–59999,54408,Repair multi-comp penis pros,repair multi-comp penis pros
Category I,Surgery – Nervous System,50000–59999,54410,Remove/replace penis prosth,remove/replace penis prosth
Category I,Surgery – Nervous System,50000–59999,54411,"""Remov/replc penis pros, comp""","""remov/replc penis pros, comp"""
Category I,Surgery – Nervous System,50000–59999,54415,Remove self-contd penis pros,remove self-contd penis pros
Category I,Surgery – Nervous System,50000–59999,54416,Remv/repl penis contain pros,remv/repl penis contain pros
Category I,Surgery – Nervous System,50000–59999,54417,"""Remv/replc penis pros, compl""","""remv/replc penis pros, compl"""
Category I,Surgery – Nervous System,50000–59999,54420,Revision of penis,revision of penis
Category I,Surgery – Nervous System,50000–59999,54430,Revision of penis,revision of penis
Category I,Surgery – Nervous System,50000–59999,54435,Revision of penis,revision of penis
Category I,Surgery – Nervous System,50000–59999,54440,Repair of penis,repair of penis
Category I,Surgery – Nervous System,50000–59999,54450,Preputial stretching,preputial stretching
Category I,Surgery – Nervous System,50000–59999,54500,Biopsy of testis,biopsy of testis
Category I,Surgery – Nervous System,50000–59999,54505,Biopsy of testis,biopsy of testis
Category I,Surgery – Nervous System,50000–59999,54512,Excise lesion testis,excise lesion testis
Category I,Surgery – Nervous System,50000–59999,54520,Removal of testis,removal of testis
Category I,Surgery – Nervous System,50000–59999,54522,"""Orchiectomy, partial""","""orchiectomy, partial"""
Category I,Surgery – Nervous System,50000–59999,54530,Removal of testis,removal of testis
Category I,Surgery – Nervous System,50000–59999,54535,Extensive testis surgery,extensive testis surgery
Category I,Surgery – Nervous System,50000–59999,54550,Exploration for testis,exploration for testis
Category I,Surgery – Nervous System,50000–59999,54560,Exploration for testis,exploration for testis
Category I,Surgery – Nervous System,50000–59999,54600,Reduce testis torsion,reduce testis torsion
Category I,Surgery – Nervous System,50000–59999,54620,Suspension of testis,suspension of testis
Category I,Surgery – Nervous System,50000–59999,54640,Suspension of testis,suspension of testis
Category I,Surgery – Nervous System,50000–59999,54650,Orchiopexy (Fowler-Stephens),orchiopexy (fowler-stephens)
Category I,Surgery – Nervous System,50000–59999,54660,Revision of testis,revision of testis
Category I,Surgery – Nervous System,50000–59999,54670,Repair testis injury,repair testis injury
Category I,Surgery – Nervous System,50000–59999,54680,Relocation of testis(es),relocation of testis(es)
Category I,Surgery – Nervous System,50000–59999,54690,"""Laparoscopy, orchiectomy""","""laparoscopy, orchiectomy"""
Category I,Surgery – Nervous System,50000–59999,54692,"""Laparoscopy, orchiopexy""","""laparoscopy, orchiopexy"""
Category I,Surgery – Nervous System,50000–59999,54699,"""Laparoscope proc, testis""","""laparoscope proc, testis"""
Category I,Surgery – Nervous System,50000–59999,54700,Drainage of scrotum,drainage of scrotum
Category I,Surgery – Nervous System,50000–59999,54800,Biopsy of epididymis,biopsy of epididymis
Category I,Surgery – Nervous System,50000–59999,54820,Exploration of epididymis,exploration of epididymis
Category I,Surgery – Nervous System,50000–59999,54830,Remove epididymis lesion,remove epididymis lesion
Category I,Surgery – Nervous System,50000–59999,54840,Remove epididymis lesion,remove epididymis lesion
Category I,Surgery – Nervous System,50000–59999,54860,Removal of epididymis,removal of epididymis
Category I,Surgery – Nervous System,50000–59999,54861,Removal of epididymis,removal of epididymis
Category I,Surgery – Nervous System,50000–59999,54900,Fusion of spermatic ducts,fusion of spermatic ducts
Category I,Surgery – Nervous System,50000–59999,54901,Fusion of spermatic ducts,fusion of spermatic ducts
Category I,Surgery – Nervous System,50000–59999,55000,Drainage of hydrocele,drainage of hydrocele
Category I,Surgery – Nervous System,50000–59999,55040,Removal of hydrocele,removal of hydrocele
Category I,Surgery – Nervous System,50000–59999,55041,Removal of hydroceles,removal of hydroceles
Category I,Surgery – Nervous System,50000–59999,55060,Repair of hydrocele,repair of hydrocele
Category I,Surgery – Nervous System,50000–59999,55100,Drainage of scrotum abscess,drainage of scrotum abscess
Category I,Surgery – Nervous System,50000–59999,55110,Explore scrotum,explore scrotum
Category I,Surgery – Nervous System,50000–59999,55120,Removal of scrotum lesion,removal of scrotum lesion
Category I,Surgery – Nervous System,50000–59999,55150,Removal of scrotum,removal of scrotum
Category I,Surgery – Nervous System,50000–59999,55175,Revision of scrotum,revision of scrotum
Category I,Surgery – Nervous System,50000–59999,55180,Revision of scrotum,revision of scrotum
Category I,Surgery – Nervous System,50000–59999,55200,Incision of sperm duct,incision of sperm duct
Category I,Surgery – Nervous System,50000–59999,55250,Removal of sperm duct(s),removal of sperm duct(s)
Category I,Surgery – Nervous System,50000–59999,55300,"""Prepare, sperm duct x-ray""","""prepare, sperm duct x-ray"""
Category I,Surgery – Nervous System,50000–59999,55400,Repair of sperm duct,repair of sperm duct
Category I,Surgery – Nervous System,50000–59999,55450,Ligation of sperm duct,ligation of sperm duct
Category I,Surgery – Nervous System,50000–59999,55500,Removal of hydrocele,removal of hydrocele
Category I,Surgery – Nervous System,50000–59999,55520,Removal of sperm cord lesion,removal of sperm cord lesion
Category I,Surgery – Nervous System,50000–59999,55530,Revise spermatic cord veins,revise spermatic cord veins
Category I,Surgery – Nervous System,50000–59999,55535,Revise spermatic cord veins,revise spermatic cord veins
Category I,Surgery – Nervous System,50000–59999,55540,Revise hernia & sperm veins,revise hernia & sperm veins
Category I,Surgery – Nervous System,50000–59999,55550,Laparo ligate spermatic vein,laparo ligate spermatic vein
Category I,Surgery – Nervous System,50000–59999,55559,"""Laparo proc, spermatic cord""","""laparo proc, spermatic cord"""
Category I,Surgery – Nervous System,50000–59999,55600,Incise sperm duct pouch,incise sperm duct pouch
Category I,Surgery – Nervous System,50000–59999,55605,Incise sperm duct pouch,incise sperm duct pouch
Category I,Surgery – Nervous System,50000–59999,55650,Remove sperm duct pouch,remove sperm duct pouch
Category I,Surgery – Nervous System,50000–59999,55680,Remove sperm pouch lesion,remove sperm pouch lesion
Category I,Surgery – Nervous System,50000–59999,55700,Biopsy of prostate,biopsy of prostate
Category I,Surgery – Nervous System,50000–59999,55705,Biopsy of prostate,biopsy of prostate
Category I,Surgery – Nervous System,50000–59999,55720,Drainage of prostate abscess,drainage of prostate abscess
Category I,Surgery – Nervous System,50000–59999,55725,Drainage of prostate abscess,drainage of prostate abscess
Category I,Surgery – Nervous System,50000–59999,55801,Removal of prostate,removal of prostate
Category I,Surgery – Nervous System,50000–59999,55810,Extensive prostate surgery,extensive prostate surgery
Category I,Surgery – Nervous System,50000–59999,55812,Extensive prostate surgery,extensive prostate surgery
Category I,Surgery – Nervous System,50000–59999,55815,Extensive prostate surgery,extensive prostate surgery
Category I,Surgery – Nervous System,50000–59999,55821,Removal of prostate,removal of prostate
Category I,Surgery – Nervous System,50000–59999,55831,Removal of prostate,removal of prostate
Category I,Surgery – Nervous System,50000–59999,55840,Extensive prostate surgery,extensive prostate surgery
Category I,Surgery – Nervous System,50000–59999,55842,Extensive prostate surgery,extensive prostate surgery
Category I,Surgery – Nervous System,50000–59999,55845,Extensive prostate surgery,extensive prostate surgery
Category I,Surgery – Nervous System,50000–59999,55859,"""Percut/needle insert, pros""","""percut/needle insert, pros"""
Category I,Surgery – Nervous System,50000–59999,55860,"""Surgical exposure, prostate""","""surgical exposure, prostate"""
Category I,Surgery – Nervous System,50000–59999,55862,Extensive prostate surgery,extensive prostate surgery
Category I,Surgery – Nervous System,50000–59999,55865,Extensive prostate surgery,extensive prostate surgery
Category I,Surgery – Nervous System,50000–59999,55866,Laparo radical prostatectomy,laparo radical prostatectomy
Category I,Surgery – Nervous System,50000–59999,55870,Electroejaculation,electroejaculation
Category I,Surgery – Nervous System,50000–59999,55873,Cryoablate prostate,cryoablate prostate
Category I,Surgery – Nervous System,50000–59999,55899,Genital surgery procedure,genital surgery procedure
Category I,Surgery – Nervous System,50000–59999,55970,"""Sex transformation, M to F""","""sex transformation, m to f"""
Category I,Surgery – Nervous System,50000–59999,55980,"""Sex transformation, F to M""","""sex transformation, f to m"""
Category I,Surgery – Nervous System,50000–59999,56405,I & D of vulva/perineum,i & d of vulva/perineum
Category I,Surgery – Nervous System,50000–59999,56420,Drainage of gland abscess,drainage of gland abscess
Category I,Surgery – Nervous System,50000–59999,56440,Surgery for vulva lesion,surgery for vulva lesion
Category I,Surgery – Nervous System,50000–59999,56441,Lysis of labial lesion(s),lysis of labial lesion(s)
Category I,Surgery – Nervous System,50000–59999,56501,"""Destroy, vulva lesions, sim""","""destroy, vulva lesions, sim"""
Category I,Surgery – Nervous System,50000–59999,56515,Destroy vulva lesion/s compl,destroy vulva lesion/s compl
Category I,Surgery – Nervous System,50000–59999,56605,Biopsy of vulva/perineum,biopsy of vulva/perineum
Category I,Surgery – Nervous System,50000–59999,56606,Biopsy of vulva/perineum,biopsy of vulva/perineum
Category I,Surgery – Nervous System,50000–59999,56620,Partial removal of vulva,partial removal of vulva
Category I,Surgery – Nervous System,50000–59999,56625,Complete removal of vulva,complete removal of vulva
Category I,Surgery – Nervous System,50000–59999,56630,Extensive vulva surgery,extensive vulva surgery
Category I,Surgery – Nervous System,50000–59999,56631,Extensive vulva surgery,extensive vulva surgery
Category I,Surgery – Nervous System,50000–59999,56632,Extensive vulva surgery,extensive vulva surgery
Category I,Surgery – Nervous System,50000–59999,56633,Extensive vulva surgery,extensive vulva surgery
Category I,Surgery – Nervous System,50000–59999,56634,Extensive vulva surgery,extensive vulva surgery
Category I,Surgery – Nervous System,50000–59999,56637,Extensive vulva surgery,extensive vulva surgery
Category I,Surgery – Nervous System,50000–59999,56640,Extensive vulva surgery,extensive vulva surgery
Category I,Surgery – Nervous System,50000–59999,56700,Partial removal of hymen,partial removal of hymen
Category I,Surgery – Nervous System,50000–59999,56720,Incision of hymen,incision of hymen
Category I,Surgery – Nervous System,50000–59999,56740,Remove vagina gland lesion,remove vagina gland lesion
Category I,Surgery – Nervous System,50000–59999,56800,Repair of vagina,repair of vagina
Category I,Surgery – Nervous System,50000–59999,56805,Repair clitoris,repair clitoris
Category I,Surgery – Nervous System,50000–59999,56810,Repair of perineum,repair of perineum
Category I,Surgery – Nervous System,50000–59999,56820,Exam of vulva w/scope,exam of vulva w/scope
Category I,Surgery – Nervous System,50000–59999,56821,Exam/biopsy of vulva w/scope,exam/biopsy of vulva w/scope
Category I,Surgery – Nervous System,50000–59999,57000,Exploration of vagina,exploration of vagina
Category I,Surgery – Nervous System,50000–59999,57010,Drainage of pelvic abscess,drainage of pelvic abscess
Category I,Surgery – Nervous System,50000–59999,57020,Drainage of pelvic fluid,drainage of pelvic fluid
Category I,Surgery – Nervous System,50000–59999,57022,"""I & d vaginal hematoma, pp""","""i & d vaginal hematoma, pp"""
Category I,Surgery – Nervous System,50000–59999,57023,"""I & d vag hematoma, non-ob""","""i & d vag hematoma, non-ob"""
Category I,Surgery – Nervous System,50000–59999,57061,"""Destroy vag lesions, simple""","""destroy vag lesions, simple"""
Category I,Surgery – Nervous System,50000–59999,57065,"""Destroy vag lesions, complex""","""destroy vag lesions, complex"""
Category I,Surgery – Nervous System,50000–59999,57100,Biopsy of vagina,biopsy of vagina
Category I,Surgery – Nervous System,50000–59999,57105,Biopsy of vagina,biopsy of vagina
Category I,Surgery – Nervous System,50000–59999,57106,"""Remove vagina wall, partial""","""remove vagina wall, partial"""
Category I,Surgery – Nervous System,50000–59999,57107,"""Remove vagina tissue, part""","""remove vagina tissue, part"""
Category I,Surgery – Nervous System,50000–59999,57109,Vaginectomy partial w/nodes,vaginectomy partial w/nodes
Category I,Surgery – Nervous System,50000–59999,57110,"""Remove vagina wall, complete""","""remove vagina wall, complete"""
Category I,Surgery – Nervous System,50000–59999,57111,"""Remove vagina tissue, compl""","""remove vagina tissue, compl"""
Category I,Surgery – Nervous System,50000–59999,57112,"""Vaginectomy w/nodes, compl""","""vaginectomy w/nodes, compl"""
Category I,Surgery – Nervous System,50000–59999,57120,Closure of vagina,closure of vagina
Category I,Surgery – Nervous System,50000–59999,57130,Remove vagina lesion,remove vagina lesion
Category I,Surgery – Nervous System,50000–59999,57135,Remove vagina lesion,remove vagina lesion
Category I,Surgery – Nervous System,50000–59999,57150,Treat vagina infection,treat vagina infection
Category I,Surgery – Nervous System,50000–59999,57155,Insert uteri tandems/ovoids,insert uteri tandems/ovoids
Category I,Surgery – Nervous System,50000–59999,57160,Insert pessary/other device,insert pessary/other device
Category I,Surgery – Nervous System,50000–59999,57170,Fitting of diaphragm/cap,fitting of diaphragm/cap
Category I,Surgery – Nervous System,50000–59999,57180,Treat vaginal bleeding,treat vaginal bleeding
Category I,Surgery – Nervous System,50000–59999,57200,Repair of vagina,repair of vagina
Category I,Surgery – Nervous System,50000–59999,57210,Repair vagina/perineum,repair vagina/perineum
Category I,Surgery – Nervous System,50000–59999,57220,Revision of urethra,revision of urethra
Category I,Surgery – Nervous System,50000–59999,57230,Repair of urethral lesion,repair of urethral lesion
Category I,Surgery – Nervous System,50000–59999,57240,Repair bladder & vagina,repair bladder & vagina
Category I,Surgery – Nervous System,50000–59999,57250,Repair rectum & vagina,repair rectum & vagina
Category I,Surgery – Nervous System,50000–59999,57260,Repair of vagina,repair of vagina
Category I,Surgery – Nervous System,50000–59999,57265,Extensive repair of vagina,extensive repair of vagina
Category I,Surgery – Nervous System,50000–59999,57267,Insert mesh/pelvic flr addon,insert mesh/pelvic flr addon
Category I,Surgery – Nervous System,50000–59999,57268,Repair of bowel bulge,repair of bowel bulge
Category I,Surgery – Nervous System,50000–59999,57270,Repair of bowel pouch,repair of bowel pouch
Category I,Surgery – Nervous System,50000–59999,57280,Suspension of vagina,suspension of vagina
Category I,Surgery – Nervous System,50000–59999,57282,"""Colpopexy, extraperitoneal""","""colpopexy, extraperitoneal"""
Category I,Surgery – Nervous System,50000–59999,57283,"""Colpopexy, intraperitoneal""","""colpopexy, intraperitoneal"""
Category I,Surgery – Nervous System,50000–59999,57284,Repair paravaginal defect,repair paravaginal defect
Category I,Surgery – Nervous System,50000–59999,57287,Revise/remove sling repair,revise/remove sling repair
Category I,Surgery – Nervous System,50000–59999,57288,Repair bladder defect,repair bladder defect
Category I,Surgery – Nervous System,50000–59999,57289,Repair bladder & vagina,repair bladder & vagina
Category I,Surgery – Nervous System,50000–59999,57291,Construction of vagina,construction of vagina
Category I,Surgery – Nervous System,50000–59999,57292,Construct vagina with graft,construct vagina with graft
Category I,Surgery – Nervous System,50000–59999,57300,Repair rectum-vagina fistula,repair rectum-vagina fistula
Category I,Surgery – Nervous System,50000–59999,57305,Repair rectum-vagina fistula,repair rectum-vagina fistula
Category I,Surgery – Nervous System,50000–59999,57307,Fistula repair & colostomy,fistula repair & colostomy
Category I,Surgery – Nervous System,50000–59999,57308,"""Fistula repair, transperine""","""fistula repair, transperine"""
Category I,Surgery – Nervous System,50000–59999,57310,Repair urethrovaginal lesion,repair urethrovaginal lesion
Category I,Surgery – Nervous System,50000–59999,57311,Repair urethrovaginal lesion,repair urethrovaginal lesion
Category I,Surgery – Nervous System,50000–59999,57320,Repair bladder-vagina lesion,repair bladder-vagina lesion
Category I,Surgery – Nervous System,50000–59999,57330,Repair bladder-vagina lesion,repair bladder-vagina lesion
Category I,Surgery – Nervous System,50000–59999,57335,Repair vagina,repair vagina
Category I,Surgery – Nervous System,50000–59999,57400,Dilation of vagina,dilation of vagina
Category I,Surgery – Nervous System,50000–59999,57410,Pelvic examination,pelvic examination
Category I,Surgery – Nervous System,50000–59999,57415,Remove vaginal foreign body,remove vaginal foreign body
Category I,Surgery – Nervous System,50000–59999,57420,Exam of vagina w/scope,exam of vagina w/scope
Category I,Surgery – Nervous System,50000–59999,57421,Exam/biopsy of vag w/scope,exam/biopsy of vag w/scope
Category I,Surgery – Nervous System,50000–59999,57425,"""Laparoscopy, surg, colpopexy""","""laparoscopy, surg, colpopexy"""
Category I,Surgery – Nervous System,50000–59999,57452,Exam of cervix w/scope,exam of cervix w/scope
Category I,Surgery – Nervous System,50000–59999,57454,Bx/curett of cervix w/scope,bx/curett of cervix w/scope
Category I,Surgery – Nervous System,50000–59999,57455,Biopsy of cervix w/scope,biopsy of cervix w/scope
Category I,Surgery – Nervous System,50000–59999,57456,Endocerv curettage w/scope,endocerv curettage w/scope
Category I,Surgery – Nervous System,50000–59999,57460,"""Bx of cervix w/scope, leep""","""bx of cervix w/scope, leep"""
Category I,Surgery – Nervous System,50000–59999,57461,"""Conz of cervix w/scope, leep""","""conz of cervix w/scope, leep"""
Category I,Surgery – Nervous System,50000–59999,57500,Biopsy of cervix,biopsy of cervix
Category I,Surgery – Nervous System,50000–59999,57505,Endocervical curettage,endocervical curettage
Category I,Surgery – Nervous System,50000–59999,57510,Cauterization of cervix,cauterization of cervix
Category I,Surgery – Nervous System,50000–59999,57511,Cryocautery of cervix,cryocautery of cervix
Category I,Surgery – Nervous System,50000–59999,57513,Laser surgery of cervix,laser surgery of cervix
Category I,Surgery – Nervous System,50000–59999,57520,Conization of cervix,conization of cervix
Category I,Surgery – Nervous System,50000–59999,57522,Conization of cervix,conization of cervix
Category I,Surgery – Nervous System,50000–59999,57530,Removal of cervix,removal of cervix
Category I,Surgery – Nervous System,50000–59999,57531,"""Removal of cervix, radical""","""removal of cervix, radical"""
Category I,Surgery – Nervous System,50000–59999,57540,Removal of residual cervix,removal of residual cervix
Category I,Surgery – Nervous System,50000–59999,57545,Remove cervix/repair pelvis,remove cervix/repair pelvis
Category I,Surgery – Nervous System,50000–59999,57550,Removal of residual cervix,removal of residual cervix
Category I,Surgery – Nervous System,50000–59999,57555,Remove cervix/repair vagina,remove cervix/repair vagina
Category I,Surgery – Nervous System,50000–59999,57556,"""Remove cervix, repair bowel""","""remove cervix, repair bowel"""
Category I,Surgery – Nervous System,50000–59999,57700,Revision of cervix,revision of cervix
Category I,Surgery – Nervous System,50000–59999,57720,Revision of cervix,revision of cervix
Category I,Surgery – Nervous System,50000–59999,57800,Dilation of cervical canal,dilation of cervical canal
Category I,Surgery – Nervous System,50000–59999,57820,D & c of residual cervix,d & c of residual cervix
Category I,Surgery – Nervous System,50000–59999,58100,Biopsy of uterus lining,biopsy of uterus lining
Category I,Surgery – Nervous System,50000–59999,58120,Dilation and curettage,dilation and curettage
Category I,Surgery – Nervous System,50000–59999,58140,Myomectomy abdom method,myomectomy abdom method
Category I,Surgery – Nervous System,50000–59999,58145,Myomectomy vag method,myomectomy vag method
Category I,Surgery – Nervous System,50000–59999,58146,Myomectomy abdom complex,myomectomy abdom complex
Category I,Surgery – Nervous System,50000–59999,58150,Total hysterectomy,total hysterectomy
Category I,Surgery – Nervous System,50000–59999,58152,Total hysterectomy,total hysterectomy
Category I,Surgery – Nervous System,50000–59999,58180,Partial hysterectomy,partial hysterectomy
Category I,Surgery – Nervous System,50000–59999,58200,Extensive hysterectomy,extensive hysterectomy
Category I,Surgery – Nervous System,50000–59999,58210,Extensive hysterectomy,extensive hysterectomy
Category I,Surgery – Nervous System,50000–59999,58240,Removal of pelvis contents,removal of pelvis contents
Category I,Surgery – Nervous System,50000–59999,58260,Vaginal hysterectomy,vaginal hysterectomy
Category I,Surgery – Nervous System,50000–59999,58262,Vag hyst including t/o,vag hyst including t/o
Category I,Surgery – Nervous System,50000–59999,58263,Vag hyst w/t/o & vag repair,vag hyst w/t/o & vag repair
Category I,Surgery – Nervous System,50000–59999,58267,Vag hyst w/urinary repair,vag hyst w/urinary repair
Category I,Surgery – Nervous System,50000–59999,58270,Vag hyst w/enterocele repair,vag hyst w/enterocele repair
Category I,Surgery – Nervous System,50000–59999,58275,Hysterectomy/revise vagina,hysterectomy/revise vagina
Category I,Surgery – Nervous System,50000–59999,58280,Hysterectomy/revise vagina,hysterectomy/revise vagina
Category I,Surgery – Nervous System,50000–59999,58285,Extensive hysterectomy,extensive hysterectomy
Category I,Surgery – Nervous System,50000–59999,58290,Vag hyst complex,vag hyst complex
Category I,Surgery – Nervous System,50000–59999,58291,"""Vag hyst incl t/o, complex""","""vag hyst incl t/o, complex"""
Category I,Surgery – Nervous System,50000–59999,58292,"""Vag hyst t/o & repair, compl""","""vag hyst t/o & repair, compl"""
Category I,Surgery – Nervous System,50000–59999,58293,"""Vag hyst w/uro repair, compl""","""vag hyst w/uro repair, compl"""
Category I,Surgery – Nervous System,50000–59999,58294,"""Vag hyst w/enterocele, compl""","""vag hyst w/enterocele, compl"""
Category I,Surgery – Nervous System,50000–59999,58300,Insert intrauterine device,insert intrauterine device
Category I,Surgery – Nervous System,50000–59999,58301,Remove intrauterine device,remove intrauterine device
Category I,Surgery – Nervous System,50000–59999,58321,Artificial insemination,artificial insemination
Category I,Surgery – Nervous System,50000–59999,58322,Artificial insemination,artificial insemination
Category I,Surgery – Nervous System,50000–59999,58323,Sperm washing,sperm washing
Category I,Surgery – Nervous System,50000–59999,58340,Catheter for hysterography,catheter for hysterography
Category I,Surgery – Nervous System,50000–59999,58345,Reopen fallopian tube,reopen fallopian tube
Category I,Surgery – Nervous System,50000–59999,58346,Insert heyman uteri capsule,insert heyman uteri capsule
Category I,Surgery – Nervous System,50000–59999,58350,Reopen fallopian tube,reopen fallopian tube
Category I,Surgery – Nervous System,50000–59999,58353,"""Endometr ablate, thermal""","""endometr ablate, thermal"""
Category I,Surgery – Nervous System,50000–59999,58356,Endometrial cryoablation,endometrial cryoablation
Category I,Surgery – Nervous System,50000–59999,58400,Suspension of uterus,suspension of uterus
Category I,Surgery – Nervous System,50000–59999,58410,Suspension of uterus,suspension of uterus
Category I,Surgery – Nervous System,50000–59999,58520,Repair of ruptured uterus,repair of ruptured uterus
Category I,Surgery – Nervous System,50000–59999,58540,Revision of uterus,revision of uterus
Category I,Surgery – Nervous System,50000–59999,58545,Laparoscopic myomectomy,laparoscopic myomectomy
Category I,Surgery – Nervous System,50000–59999,58546,"""Laparo-myomectomy, complex""","""laparo-myomectomy, complex"""
Category I,Surgery – Nervous System,50000–59999,58550,Laparo-asst vag hysterectomy,laparo-asst vag hysterectomy
Category I,Surgery – Nervous System,50000–59999,58552,Laparo-vag hyst incl t/o,laparo-vag hyst incl t/o
Category I,Surgery – Nervous System,50000–59999,58553,"""Laparo-vag hyst, complex""","""laparo-vag hyst, complex"""
Category I,Surgery – Nervous System,50000–59999,58554,"""Laparo-vag hyst w/t/o, compl""","""laparo-vag hyst w/t/o, compl"""
Category I,Surgery – Nervous System,50000–59999,58555,"""Hysteroscopy, dx, sep proc""","""hysteroscopy, dx, sep proc"""
Category I,Surgery – Nervous System,50000–59999,58558,"""Hysteroscopy, biopsy""","""hysteroscopy, biopsy"""
Category I,Surgery – Nervous System,50000–59999,58559,"""Hysteroscopy, lysis""","""hysteroscopy, lysis"""
Category I,Surgery – Nervous System,50000–59999,58560,"""Hysteroscopy, resect septum""","""hysteroscopy, resect septum"""
Category I,Surgery – Nervous System,50000–59999,58561,"""Hysteroscopy, remove myoma""","""hysteroscopy, remove myoma"""
Category I,Surgery – Nervous System,50000–59999,58562,"""Hysteroscopy, remove fb""","""hysteroscopy, remove fb"""
Category I,Surgery – Nervous System,50000–59999,58563,"""Hysteroscopy, ablation""","""hysteroscopy, ablation"""
Category I,Surgery – Nervous System,50000–59999,58565,"""Hysteroscopy, sterilization""","""hysteroscopy, sterilization"""
Category I,Surgery – Nervous System,50000–59999,58578,"""Laparo proc, uterus""","""laparo proc, uterus"""
Category I,Surgery – Nervous System,50000–59999,58579,Hysteroscope procedure,hysteroscope procedure
Category I,Surgery – Nervous System,50000–59999,58600,Division of fallopian tube,division of fallopian tube
Category I,Surgery – Nervous System,50000–59999,58605,Division of fallopian tube,division of fallopian tube
Category I,Surgery – Nervous System,50000–59999,58611,Ligate oviduct(s) add-on,ligate oviduct(s) add-on
Category I,Surgery – Nervous System,50000–59999,58615,Occlude fallopian tube(s),occlude fallopian tube(s)
Category I,Surgery – Nervous System,50000–59999,58660,"""Laparoscopy, lysis""","""laparoscopy, lysis"""
Category I,Surgery – Nervous System,50000–59999,58661,"""Laparoscopy, remove adnexa""","""laparoscopy, remove adnexa"""
Category I,Surgery – Nervous System,50000–59999,58662,"""Laparoscopy, excise lesions""","""laparoscopy, excise lesions"""
Category I,Surgery – Nervous System,50000–59999,58670,"""Laparoscopy, tubal cautery""","""laparoscopy, tubal cautery"""
Category I,Surgery – Nervous System,50000–59999,58671,"""Laparoscopy, tubal block""","""laparoscopy, tubal block"""
Category I,Surgery – Nervous System,50000–59999,58672,"""Laparoscopy, fimbrioplasty""","""laparoscopy, fimbrioplasty"""
Category I,Surgery – Nervous System,50000–59999,58673,"""Laparoscopy, salpingostomy""","""laparoscopy, salpingostomy"""
Category I,Surgery – Nervous System,50000–59999,58679,"""Laparo proc, oviduct-ovary""","""laparo proc, oviduct-ovary"""
Category I,Surgery – Nervous System,50000–59999,58700,Removal of fallopian tube,removal of fallopian tube
Category I,Surgery – Nervous System,50000–59999,58720,Removal of ovary/tube(s),removal of ovary/tube(s)
Category I,Surgery – Nervous System,50000–59999,58740,Revise fallopian tube(s),revise fallopian tube(s)
Category I,Surgery – Nervous System,50000–59999,58750,Repair oviduct,repair oviduct
Category I,Surgery – Nervous System,50000–59999,58752,Revise ovarian tube(s),revise ovarian tube(s)
Category I,Surgery – Nervous System,50000–59999,58760,Remove tubal obstruction,remove tubal obstruction
Category I,Surgery – Nervous System,50000–59999,58770,Create new tubal opening,create new tubal opening
Category I,Surgery – Nervous System,50000–59999,58800,Drainage of ovarian cyst(s),drainage of ovarian cyst(s)
Category I,Surgery – Nervous System,50000–59999,58805,Drainage of ovarian cyst(s),drainage of ovarian cyst(s)
Category I,Surgery – Nervous System,50000–59999,58820,"""Drain ovary abscess, open""","""drain ovary abscess, open"""
Category I,Surgery – Nervous System,50000–59999,58822,"""Drain ovary abscess, percut""","""drain ovary abscess, percut"""
Category I,Surgery – Nervous System,50000–59999,58823,"""Drain pelvic abscess, percut""","""drain pelvic abscess, percut"""
Category I,Surgery – Nervous System,50000–59999,58825,"""Transposition, ovary(s)""","""transposition, ovary(s)"""
Category I,Surgery – Nervous System,50000–59999,58900,Biopsy of ovary(s),biopsy of ovary(s)
Category I,Surgery – Nervous System,50000–59999,58920,Partial removal of ovary(s),partial removal of ovary(s)
Category I,Surgery – Nervous System,50000–59999,58925,Removal of ovarian cyst(s),removal of ovarian cyst(s)
Category I,Surgery – Nervous System,50000–59999,58940,Removal of ovary(s),removal of ovary(s)
Category I,Surgery – Nervous System,50000–59999,58943,Removal of ovary(s),removal of ovary(s)
Category I,Surgery – Nervous System,50000–59999,58950,Resect ovarian malignancy,resect ovarian malignancy
Category I,Surgery – Nervous System,50000–59999,58951,Resect ovarian malignancy,resect ovarian malignancy
Category I,Surgery – Nervous System,50000–59999,58952,Resect ovarian malignancy,resect ovarian malignancy
Category I,Surgery – Nervous System,50000–59999,58953,"""Tah, rad dissect for debulk""","""tah, rad dissect for debulk"""
Category I,Surgery – Nervous System,50000–59999,58954,Tah rad debulk/lymph remove,tah rad debulk/lymph remove
Category I,Surgery – Nervous System,50000–59999,58956,"""Bso, omentectomy w/tah""","""bso, omentectomy w/tah"""
Category I,Surgery – Nervous System,50000–59999,58960,Exploration of abdomen,exploration of abdomen
Category I,Surgery – Nervous System,50000–59999,58970,Retrieval of oocyte,retrieval of oocyte
Category I,Surgery – Nervous System,50000–59999,58974,Transfer of embryo,transfer of embryo
Category I,Surgery – Nervous System,50000–59999,58976,Transfer of embryo,transfer of embryo
Category I,Surgery – Nervous System,50000–59999,58999,Genital surgery procedure,genital surgery procedure
Category I,Surgery – Nervous System,50000–59999,59000,"""Amniocentesis, diagnostic""","""amniocentesis, diagnostic"""
Category I,Surgery – Nervous System,50000–59999,59001,"""Amniocentesis, therapeutic""","""amniocentesis, therapeutic"""
Category I,Surgery – Nervous System,50000–59999,59012,"""Fetal cord puncture,prenatal""","""fetal cord puncture,prenatal"""
Category I,Surgery – Nervous System,50000–59999,59015,Chorion biopsy,chorion biopsy
Category I,Surgery – Nervous System,50000–59999,59020,Fetal contract stress test,fetal contract stress test
Category I,Surgery – Nervous System,50000–59999,59025,Fetal non-stress test,fetal non-stress test
Category I,Surgery – Nervous System,50000–59999,59030,Fetal scalp blood sample,fetal scalp blood sample
Category I,Surgery – Nervous System,50000–59999,59050,Fetal monitor w/report,fetal monitor w/report
Category I,Surgery – Nervous System,50000–59999,59051,Fetal monitor/interpret only,fetal monitor/interpret only
Category I,Surgery – Nervous System,50000–59999,59070,Transabdom amnioinfus w/us,transabdom amnioinfus w/us
Category I,Surgery – Nervous System,50000–59999,59072,Umbilical cord occlud w/us,umbilical cord occlud w/us
Category I,Surgery – Nervous System,50000–59999,59074,Fetal fluid drainage w/us,fetal fluid drainage w/us
Category I,Surgery – Nervous System,50000–59999,59076,"""Fetal shunt placement, w/us""","""fetal shunt placement, w/us"""
Category I,Surgery – Nervous System,50000–59999,59100,Remove uterus lesion,remove uterus lesion
Category I,Surgery – Nervous System,50000–59999,59120,Treat ectopic pregnancy,treat ectopic pregnancy
Category I,Surgery – Nervous System,50000–59999,59121,Treat ectopic pregnancy,treat ectopic pregnancy
Category I,Surgery – Nervous System,50000–59999,59130,Treat ectopic pregnancy,treat ectopic pregnancy
Category I,Surgery – Nervous System,50000–59999,59135,Treat ectopic pregnancy,treat ectopic pregnancy
Category I,Surgery – Nervous System,50000–59999,59136,Treat ectopic pregnancy,treat ectopic pregnancy
Category I,Surgery – Nervous System,50000–59999,59140,Treat ectopic pregnancy,treat ectopic pregnancy
Category I,Surgery – Nervous System,50000–59999,59150,Treat ectopic pregnancy,treat ectopic pregnancy
Category I,Surgery – Nervous System,50000–59999,59151,Treat ectopic pregnancy,treat ectopic pregnancy
Category I,Surgery – Nervous System,50000–59999,59160,D & c after delivery,d & c after delivery
Category I,Surgery – Nervous System,50000–59999,59200,Insert cervical dilator,insert cervical dilator
Category I,Surgery – Nervous System,50000–59999,59300,Episiotomy or vaginal repair,episiotomy or vaginal repair
Category I,Surgery – Nervous System,50000–59999,59320,Revision of cervix,revision of cervix
Category I,Surgery – Nervous System,50000–59999,59325,Revision of cervix,revision of cervix
Category I,Surgery – Nervous System,50000–59999,59350,Repair of uterus,repair of uterus
Category I,Surgery – Nervous System,50000–59999,59400,Obstetrical care,obstetrical care
Category I,Surgery – Nervous System,50000–59999,59409,Obstetrical care,obstetrical care
Category I,Surgery – Nervous System,50000–59999,59410,Obstetrical care,obstetrical care
Category I,Surgery – Nervous System,50000–59999,59412,Antepartum manipulation,antepartum manipulation
Category I,Surgery – Nervous System,50000–59999,59414,Deliver placenta,deliver placenta
Category I,Surgery – Nervous System,50000–59999,59425,Antepartum care only,antepartum care only
Category I,Surgery – Nervous System,50000–59999,59426,Antepartum care only,antepartum care only
Category I,Surgery – Nervous System,50000–59999,59430,Care after delivery,care after delivery
Category I,Surgery – Nervous System,50000–59999,59510,Cesarean delivery,cesarean delivery
Category I,Surgery – Nervous System,50000–59999,59514,Cesarean delivery only,cesarean delivery only
Category I,Surgery – Nervous System,50000–59999,59515,Cesarean delivery,cesarean delivery
Category I,Surgery – Nervous System,50000–59999,59525,Remove uterus after cesarean,remove uterus after cesarean
Category I,Surgery – Nervous System,50000–59999,59610,Vbac delivery,vbac delivery
Category I,Surgery – Nervous System,50000–59999,59612,Vbac delivery only,vbac delivery only
Category I,Surgery – Nervous System,50000–59999,59614,Vbac care after delivery,vbac care after delivery
Category I,Surgery – Nervous System,50000–59999,59618,Attempted vbac delivery,attempted vbac delivery
Category I,Surgery – Nervous System,50000–59999,59620,Attempted vbac delivery only,attempted vbac delivery only
Category I,Surgery – Nervous System,50000–59999,59622,Attempted vbac after care,attempted vbac after care
Category I,Surgery – Nervous System,50000–59999,59812,Treatment of miscarriage,treatment of miscarriage
Category I,Surgery – Nervous System,50000–59999,59820,Care of miscarriage,care of miscarriage
Category I,Surgery – Nervous System,50000–59999,59821,Treatment of miscarriage,treatment of miscarriage
Category I,Surgery – Nervous System,50000–59999,59830,Treat uterus infection,treat uterus infection
Category I,Surgery – Nervous System,50000–59999,59840,Abortion,abortion
Category I,Surgery – Nervous System,50000–59999,59841,Abortion,abortion
Category I,Surgery – Nervous System,50000–59999,59850,Abortion,abortion
Category I,Surgery – Nervous System,50000–59999,59851,Abortion,abortion
Category I,Surgery – Nervous System,50000–59999,59852,Abortion,abortion
Category I,Surgery – Nervous System,50000–59999,59855,Abortion,abortion
Category I,Surgery – Nervous System,50000–59999,59856,Abortion,abortion
Category I,Surgery – Nervous System,50000–59999,59857,Abortion,abortion
Category I,Surgery – Nervous System,50000–59999,59866,Abortion (mpr),abortion (mpr)
Category I,Surgery – Nervous System,50000–59999,59870,Evacuate mole of uterus,evacuate mole of uterus
Category I,Surgery – Nervous System,50000–59999,59871,Remove cerclage suture,remove cerclage suture
Category I,Surgery – Nervous System,50000–59999,59897,Fetal invas px w/us,fetal invas px w/us
Category I,Surgery – Nervous System,50000–59999,59898,"""Laparo proc, ob care/deliver""","""laparo proc, ob care/deliver"""
Category I,Surgery – Nervous System,50000–59999,59899,Maternity care procedure,maternity care procedure
Category I,Surgery – Endocrine,60000–69999,60000,Drain thyroid/tongue cyst,drain thyroid/tongue cyst
Category I,Surgery – Endocrine,60000–69999,60001,Aspirate/inject thyriod cyst,aspirate/inject thyriod cyst
Category I,Surgery – Endocrine,60000–69999,60100,Biopsy of thyroid,biopsy of thyroid
Category I,Surgery – Endocrine,60000–69999,60200,Remove thyroid lesion,remove thyroid lesion
Category I,Surgery – Endocrine,60000–69999,60210,Partial thyroid excision,partial thyroid excision
Category I,Surgery – Endocrine,60000–69999,60212,Partial thyroid excision,partial thyroid excision
Category I,Surgery – Endocrine,60000–69999,60220,Partial removal of thyroid,partial removal of thyroid
Category I,Surgery – Endocrine,60000–69999,60225,Partial removal of thyroid,partial removal of thyroid
Category I,Surgery – Endocrine,60000–69999,60240,Removal of thyroid,removal of thyroid
Category I,Surgery – Endocrine,60000–69999,60252,Removal of thyroid,removal of thyroid
Category I,Surgery – Endocrine,60000–69999,60254,Extensive thyroid surgery,extensive thyroid surgery
Category I,Surgery – Endocrine,60000–69999,60260,Repeat thyroid surgery,repeat thyroid surgery
Category I,Surgery – Endocrine,60000–69999,60270,Removal of thyroid,removal of thyroid
Category I,Surgery – Endocrine,60000–69999,60271,Removal of thyroid,removal of thyroid
Category I,Surgery – Endocrine,60000–69999,60280,Remove thyroid duct lesion,remove thyroid duct lesion
Category I,Surgery – Endocrine,60000–69999,60281,Remove thyroid duct lesion,remove thyroid duct lesion
Category I,Surgery – Endocrine,60000–69999,60500,Explore parathyroid glands,explore parathyroid glands
Category I,Surgery – Endocrine,60000–69999,60502,Re-explore parathyroids,re-explore parathyroids
Category I,Surgery – Endocrine,60000–69999,60505,Explore parathyroid glands,explore parathyroid glands
Category I,Surgery – Endocrine,60000–69999,60512,Autotransplant parathyroid,autotransplant parathyroid
Category I,Surgery – Endocrine,60000–69999,60520,Removal of thymus gland,removal of thymus gland
Category I,Surgery – Endocrine,60000–69999,60521,Removal of thymus gland,removal of thymus gland
Category I,Surgery – Endocrine,60000–69999,60522,Removal of thymus gland,removal of thymus gland
Category I,Surgery – Endocrine,60000–69999,60540,Explore adrenal gland,explore adrenal gland
Category I,Surgery – Endocrine,60000–69999,60545,Explore adrenal gland,explore adrenal gland
Category I,Surgery – Endocrine,60000–69999,60600,Remove carotid body lesion,remove carotid body lesion
Category I,Surgery – Endocrine,60000–69999,60605,Remove carotid body lesion,remove carotid body lesion
Category I,Surgery – Endocrine,60000–69999,60650,Laparoscopy adrenalectomy,laparoscopy adrenalectomy
Category I,Surgery – Endocrine,60000–69999,60659,"""Laparo proc, endocrine""","""laparo proc, endocrine"""
Category I,Surgery – Endocrine,60000–69999,60699,Endocrine surgery procedure,endocrine surgery procedure
Category I,Surgery – Endocrine,60000–69999,61000,Remove cranial cavity fluid,remove cranial cavity fluid
Category I,Surgery – Endocrine,60000–69999,61001,Remove cranial cavity fluid,remove cranial cavity fluid
Category I,Surgery – Endocrine,60000–69999,61020,Remove brain cavity fluid,remove brain cavity fluid
Category I,Surgery – Endocrine,60000–69999,61026,Injection into brain canal,injection into brain canal
Category I,Surgery – Endocrine,60000–69999,61050,Remove brain canal fluid,remove brain canal fluid
Category I,Surgery – Endocrine,60000–69999,61055,Injection into brain canal,injection into brain canal
Category I,Surgery – Endocrine,60000–69999,61070,Brain canal shunt procedure,brain canal shunt procedure
Category I,Surgery – Endocrine,60000–69999,61105,Twist drill hole,twist drill hole
Category I,Surgery – Endocrine,60000–69999,61107,Drill skull for implantation,drill skull for implantation
Category I,Surgery – Endocrine,60000–69999,61108,Drill skull for drainage,drill skull for drainage
Category I,Surgery – Endocrine,60000–69999,61120,Burr hole for puncture,burr hole for puncture
Category I,Surgery – Endocrine,60000–69999,61140,Pierce skull for biopsy,pierce skull for biopsy
Category I,Surgery – Endocrine,60000–69999,61150,Pierce skull for drainage,pierce skull for drainage
Category I,Surgery – Endocrine,60000–69999,61151,Pierce skull for drainage,pierce skull for drainage
Category I,Surgery – Endocrine,60000–69999,61154,Pierce skull & remove clot,pierce skull & remove clot
Category I,Surgery – Endocrine,60000–69999,61156,Pierce skull for drainage,pierce skull for drainage
Category I,Surgery – Endocrine,60000–69999,61210,"""Pierce skull, implant device""","""pierce skull, implant device"""
Category I,Surgery – Endocrine,60000–69999,61215,Insert brain-fluid device,insert brain-fluid device
Category I,Surgery – Endocrine,60000–69999,61250,Pierce skull & explore,pierce skull & explore
Category I,Surgery – Endocrine,60000–69999,61253,Pierce skull & explore,pierce skull & explore
Category I,Surgery – Endocrine,60000–69999,61304,Open skull for exploration,open skull for exploration
Category I,Surgery – Endocrine,60000–69999,61305,Open skull for exploration,open skull for exploration
Category I,Surgery – Endocrine,60000–69999,61312,Open skull for drainage,open skull for drainage
Category I,Surgery – Endocrine,60000–69999,61313,Open skull for drainage,open skull for drainage
Category I,Surgery – Endocrine,60000–69999,61314,Open skull for drainage,open skull for drainage
Category I,Surgery – Endocrine,60000–69999,61315,Open skull for drainage,open skull for drainage
Category I,Surgery – Endocrine,60000–69999,61316,Implt cran bone flap to abdo,implt cran bone flap to abdo
Category I,Surgery – Endocrine,60000–69999,61320,Open skull for drainage,open skull for drainage
Category I,Surgery – Endocrine,60000–69999,61321,Open skull for drainage,open skull for drainage
Category I,Surgery – Endocrine,60000–69999,61322,Decompressive craniotomy,decompressive craniotomy
Category I,Surgery – Endocrine,60000–69999,61323,Decompressive lobectomy,decompressive lobectomy
Category I,Surgery – Endocrine,60000–69999,61330,Decompress eye socket,decompress eye socket
Category I,Surgery – Endocrine,60000–69999,61332,Explore/biopsy eye socket,explore/biopsy eye socket
Category I,Surgery – Endocrine,60000–69999,61333,Explore orbit/remove lesion,explore orbit/remove lesion
Category I,Surgery – Endocrine,60000–69999,61334,Explore orbit/remove object,explore orbit/remove object
Category I,Surgery – Endocrine,60000–69999,61340,Subtemporal decompression,subtemporal decompression
Category I,Surgery – Endocrine,60000–69999,61343,Incise skull (press relief),incise skull (press relief)
Category I,Surgery – Endocrine,60000–69999,61345,Relieve cranial pressure,relieve cranial pressure
Category I,Surgery – Endocrine,60000–69999,61440,Incise skull for surgery,incise skull for surgery
Category I,Surgery – Endocrine,60000–69999,61450,Incise skull for surgery,incise skull for surgery
Category I,Surgery – Endocrine,60000–69999,61458,Incise skull for brain wound,incise skull for brain wound
Category I,Surgery – Endocrine,60000–69999,61460,Incise skull for surgery,incise skull for surgery
Category I,Surgery – Endocrine,60000–69999,61470,Incise skull for surgery,incise skull for surgery
Category I,Surgery – Endocrine,60000–69999,61480,Incise skull for surgery,incise skull for surgery
Category I,Surgery – Endocrine,60000–69999,61490,Incise skull for surgery,incise skull for surgery
Category I,Surgery – Endocrine,60000–69999,61500,Removal of skull lesion,removal of skull lesion
Category I,Surgery – Endocrine,60000–69999,61501,Remove infected skull bone,remove infected skull bone
Category I,Surgery – Endocrine,60000–69999,61510,Removal of brain lesion,removal of brain lesion
Category I,Surgery – Endocrine,60000–69999,61512,Remove brain lining lesion,remove brain lining lesion
Category I,Surgery – Endocrine,60000–69999,61514,Removal of brain abscess,removal of brain abscess
Category I,Surgery – Endocrine,60000–69999,61516,Removal of brain lesion,removal of brain lesion
Category I,Surgery – Endocrine,60000–69999,61517,Implt brain chemotx add-on,implt brain chemotx add-on
Category I,Surgery – Endocrine,60000–69999,61518,Removal of brain lesion,removal of brain lesion
Category I,Surgery – Endocrine,60000–69999,61519,Remove brain lining lesion,remove brain lining lesion
Category I,Surgery – Endocrine,60000–69999,61520,Removal of brain lesion,removal of brain lesion
Category I,Surgery – Endocrine,60000–69999,61521,Removal of brain lesion,removal of brain lesion
Category I,Surgery – Endocrine,60000–69999,61522,Removal of brain abscess,removal of brain abscess
Category I,Surgery – Endocrine,60000–69999,61524,Removal of brain lesion,removal of brain lesion
Category I,Surgery – Endocrine,60000–69999,61526,Removal of brain lesion,removal of brain lesion
Category I,Surgery – Endocrine,60000–69999,61530,Removal of brain lesion,removal of brain lesion
Category I,Surgery – Endocrine,60000–69999,61531,Implant brain electrodes,implant brain electrodes
Category I,Surgery – Endocrine,60000–69999,61533,Implant brain electrodes,implant brain electrodes
Category I,Surgery – Endocrine,60000–69999,61534,Removal of brain lesion,removal of brain lesion
Category I,Surgery – Endocrine,60000–69999,61535,Remove brain electrodes,remove brain electrodes
Category I,Surgery – Endocrine,60000–69999,61536,Removal of brain lesion,removal of brain lesion
Category I,Surgery – Endocrine,60000–69999,61537,Removal of brain tissue,removal of brain tissue
Category I,Surgery – Endocrine,60000–69999,61538,Removal of brain tissue,removal of brain tissue
Category I,Surgery – Endocrine,60000–69999,61539,Removal of brain tissue,removal of brain tissue
Category I,Surgery – Endocrine,60000–69999,61540,Removal of brain tissue,removal of brain tissue
Category I,Surgery – Endocrine,60000–69999,61541,Incision of brain tissue,incision of brain tissue
Category I,Surgery – Endocrine,60000–69999,61542,Removal of brain tissue,removal of brain tissue
Category I,Surgery – Endocrine,60000–69999,61543,Removal of brain tissue,removal of brain tissue
Category I,Surgery – Endocrine,60000–69999,61544,Remove & treat brain lesion,remove & treat brain lesion
Category I,Surgery – Endocrine,60000–69999,61545,Excision of brain tumor,excision of brain tumor
Category I,Surgery – Endocrine,60000–69999,61546,Removal of pituitary gland,removal of pituitary gland
Category I,Surgery – Endocrine,60000–69999,61548,Removal of pituitary gland,removal of pituitary gland
Category I,Surgery – Endocrine,60000–69999,61550,Release of skull seams,release of skull seams
Category I,Surgery – Endocrine,60000–69999,61552,Release of skull seams,release of skull seams
Category I,Surgery – Endocrine,60000–69999,61556,Incise skull/sutures,incise skull/sutures
Category I,Surgery – Endocrine,60000–69999,61557,Incise skull/sutures,incise skull/sutures
Category I,Surgery – Endocrine,60000–69999,61558,Excision of skull/sutures,excision of skull/sutures
Category I,Surgery – Endocrine,60000–69999,61559,Excision of skull/sutures,excision of skull/sutures
Category I,Surgery – Endocrine,60000–69999,61563,Excision of skull tumor,excision of skull tumor
Category I,Surgery – Endocrine,60000–69999,61564,Excision of skull tumor,excision of skull tumor
Category I,Surgery – Endocrine,60000–69999,61566,Removal of brain tissue,removal of brain tissue
Category I,Surgery – Endocrine,60000–69999,61567,Incision of brain tissue,incision of brain tissue
Category I,Surgery – Endocrine,60000–69999,61570,"""Remove foreign body, brain""","""remove foreign body, brain"""
Category I,Surgery – Endocrine,60000–69999,61571,Incise skull for brain wound,incise skull for brain wound
Category I,Surgery – Endocrine,60000–69999,61575,Skull base/brainstem surgery,skull base/brainstem surgery
Category I,Surgery – Endocrine,60000–69999,61576,Skull base/brainstem surgery,skull base/brainstem surgery
Category I,Surgery – Endocrine,60000–69999,61580,"""Craniofacial approach, skull""","""craniofacial approach, skull"""
Category I,Surgery – Endocrine,60000–69999,61581,"""Craniofacial approach, skull""","""craniofacial approach, skull"""
Category I,Surgery – Endocrine,60000–69999,61582,"""Craniofacial approach, skull""","""craniofacial approach, skull"""
Category I,Surgery – Endocrine,60000–69999,61583,"""Craniofacial approach, skull""","""craniofacial approach, skull"""
Category I,Surgery – Endocrine,60000–69999,61584,Orbitocranial approach/skull,orbitocranial approach/skull
Category I,Surgery – Endocrine,60000–69999,61585,Orbitocranial approach/skull,orbitocranial approach/skull
Category I,Surgery – Endocrine,60000–69999,61586,"""Resect nasopharynx, skull""","""resect nasopharynx, skull"""
Category I,Surgery – Endocrine,60000–69999,61590,Infratemporal approach/skull,infratemporal approach/skull
Category I,Surgery – Endocrine,60000–69999,61591,Infratemporal approach/skull,infratemporal approach/skull
Category I,Surgery – Endocrine,60000–69999,61592,Orbitocranial approach/skull,orbitocranial approach/skull
Category I,Surgery – Endocrine,60000–69999,61595,Transtemporal approach/skull,transtemporal approach/skull
Category I,Surgery – Endocrine,60000–69999,61596,Transcochlear approach/skull,transcochlear approach/skull
Category I,Surgery – Endocrine,60000–69999,61597,Transcondylar approach/skull,transcondylar approach/skull
Category I,Surgery – Endocrine,60000–69999,61598,Transpetrosal approach/skull,transpetrosal approach/skull
Category I,Surgery – Endocrine,60000–69999,61600,Resect/excise cranial lesion,resect/excise cranial lesion
Category I,Surgery – Endocrine,60000–69999,61601,Resect/excise cranial lesion,resect/excise cranial lesion
Category I,Surgery – Endocrine,60000–69999,61605,Resect/excise cranial lesion,resect/excise cranial lesion
Category I,Surgery – Endocrine,60000–69999,61606,Resect/excise cranial lesion,resect/excise cranial lesion
Category I,Surgery – Endocrine,60000–69999,61607,Resect/excise cranial lesion,resect/excise cranial lesion
Category I,Surgery – Endocrine,60000–69999,61608,Resect/excise cranial lesion,resect/excise cranial lesion
Category I,Surgery – Endocrine,60000–69999,61609,"""Transect artery, sinus""","""transect artery, sinus"""
Category I,Surgery – Endocrine,60000–69999,61610,"""Transect artery, sinus""","""transect artery, sinus"""
Category I,Surgery – Endocrine,60000–69999,61611,"""Transect artery, sinus""","""transect artery, sinus"""
Category I,Surgery – Endocrine,60000–69999,61612,"""Transect artery, sinus""","""transect artery, sinus"""
Category I,Surgery – Endocrine,60000–69999,61613,"""Remove aneurysm, sinus""","""remove aneurysm, sinus"""
Category I,Surgery – Endocrine,60000–69999,61615,"""Resect/excise lesion, skull""","""resect/excise lesion, skull"""
Category I,Surgery – Endocrine,60000–69999,61616,"""Resect/excise lesion, skull""","""resect/excise lesion, skull"""
Category I,Surgery – Endocrine,60000–69999,61618,Repair dura,repair dura
Category I,Surgery – Endocrine,60000–69999,61619,Repair dura,repair dura
Category I,Surgery – Endocrine,60000–69999,61623,Endovasc tempory vessel occl,endovasc tempory vessel occl
Category I,Surgery – Endocrine,60000–69999,61624,"""Transcath occlusion, cns""","""transcath occlusion, cns"""
Category I,Surgery – Endocrine,60000–69999,61626,"""Transcath occlusion, non-cns""","""transcath occlusion, non-cns"""
Category I,Surgery – Endocrine,60000–69999,61680,Intracranial vessel surgery,intracranial vessel surgery
Category I,Surgery – Endocrine,60000–69999,61682,Intracranial vessel surgery,intracranial vessel surgery
Category I,Surgery – Endocrine,60000–69999,61684,Intracranial vessel surgery,intracranial vessel surgery
Category I,Surgery – Endocrine,60000–69999,61686,Intracranial vessel surgery,intracranial vessel surgery
Category I,Surgery – Endocrine,60000–69999,61690,Intracranial vessel surgery,intracranial vessel surgery
Category I,Surgery – Endocrine,60000–69999,61692,Intracranial vessel surgery,intracranial vessel surgery
Category I,Surgery – Endocrine,60000–69999,61697,"""Brain aneurysm repr, complx""","""brain aneurysm repr, complx"""
Category I,Surgery – Endocrine,60000–69999,61698,"""Brain aneurysm repr, complx""","""brain aneurysm repr, complx"""
Category I,Surgery – Endocrine,60000–69999,61700,"""Brain aneurysm repr, simple""","""brain aneurysm repr, simple"""
Category I,Surgery – Endocrine,60000–69999,61702,Inner skull vessel surgery,inner skull vessel surgery
Category I,Surgery – Endocrine,60000–69999,61703,Clamp neck artery,clamp neck artery
Category I,Surgery – Endocrine,60000–69999,61705,Revise circulation to head,revise circulation to head
Category I,Surgery – Endocrine,60000–69999,61708,Revise circulation to head,revise circulation to head
Category I,Surgery – Endocrine,60000–69999,61710,Revise circulation to head,revise circulation to head
Category I,Surgery – Endocrine,60000–69999,61711,Fusion of skull arteries,fusion of skull arteries
Category I,Surgery – Endocrine,60000–69999,61720,Incise skull/brain surgery,incise skull/brain surgery
Category I,Surgery – Endocrine,60000–69999,61735,Incise skull/brain surgery,incise skull/brain surgery
Category I,Surgery – Endocrine,60000–69999,61750,Incise skull/brain biopsy,incise skull/brain biopsy
Category I,Surgery – Endocrine,60000–69999,61751,Brain biopsy w/ct/mr guide,brain biopsy w/ct/mr guide
Category I,Surgery – Endocrine,60000–69999,61760,Implant brain electrodes,implant brain electrodes
Category I,Surgery – Endocrine,60000–69999,61770,Incise skull for treatment,incise skull for treatment
Category I,Surgery – Endocrine,60000–69999,61790,Treat trigeminal nerve,treat trigeminal nerve
Category I,Surgery – Endocrine,60000–69999,61791,Treat trigeminal tract,treat trigeminal tract
Category I,Surgery – Endocrine,60000–69999,61793,Focus radiation beam,focus radiation beam
Category I,Surgery – Endocrine,60000–69999,61795,Brain surgery using computer,brain surgery using computer
Category I,Surgery – Endocrine,60000–69999,61850,Implant neuroelectrodes,implant neuroelectrodes
Category I,Surgery – Endocrine,60000–69999,61860,Implant neuroelectrodes,implant neuroelectrodes
Category I,Surgery – Endocrine,60000–69999,61863,Implant neuroelectrode,implant neuroelectrode
Category I,Surgery – Endocrine,60000–69999,61864,"""Implant neuroelectrde, add?l""","""implant neuroelectrde, add?l"""
Category I,Surgery – Endocrine,60000–69999,61867,Implant neuroelectrode,implant neuroelectrode
Category I,Surgery – Endocrine,60000–69999,61868,"""Implant neuroelectrde, add?l""","""implant neuroelectrde, add?l"""
Category I,Surgery – Endocrine,60000–69999,61870,Implant neuroelectrodes,implant neuroelectrodes
Category I,Surgery – Endocrine,60000–69999,61875,Implant neuroelectrodes,implant neuroelectrodes
Category I,Surgery – Endocrine,60000–69999,61880,Revise/remove neuroelectrode,revise/remove neuroelectrode
Category I,Surgery – Endocrine,60000–69999,61885,Insrt/redo neurostim 1 array,insrt/redo neurostim 1 array
Category I,Surgery – Endocrine,60000–69999,61886,Implant neurostim arrays,implant neurostim arrays
Category I,Surgery – Endocrine,60000–69999,61888,Revise/remove neuroreceiver,revise/remove neuroreceiver
Category I,Surgery – Endocrine,60000–69999,62000,Treat skull fracture,treat skull fracture
Category I,Surgery – Endocrine,60000–69999,62005,Treat skull fracture,treat skull fracture
Category I,Surgery – Endocrine,60000–69999,62010,Treatment of head injury,treatment of head injury
Category I,Surgery – Endocrine,60000–69999,62100,Repair brain fluid leakage,repair brain fluid leakage
Category I,Surgery – Endocrine,60000–69999,62115,Reduction of skull defect,reduction of skull defect
Category I,Surgery – Endocrine,60000–69999,62116,Reduction of skull defect,reduction of skull defect
Category I,Surgery – Endocrine,60000–69999,62117,Reduction of skull defect,reduction of skull defect
Category I,Surgery – Endocrine,60000–69999,62120,Repair skull cavity lesion,repair skull cavity lesion
Category I,Surgery – Endocrine,60000–69999,62121,Incise skull repair,incise skull repair
Category I,Surgery – Endocrine,60000–69999,62140,Repair of skull defect,repair of skull defect
Category I,Surgery – Endocrine,60000–69999,62141,Repair of skull defect,repair of skull defect
Category I,Surgery – Endocrine,60000–69999,62142,Remove skull plate/flap,remove skull plate/flap
Category I,Surgery – Endocrine,60000–69999,62143,Replace skull plate/flap,replace skull plate/flap
Category I,Surgery – Endocrine,60000–69999,62145,Repair of skull & brain,repair of skull & brain
Category I,Surgery – Endocrine,60000–69999,62146,Repair of skull with graft,repair of skull with graft
Category I,Surgery – Endocrine,60000–69999,62147,Repair of skull with graft,repair of skull with graft
Category I,Surgery – Endocrine,60000–69999,62148,Retr bone flap to fix skull,retr bone flap to fix skull
Category I,Surgery – Endocrine,60000–69999,62160,Neuroendoscopy add-on,neuroendoscopy add-on
Category I,Surgery – Endocrine,60000–69999,62161,Dissect brain w/scope,dissect brain w/scope
Category I,Surgery – Endocrine,60000–69999,62162,Remove colloid cyst w/scope,remove colloid cyst w/scope
Category I,Surgery – Endocrine,60000–69999,62163,Neuroendoscopy w/fb removal,neuroendoscopy w/fb removal
Category I,Surgery – Endocrine,60000–69999,62164,Remove brain tumor w/scope,remove brain tumor w/scope
Category I,Surgery – Endocrine,60000–69999,62165,Remove pituit tumor w/scope,remove pituit tumor w/scope
Category I,Surgery – Endocrine,60000–69999,62180,Establish brain cavity shunt,establish brain cavity shunt
Category I,Surgery – Endocrine,60000–69999,62190,Establish brain cavity shunt,establish brain cavity shunt
Category I,Surgery – Endocrine,60000–69999,62192,Establish brain cavity shunt,establish brain cavity shunt
Category I,Surgery – Endocrine,60000–69999,62194,Replace/irrigate catheter,replace/irrigate catheter
Category I,Surgery – Endocrine,60000–69999,62200,Establish brain cavity shunt,establish brain cavity shunt
Category I,Surgery – Endocrine,60000–69999,62201,Brain cavity shunt w/scope,brain cavity shunt w/scope
Category I,Surgery – Endocrine,60000–69999,62220,Establish brain cavity shunt,establish brain cavity shunt
Category I,Surgery – Endocrine,60000–69999,62223,Establish brain cavity shunt,establish brain cavity shunt
Category I,Surgery – Endocrine,60000–69999,62225,Replace/irrigate catheter,replace/irrigate catheter
Category I,Surgery – Endocrine,60000–69999,62230,Replace/revise brain shunt,replace/revise brain shunt
Category I,Surgery – Endocrine,60000–69999,62252,Csf shunt reprogram,csf shunt reprogram
Category I,Surgery – Endocrine,60000–69999,62256,Remove brain cavity shunt,remove brain cavity shunt
Category I,Surgery – Endocrine,60000–69999,62258,Replace brain cavity shunt,replace brain cavity shunt
Category I,Surgery – Endocrine,60000–69999,62263,Epidural lysis mult sessions,epidural lysis mult sessions
Category I,Surgery – Endocrine,60000–69999,62264,Epidural lysis on single day,epidural lysis on single day
Category I,Surgery – Endocrine,60000–69999,62268,Drain spinal cord cyst,drain spinal cord cyst
Category I,Surgery – Endocrine,60000–69999,62269,"""Needle biopsy, spinal cord""","""needle biopsy, spinal cord"""
Category I,Surgery – Endocrine,60000–69999,62270,"""Spinal fluid tap, diagnostic""","""spinal fluid tap, diagnostic"""
Category I,Surgery – Endocrine,60000–69999,62272,Drain cerebro spinal fluid,drain cerebro spinal fluid
Category I,Surgery – Endocrine,60000–69999,62273,Inject epidural patch,inject epidural patch
Category I,Surgery – Endocrine,60000–69999,62280,Treat spinal cord lesion,treat spinal cord lesion
Category I,Surgery – Endocrine,60000–69999,62281,Treat spinal cord lesion,treat spinal cord lesion
Category I,Surgery – Endocrine,60000–69999,62282,Treat spinal canal lesion,treat spinal canal lesion
Category I,Surgery – Endocrine,60000–69999,62284,Injection for myelogram,injection for myelogram
Category I,Surgery – Endocrine,60000–69999,62287,Percutaneous diskectomy,percutaneous diskectomy
Category I,Surgery – Endocrine,60000–69999,62290,Inject for spine disk x-ray,inject for spine disk x-ray
Category I,Surgery – Endocrine,60000–69999,62291,Inject for spine disk x-ray,inject for spine disk x-ray
Category I,Surgery – Endocrine,60000–69999,62292,Injection into disk lesion,injection into disk lesion
Category I,Surgery – Endocrine,60000–69999,62294,Injection into spinal artery,injection into spinal artery
Category I,Surgery – Endocrine,60000–69999,62310,Inject spine c/t,inject spine c/t
Category I,Surgery – Endocrine,60000–69999,62311,Inject spine l/s (cd),inject spine l/s (cd)
Category I,Surgery – Endocrine,60000–69999,62318,"""Inject spine w/cath, c/t""","""inject spine w/cath, c/t"""
Category I,Surgery – Endocrine,60000–69999,62319,Inject spine w/cath l/s (cd),inject spine w/cath l/s (cd)
Category I,Surgery – Endocrine,60000–69999,62350,Implant spinal canal cath,implant spinal canal cath
Category I,Surgery – Endocrine,60000–69999,62351,Implant spinal canal cath,implant spinal canal cath
Category I,Surgery – Endocrine,60000–69999,62355,Remove spinal canal catheter,remove spinal canal catheter
Category I,Surgery – Endocrine,60000–69999,62360,Insert spine infusion device,insert spine infusion device
Category I,Surgery – Endocrine,60000–69999,62361,Implant spine infusion pump,implant spine infusion pump
Category I,Surgery – Endocrine,60000–69999,62362,Implant spine infusion pump,implant spine infusion pump
Category I,Surgery – Endocrine,60000–69999,62365,Remove spine infusion device,remove spine infusion device
Category I,Surgery – Endocrine,60000–69999,62367,Analyze spine infusion pump,analyze spine infusion pump
Category I,Surgery – Endocrine,60000–69999,62368,Analyze spine infusion pump,analyze spine infusion pump
Category I,Surgery – Endocrine,60000–69999,63001,Removal of spinal lamina,removal of spinal lamina
Category I,Surgery – Endocrine,60000–69999,63003,Removal of spinal lamina,removal of spinal lamina
Category I,Surgery – Endocrine,60000–69999,63005,Removal of spinal lamina,removal of spinal lamina
Category I,Surgery – Endocrine,60000–69999,63011,Removal of spinal lamina,removal of spinal lamina
Category I,Surgery – Endocrine,60000–69999,63012,Removal of spinal lamina,removal of spinal lamina
Category I,Surgery – Endocrine,60000–69999,63015,Removal of spinal lamina,removal of spinal lamina
Category I,Surgery – Endocrine,60000–69999,63016,Removal of spinal lamina,removal of spinal lamina
Category I,Surgery – Endocrine,60000–69999,63017,Removal of spinal lamina,removal of spinal lamina
Category I,Surgery – Endocrine,60000–69999,63020,Neck spine disk surgery,neck spine disk surgery
Category I,Surgery – Endocrine,60000–69999,63030,Low back disk surgery,low back disk surgery
Category I,Surgery – Endocrine,60000–69999,63035,Spinal disk surgery add-on,spinal disk surgery add-on
Category I,Surgery – Endocrine,60000–69999,63040,"""Laminotomy, single cervical""","""laminotomy, single cervical"""
Category I,Surgery – Endocrine,60000–69999,63042,"""Laminotomy, single lumbar""","""laminotomy, single lumbar"""
Category I,Surgery – Endocrine,60000–69999,63043,"""Laminotomy, add?l cervical""","""laminotomy, add?l cervical"""
Category I,Surgery – Endocrine,60000–69999,63044,"""Laminotomy, add?l lumbar""","""laminotomy, add?l lumbar"""
Category I,Surgery – Endocrine,60000–69999,63045,Removal of spinal lamina,removal of spinal lamina
Category I,Surgery – Endocrine,60000–69999,63046,Removal of spinal lamina,removal of spinal lamina
Category I,Surgery – Endocrine,60000–69999,63047,Removal of spinal lamina,removal of spinal lamina
Category I,Surgery – Endocrine,60000–69999,63048,Remove spinal lamina add-on,remove spinal lamina add-on
Category I,Surgery – Endocrine,60000–69999,63050,Cervical laminoplasty,cervical laminoplasty
Category I,Surgery – Endocrine,60000–69999,63051,C-laminoplasty w/graft/plate,c-laminoplasty w/graft/plate
Category I,Surgery – Endocrine,60000–69999,63055,Decompress spinal cord,decompress spinal cord
Category I,Surgery – Endocrine,60000–69999,63056,Decompress spinal cord,decompress spinal cord
Category I,Surgery – Endocrine,60000–69999,63057,Decompress spine cord add-on,decompress spine cord add-on
Category I,Surgery – Endocrine,60000–69999,63064,Decompress spinal cord,decompress spinal cord
Category I,Surgery – Endocrine,60000–69999,63066,Decompress spine cord add-on,decompress spine cord add-on
Category I,Surgery – Endocrine,60000–69999,63075,Neck spine disk surgery,neck spine disk surgery
Category I,Surgery – Endocrine,60000–69999,63076,Neck spine disk surgery,neck spine disk surgery
Category I,Surgery – Endocrine,60000–69999,63077,"""Spine disk surgery, thorax""","""spine disk surgery, thorax"""
Category I,Surgery – Endocrine,60000–69999,63078,"""Spine disk surgery, thorax""","""spine disk surgery, thorax"""
Category I,Surgery – Endocrine,60000–69999,63081,Removal of vertebral body,removal of vertebral body
Category I,Surgery – Endocrine,60000–69999,63082,Remove vertebral body add-on,remove vertebral body add-on
Category I,Surgery – Endocrine,60000–69999,63085,Removal of vertebral body,removal of vertebral body
Category I,Surgery – Endocrine,60000–69999,63086,Remove vertebral body add-on,remove vertebral body add-on
Category I,Surgery – Endocrine,60000–69999,63087,Removal of vertebral body,removal of vertebral body
Category I,Surgery – Endocrine,60000–69999,63088,Remove vertebral body add-on,remove vertebral body add-on
Category I,Surgery – Endocrine,60000–69999,63090,Removal of vertebral body,removal of vertebral body
Category I,Surgery – Endocrine,60000–69999,63091,Remove vertebral body add-on,remove vertebral body add-on
Category I,Surgery – Endocrine,60000–69999,63101,Removal of vertebral body,removal of vertebral body
Category I,Surgery – Endocrine,60000–69999,63102,Removal of vertebral body,removal of vertebral body
Category I,Surgery – Endocrine,60000–69999,63103,Remove vertebral body add-on,remove vertebral body add-on
Category I,Surgery – Endocrine,60000–69999,63170,Incise spinal cord tract(s),incise spinal cord tract(s)
Category I,Surgery – Endocrine,60000–69999,63172,Drainage of spinal cyst,drainage of spinal cyst
Category I,Surgery – Endocrine,60000–69999,63173,Drainage of spinal cyst,drainage of spinal cyst
Category I,Surgery – Endocrine,60000–69999,63180,Revise spinal cord ligaments,revise spinal cord ligaments
Category I,Surgery – Endocrine,60000–69999,63182,Revise spinal cord ligaments,revise spinal cord ligaments
Category I,Surgery – Endocrine,60000–69999,63185,Incise spinal column/nerves,incise spinal column/nerves
Category I,Surgery – Endocrine,60000–69999,63190,Incise spinal column/nerves,incise spinal column/nerves
Category I,Surgery – Endocrine,60000–69999,63191,Incise spinal column/nerves,incise spinal column/nerves
Category I,Surgery – Endocrine,60000–69999,63194,Incise spinal column & cord,incise spinal column & cord
Category I,Surgery – Endocrine,60000–69999,63195,Incise spinal column & cord,incise spinal column & cord
Category I,Surgery – Endocrine,60000–69999,63196,Incise spinal column & cord,incise spinal column & cord
Category I,Surgery – Endocrine,60000–69999,63197,Incise spinal column & cord,incise spinal column & cord
Category I,Surgery – Endocrine,60000–69999,63198,Incise spinal column & cord,incise spinal column & cord
Category I,Surgery – Endocrine,60000–69999,63199,Incise spinal column & cord,incise spinal column & cord
Category I,Surgery – Endocrine,60000–69999,63200,Release of spinal cord,release of spinal cord
Category I,Surgery – Endocrine,60000–69999,63250,Revise spinal cord vessels,revise spinal cord vessels
Category I,Surgery – Endocrine,60000–69999,63251,Revise spinal cord vessels,revise spinal cord vessels
Category I,Surgery – Endocrine,60000–69999,63252,Revise spinal cord vessels,revise spinal cord vessels
Category I,Surgery – Endocrine,60000–69999,63265,Excise intraspinal lesion,excise intraspinal lesion
Category I,Surgery – Endocrine,60000–69999,63266,Excise intraspinal lesion,excise intraspinal lesion
Category I,Surgery – Endocrine,60000–69999,63267,Excise intraspinal lesion,excise intraspinal lesion
Category I,Surgery – Endocrine,60000–69999,63268,Excise intraspinal lesion,excise intraspinal lesion
Category I,Surgery – Endocrine,60000–69999,63270,Excise intraspinal lesion,excise intraspinal lesion
Category I,Surgery – Endocrine,60000–69999,63271,Excise intraspinal lesion,excise intraspinal lesion
Category I,Surgery – Endocrine,60000–69999,63272,Excise intraspinal lesion,excise intraspinal lesion
Category I,Surgery – Endocrine,60000–69999,63273,Excise intraspinal lesion,excise intraspinal lesion
Category I,Surgery – Endocrine,60000–69999,63275,Biopsy/excise spinal tumor,biopsy/excise spinal tumor
Category I,Surgery – Endocrine,60000–69999,63276,Biopsy/excise spinal tumor,biopsy/excise spinal tumor
Category I,Surgery – Endocrine,60000–69999,63277,Biopsy/excise spinal tumor,biopsy/excise spinal tumor
Category I,Surgery – Endocrine,60000–69999,63278,Biopsy/excise spinal tumor,biopsy/excise spinal tumor
Category I,Surgery – Endocrine,60000–69999,63280,Biopsy/excise spinal tumor,biopsy/excise spinal tumor
Category I,Surgery – Endocrine,60000–69999,63281,Biopsy/excise spinal tumor,biopsy/excise spinal tumor
Category I,Surgery – Endocrine,60000–69999,63282,Biopsy/excise spinal tumor,biopsy/excise spinal tumor
Category I,Surgery – Endocrine,60000–69999,63283,Biopsy/excise spinal tumor,biopsy/excise spinal tumor
Category I,Surgery – Endocrine,60000–69999,63285,Biopsy/excise spinal tumor,biopsy/excise spinal tumor
Category I,Surgery – Endocrine,60000–69999,63286,Biopsy/excise spinal tumor,biopsy/excise spinal tumor
Category I,Surgery – Endocrine,60000–69999,63287,Biopsy/excise spinal tumor,biopsy/excise spinal tumor
Category I,Surgery – Endocrine,60000–69999,63290,Biopsy/excise spinal tumor,biopsy/excise spinal tumor
Category I,Surgery – Endocrine,60000–69999,63295,Repair of laminectomy defect,repair of laminectomy defect
Category I,Surgery – Endocrine,60000–69999,63300,Removal of vertebral body,removal of vertebral body
Category I,Surgery – Endocrine,60000–69999,63301,Removal of vertebral body,removal of vertebral body
Category I,Surgery – Endocrine,60000–69999,63302,Removal of vertebral body,removal of vertebral body
Category I,Surgery – Endocrine,60000–69999,63303,Removal of vertebral body,removal of vertebral body
Category I,Surgery – Endocrine,60000–69999,63304,Removal of vertebral body,removal of vertebral body
Category I,Surgery – Endocrine,60000–69999,63305,Removal of vertebral body,removal of vertebral body
Category I,Surgery – Endocrine,60000–69999,63306,Removal of vertebral body,removal of vertebral body
Category I,Surgery – Endocrine,60000–69999,63307,Removal of vertebral body,removal of vertebral body
Category I,Surgery – Endocrine,60000–69999,63308,Remove vertebral body add-on,remove vertebral body add-on
Category I,Surgery – Endocrine,60000–69999,63600,Remove spinal cord lesion,remove spinal cord lesion
Category I,Surgery – Endocrine,60000–69999,63610,Stimulation of spinal cord,stimulation of spinal cord
Category I,Surgery – Endocrine,60000–69999,63615,Remove lesion of spinal cord,remove lesion of spinal cord
Category I,Surgery – Endocrine,60000–69999,63650,Implant neuroelectrodes,implant neuroelectrodes
Category I,Surgery – Endocrine,60000–69999,63655,Implant neuroelectrodes,implant neuroelectrodes
Category I,Surgery – Endocrine,60000–69999,63660,Revise/remove neuroelectrode,revise/remove neuroelectrode
Category I,Surgery – Endocrine,60000–69999,63685,Insrt/redo spine n generator,insrt/redo spine n generator
Category I,Surgery – Endocrine,60000–69999,63688,Revise/remove neuroreceiver,revise/remove neuroreceiver
Category I,Surgery – Endocrine,60000–69999,63700,Repair of spinal herniation,repair of spinal herniation
Category I,Surgery – Endocrine,60000–69999,63702,Repair of spinal herniation,repair of spinal herniation
Category I,Surgery – Endocrine,60000–69999,63704,Repair of spinal herniation,repair of spinal herniation
Category I,Surgery – Endocrine,60000–69999,63706,Repair of spinal herniation,repair of spinal herniation
Category I,Surgery – Endocrine,60000–69999,63707,Repair spinal fluid leakage,repair spinal fluid leakage
Category I,Surgery – Endocrine,60000–69999,63709,Repair spinal fluid leakage,repair spinal fluid leakage
Category I,Surgery – Endocrine,60000–69999,63710,Graft repair of spine defect,graft repair of spine defect
Category I,Surgery – Endocrine,60000–69999,63740,Install spinal shunt,install spinal shunt
Category I,Surgery – Endocrine,60000–69999,63741,Install spinal shunt,install spinal shunt
Category I,Surgery – Endocrine,60000–69999,63744,Revision of spinal shunt,revision of spinal shunt
Category I,Surgery – Endocrine,60000–69999,63746,Removal of spinal shunt,removal of spinal shunt
Category I,Surgery – Endocrine,60000–69999,64400,"""N block inj, trigeminal""","""n block inj, trigeminal"""
Category I,Surgery – Endocrine,60000–69999,64402,"""N block inj, facial""","""n block inj, facial"""
Category I,Surgery – Endocrine,60000–69999,64405,"""N block inj, occipital""","""n block inj, occipital"""
Category I,Surgery – Endocrine,60000–69999,64408,"""N block inj, vagus""","""n block inj, vagus"""
Category I,Surgery – Endocrine,60000–69999,64410,"""N block inj, phrenic""","""n block inj, phrenic"""
Category I,Surgery – Endocrine,60000–69999,64412,"""N block inj, spinal accessor""","""n block inj, spinal accessor"""
Category I,Surgery – Endocrine,60000–69999,64413,"""N block inj, cervical plexus""","""n block inj, cervical plexus"""
Category I,Surgery – Endocrine,60000–69999,64415,"""N block inj, brachial plexus""","""n block inj, brachial plexus"""
Category I,Surgery – Endocrine,60000–69999,64416,"""N block cont infuse, b plex""","""n block cont infuse, b plex"""
Category I,Surgery – Endocrine,60000–69999,64417,"""N block inj, axillary""","""n block inj, axillary"""
Category I,Surgery – Endocrine,60000–69999,64418,"""N block inj, suprascapular""","""n block inj, suprascapular"""
Category I,Surgery – Endocrine,60000–69999,64420,"""N block inj, intercost, sng""","""n block inj, intercost, sng"""
Category I,Surgery – Endocrine,60000–69999,64421,"""N block inj, intercost, mlt""","""n block inj, intercost, mlt"""
Category I,Surgery – Endocrine,60000–69999,64425,"""N block inj, ilio-ing/hypogi""","""n block inj, ilio-ing/hypogi"""
Category I,Surgery – Endocrine,60000–69999,64430,"""N block inj, pudendal""","""n block inj, pudendal"""
Category I,Surgery – Endocrine,60000–69999,64435,"""N block inj, paracervical""","""n block inj, paracervical"""
Category I,Surgery – Endocrine,60000–69999,64445,"""N block inj, sciatic, sng""","""n block inj, sciatic, sng"""
Category I,Surgery – Endocrine,60000–69999,64446,"""N blk inj, sciatic, cont inf""","""n blk inj, sciatic, cont inf"""
Category I,Surgery – Endocrine,60000–69999,64447,"""N block inj fem, single""","""n block inj fem, single"""
Category I,Surgery – Endocrine,60000–69999,64448,"""N block inj fem, cont inf""","""n block inj fem, cont inf"""
Category I,Surgery – Endocrine,60000–69999,64449,"""N block inj, lumbar plexus""","""n block inj, lumbar plexus"""
Category I,Surgery – Endocrine,60000–69999,64450,"""N block, other peripheral""","""n block, other peripheral"""
Category I,Surgery – Endocrine,60000–69999,64470,Inj paravertebral c/t,inj paravertebral c/t
Category I,Surgery – Endocrine,60000–69999,64472,Inj paravertebral c/t add-on,inj paravertebral c/t add-on
Category I,Surgery – Endocrine,60000–69999,64475,Inj paravertebral l/s,inj paravertebral l/s
Category I,Surgery – Endocrine,60000–69999,64476,Inj paravertebral l/s add-on,inj paravertebral l/s add-on
Category I,Surgery – Endocrine,60000–69999,64479,Inj foramen epidural c/t,inj foramen epidural c/t
Category I,Surgery – Endocrine,60000–69999,64480,Inj foramen epidural add-on,inj foramen epidural add-on
Category I,Surgery – Endocrine,60000–69999,64483,Inj foramen epidural l/s,inj foramen epidural l/s
Category I,Surgery – Endocrine,60000–69999,64484,Inj foramen epidural add-on,inj foramen epidural add-on
Category I,Surgery – Endocrine,60000–69999,64505,"""N block, spenopalatine gangl""","""n block, spenopalatine gangl"""
Category I,Surgery – Endocrine,60000–69999,64508,"""N block, carotid sinus s/p""","""n block, carotid sinus s/p"""
Category I,Surgery – Endocrine,60000–69999,64510,"""N block, stellate ganglion""","""n block, stellate ganglion"""
Category I,Surgery – Endocrine,60000–69999,64517,"""N block inj, hypogas plxs""","""n block inj, hypogas plxs"""
Category I,Surgery – Endocrine,60000–69999,64520,"""N block, lumbar/thoracic""","""n block, lumbar/thoracic"""
Category I,Surgery – Endocrine,60000–69999,64530,"""N block inj, celiac pelus""","""n block inj, celiac pelus"""
Category I,Surgery – Endocrine,60000–69999,64550,Apply neurostimulator,apply neurostimulator
Category I,Surgery – Endocrine,60000–69999,64553,Implant neuroelectrodes,implant neuroelectrodes
Category I,Surgery – Endocrine,60000–69999,64555,Implant neuroelectrodes,implant neuroelectrodes
Category I,Surgery – Endocrine,60000–69999,64560,Implant neuroelectrodes,implant neuroelectrodes
Category I,Surgery – Endocrine,60000–69999,64561,Implant neuroelectrodes,implant neuroelectrodes
Category I,Surgery – Endocrine,60000–69999,64565,Implant neuroelectrodes,implant neuroelectrodes
Category I,Surgery – Endocrine,60000–69999,64573,Implant neuroelectrodes,implant neuroelectrodes
Category I,Surgery – Endocrine,60000–69999,64575,Implant neuroelectrodes,implant neuroelectrodes
Category I,Surgery – Endocrine,60000–69999,64577,Implant neuroelectrodes,implant neuroelectrodes
Category I,Surgery – Endocrine,60000–69999,64580,Implant neuroelectrodes,implant neuroelectrodes
Category I,Surgery – Endocrine,60000–69999,64581,Implant neuroelectrodes,implant neuroelectrodes
Category I,Surgery – Endocrine,60000–69999,64585,Revise/remove neuroelectrode,revise/remove neuroelectrode
Category I,Surgery – Endocrine,60000–69999,64590,Insrt/redo perph n generator,insrt/redo perph n generator
Category I,Surgery – Endocrine,60000–69999,64595,Revise/remove neuroreceiver,revise/remove neuroreceiver
Category I,Surgery – Endocrine,60000–69999,64600,Injection treatment of nerve,injection treatment of nerve
Category I,Surgery – Endocrine,60000–69999,64605,Injection treatment of nerve,injection treatment of nerve
Category I,Surgery – Endocrine,60000–69999,64610,Injection treatment of nerve,injection treatment of nerve
Category I,Surgery – Endocrine,60000–69999,64612,"""Destroy nerve, face muscle""","""destroy nerve, face muscle"""
Category I,Surgery – Endocrine,60000–69999,64613,"""Destroy nerve, spine muscle""","""destroy nerve, spine muscle"""
Category I,Surgery – Endocrine,60000–69999,64614,"""Destroy nerve, extrem musc""","""destroy nerve, extrem musc"""
Category I,Surgery – Endocrine,60000–69999,64620,Injection treatment of nerve,injection treatment of nerve
Category I,Surgery – Endocrine,60000–69999,64622,Destr paravertebrl nerve l/s,destr paravertebrl nerve l/s
Category I,Surgery – Endocrine,60000–69999,64623,Destr paravertebral n add-on,destr paravertebral n add-on
Category I,Surgery – Endocrine,60000–69999,64626,Destr paravertebrl nerve c/t,destr paravertebrl nerve c/t
Category I,Surgery – Endocrine,60000–69999,64627,Destr paravertebral n add-on,destr paravertebral n add-on
Category I,Surgery – Endocrine,60000–69999,64630,Injection treatment of nerve,injection treatment of nerve
Category I,Surgery – Endocrine,60000–69999,64640,Injection treatment of nerve,injection treatment of nerve
Category I,Surgery – Endocrine,60000–69999,64680,Injection treatment of nerve,injection treatment of nerve
Category I,Surgery – Endocrine,60000–69999,64681,Injection treatment of nerve,injection treatment of nerve
Category I,Surgery – Endocrine,60000–69999,64702,Revise finger/toe nerve,revise finger/toe nerve
Category I,Surgery – Endocrine,60000–69999,64704,Revise hand/foot nerve,revise hand/foot nerve
Category I,Surgery – Endocrine,60000–69999,64708,Revise arm/leg nerve,revise arm/leg nerve
Category I,Surgery – Endocrine,60000–69999,64712,Revision of sciatic nerve,revision of sciatic nerve
Category I,Surgery – Endocrine,60000–69999,64713,Revision of arm nerve(s),revision of arm nerve(s)
Category I,Surgery – Endocrine,60000–69999,64714,Revise low back nerve(s),revise low back nerve(s)
Category I,Surgery – Endocrine,60000–69999,64716,Revision of cranial nerve,revision of cranial nerve
Category I,Surgery – Endocrine,60000–69999,64718,Revise ulnar nerve at elbow,revise ulnar nerve at elbow
Category I,Surgery – Endocrine,60000–69999,64719,Revise ulnar nerve at wrist,revise ulnar nerve at wrist
Category I,Surgery – Endocrine,60000–69999,64721,Carpal tunnel surgery,carpal tunnel surgery
Category I,Surgery – Endocrine,60000–69999,64722,Relieve pressure on nerve(s),relieve pressure on nerve(s)
Category I,Surgery – Endocrine,60000–69999,64726,Release foot/toe nerve,release foot/toe nerve
Category I,Surgery – Endocrine,60000–69999,64727,Internal nerve revision,internal nerve revision
Category I,Surgery – Endocrine,60000–69999,64732,Incision of brow nerve,incision of brow nerve
Category I,Surgery – Endocrine,60000–69999,64734,Incision of cheek nerve,incision of cheek nerve
Category I,Surgery – Endocrine,60000–69999,64736,Incision of chin nerve,incision of chin nerve
Category I,Surgery – Endocrine,60000–69999,64738,Incision of jaw nerve,incision of jaw nerve
Category I,Surgery – Endocrine,60000–69999,64740,Incision of tongue nerve,incision of tongue nerve
Category I,Surgery – Endocrine,60000–69999,64742,Incision of facial nerve,incision of facial nerve
Category I,Surgery – Endocrine,60000–69999,64744,"""Incise nerve, back of head""","""incise nerve, back of head"""
Category I,Surgery – Endocrine,60000–69999,64746,Incise diaphragm nerve,incise diaphragm nerve
Category I,Surgery – Endocrine,60000–69999,64752,Incision of vagus nerve,incision of vagus nerve
Category I,Surgery – Endocrine,60000–69999,64755,Incision of stomach nerves,incision of stomach nerves
Category I,Surgery – Endocrine,60000–69999,64760,Incision of vagus nerve,incision of vagus nerve
Category I,Surgery – Endocrine,60000–69999,64761,Incision of pelvis nerve,incision of pelvis nerve
Category I,Surgery – Endocrine,60000–69999,64763,Incise hip/thigh nerve,incise hip/thigh nerve
Category I,Surgery – Endocrine,60000–69999,64766,Incise hip/thigh nerve,incise hip/thigh nerve
Category I,Surgery – Endocrine,60000–69999,64771,Sever cranial nerve,sever cranial nerve
Category I,Surgery – Endocrine,60000–69999,64772,Incision of spinal nerve,incision of spinal nerve
Category I,Surgery – Endocrine,60000–69999,64774,Remove skin nerve lesion,remove skin nerve lesion
Category I,Surgery – Endocrine,60000–69999,64776,Remove digit nerve lesion,remove digit nerve lesion
Category I,Surgery – Endocrine,60000–69999,64778,Digit nerve surgery add-on,digit nerve surgery add-on
Category I,Surgery – Endocrine,60000–69999,64782,Remove limb nerve lesion,remove limb nerve lesion
Category I,Surgery – Endocrine,60000–69999,64783,Limb nerve surgery add-on,limb nerve surgery add-on
Category I,Surgery – Endocrine,60000–69999,64784,Remove nerve lesion,remove nerve lesion
Category I,Surgery – Endocrine,60000–69999,64786,Remove sciatic nerve lesion,remove sciatic nerve lesion
Category I,Surgery – Endocrine,60000–69999,64787,Implant nerve end,implant nerve end
Category I,Surgery – Endocrine,60000–69999,64788,Remove skin nerve lesion,remove skin nerve lesion
Category I,Surgery – Endocrine,60000–69999,64790,Removal of nerve lesion,removal of nerve lesion
Category I,Surgery – Endocrine,60000–69999,64792,Removal of nerve lesion,removal of nerve lesion
Category I,Surgery – Endocrine,60000–69999,64795,Biopsy of nerve,biopsy of nerve
Category I,Surgery – Endocrine,60000–69999,64802,Remove sympathetic nerves,remove sympathetic nerves
Category I,Surgery – Endocrine,60000–69999,64804,Remove sympathetic nerves,remove sympathetic nerves
Category I,Surgery – Endocrine,60000–69999,64809,Remove sympathetic nerves,remove sympathetic nerves
Category I,Surgery – Endocrine,60000–69999,64818,Remove sympathetic nerves,remove sympathetic nerves
Category I,Surgery – Endocrine,60000–69999,64820,Remove sympathetic nerves,remove sympathetic nerves
Category I,Surgery – Endocrine,60000–69999,64821,Remove sympathetic nerves,remove sympathetic nerves
Category I,Surgery – Endocrine,60000–69999,64822,Remove sympathetic nerves,remove sympathetic nerves
Category I,Surgery – Endocrine,60000–69999,64823,Remove sympathetic nerves,remove sympathetic nerves
Category I,Surgery – Endocrine,60000–69999,64831,Repair of digit nerve,repair of digit nerve
Category I,Surgery – Endocrine,60000–69999,64832,Repair nerve add-on,repair nerve add-on
Category I,Surgery – Endocrine,60000–69999,64834,Repair of hand or foot nerve,repair of hand or foot nerve
Category I,Surgery – Endocrine,60000–69999,64835,Repair of hand or foot nerve,repair of hand or foot nerve
Category I,Surgery – Endocrine,60000–69999,64836,Repair of hand or foot nerve,repair of hand or foot nerve
Category I,Surgery – Endocrine,60000–69999,64837,Repair nerve add-on,repair nerve add-on
Category I,Surgery – Endocrine,60000–69999,64840,Repair of leg nerve,repair of leg nerve
Category I,Surgery – Endocrine,60000–69999,64856,Repair/transpose nerve,repair/transpose nerve
Category I,Surgery – Endocrine,60000–69999,64857,Repair arm/leg nerve,repair arm/leg nerve
Category I,Surgery – Endocrine,60000–69999,64858,Repair sciatic nerve,repair sciatic nerve
Category I,Surgery – Endocrine,60000–69999,64859,Nerve surgery,nerve surgery
Category I,Surgery – Endocrine,60000–69999,64861,Repair of arm nerves,repair of arm nerves
Category I,Surgery – Endocrine,60000–69999,64862,Repair of low back nerves,repair of low back nerves
Category I,Surgery – Endocrine,60000–69999,64864,Repair of facial nerve,repair of facial nerve
Category I,Surgery – Endocrine,60000–69999,64865,Repair of facial nerve,repair of facial nerve
Category I,Surgery – Endocrine,60000–69999,64866,Fusion of facial/other nerve,fusion of facial/other nerve
Category I,Surgery – Endocrine,60000–69999,64868,Fusion of facial/other nerve,fusion of facial/other nerve
Category I,Surgery – Endocrine,60000–69999,64870,Fusion of facial/other nerve,fusion of facial/other nerve
Category I,Surgery – Endocrine,60000–69999,64872,Subsequent repair of nerve,subsequent repair of nerve
Category I,Surgery – Endocrine,60000–69999,64874,Repair & revise nerve add-on,repair & revise nerve add-on
Category I,Surgery – Endocrine,60000–69999,64876,Repair nerve/shorten bone,repair nerve/shorten bone
Category I,Surgery – Endocrine,60000–69999,64885,"""Nerve graft, head or neck""","""nerve graft, head or neck"""
Category I,Surgery – Endocrine,60000–69999,64886,"""Nerve graft, head or neck""","""nerve graft, head or neck"""
Category I,Surgery – Endocrine,60000–69999,64890,"""Nerve graft, hand or foot""","""nerve graft, hand or foot"""
Category I,Surgery – Endocrine,60000–69999,64891,"""Nerve graft, hand or foot""","""nerve graft, hand or foot"""
Category I,Surgery – Endocrine,60000–69999,64892,"""Nerve graft, arm or leg""","""nerve graft, arm or leg"""
Category I,Surgery – Endocrine,60000–69999,64893,"""Nerve graft, arm or leg""","""nerve graft, arm or leg"""
Category I,Surgery – Endocrine,60000–69999,64895,"""Nerve graft, hand or foot""","""nerve graft, hand or foot"""
Category I,Surgery – Endocrine,60000–69999,64896,"""Nerve graft, hand or foot""","""nerve graft, hand or foot"""
Category I,Surgery – Endocrine,60000–69999,64897,"""Nerve graft, arm or leg""","""nerve graft, arm or leg"""
Category I,Surgery – Endocrine,60000–69999,64898,"""Nerve graft, arm or leg""","""nerve graft, arm or leg"""
Category I,Surgery – Endocrine,60000–69999,64901,Nerve graft add-on,nerve graft add-on
Category I,Surgery – Endocrine,60000–69999,64902,Nerve graft add-on,nerve graft add-on
Category I,Surgery – Endocrine,60000–69999,64905,Nerve pedicle transfer,nerve pedicle transfer
Category I,Surgery – Endocrine,60000–69999,64907,Nerve pedicle transfer,nerve pedicle transfer
Category I,Surgery – Endocrine,60000–69999,64999,Nervous system surgery,nervous system surgery
Category I,Surgery – Endocrine,60000–69999,65091,Revise eye,revise eye
Category I,Surgery – Endocrine,60000–69999,65093,Revise eye with implant,revise eye with implant
Category I,Surgery – Endocrine,60000–69999,65101,Removal of eye,removal of eye
Category I,Surgery – Endocrine,60000–69999,65103,Remove eye/insert implant,remove eye/insert implant
Category I,Surgery – Endocrine,60000–69999,65105,Remove eye/attach implant,remove eye/attach implant
Category I,Surgery – Endocrine,60000–69999,65110,Removal of eye,removal of eye
Category I,Surgery – Endocrine,60000–69999,65112,Remove eye/revise socket,remove eye/revise socket
Category I,Surgery – Endocrine,60000–69999,65114,Remove eye/revise socket,remove eye/revise socket
Category I,Surgery – Endocrine,60000–69999,65125,Revise ocular implant,revise ocular implant
Category I,Surgery – Endocrine,60000–69999,65130,Insert ocular implant,insert ocular implant
Category I,Surgery – Endocrine,60000–69999,65135,Insert ocular implant,insert ocular implant
Category I,Surgery – Endocrine,60000–69999,65140,Attach ocular implant,attach ocular implant
Category I,Surgery – Endocrine,60000–69999,65150,Revise ocular implant,revise ocular implant
Category I,Surgery – Endocrine,60000–69999,65155,Reinsert ocular implant,reinsert ocular implant
Category I,Surgery – Endocrine,60000–69999,65175,Removal of ocular implant,removal of ocular implant
Category I,Surgery – Endocrine,60000–69999,65205,Remove foreign body from eye,remove foreign body from eye
Category I,Surgery – Endocrine,60000–69999,65210,Remove foreign body from eye,remove foreign body from eye
Category I,Surgery – Endocrine,60000–69999,65220,Remove foreign body from eye,remove foreign body from eye
Category I,Surgery – Endocrine,60000–69999,65222,Remove foreign body from eye,remove foreign body from eye
Category I,Surgery – Endocrine,60000–69999,65235,Remove foreign body from eye,remove foreign body from eye
Category I,Surgery – Endocrine,60000–69999,65260,Remove foreign body from eye,remove foreign body from eye
Category I,Surgery – Endocrine,60000–69999,65265,Remove foreign body from eye,remove foreign body from eye
Category I,Surgery – Endocrine,60000–69999,65270,Repair of eye wound,repair of eye wound
Category I,Surgery – Endocrine,60000–69999,65272,Repair of eye wound,repair of eye wound
Category I,Surgery – Endocrine,60000–69999,65273,Repair of eye wound,repair of eye wound
Category I,Surgery – Endocrine,60000–69999,65275,Repair of eye wound,repair of eye wound
Category I,Surgery – Endocrine,60000–69999,65280,Repair of eye wound,repair of eye wound
Category I,Surgery – Endocrine,60000–69999,65285,Repair of eye wound,repair of eye wound
Category I,Surgery – Endocrine,60000–69999,65286,Repair of eye wound,repair of eye wound
Category I,Surgery – Endocrine,60000–69999,65290,Repair of eye socket wound,repair of eye socket wound
Category I,Surgery – Endocrine,60000–69999,65400,Removal of eye lesion,removal of eye lesion
Category I,Surgery – Endocrine,60000–69999,65410,Biopsy of cornea,biopsy of cornea
Category I,Surgery – Endocrine,60000–69999,65420,Removal of eye lesion,removal of eye lesion
Category I,Surgery – Endocrine,60000–69999,65426,Removal of eye lesion,removal of eye lesion
Category I,Surgery – Endocrine,60000–69999,65430,Corneal smear,corneal smear
Category I,Surgery – Endocrine,60000–69999,65435,Curette/treat cornea,curette/treat cornea
Category I,Surgery – Endocrine,60000–69999,65436,Curette/treat cornea,curette/treat cornea
Category I,Surgery – Endocrine,60000–69999,65450,Treatment of corneal lesion,treatment of corneal lesion
Category I,Surgery – Endocrine,60000–69999,65600,Revision of cornea,revision of cornea
Category I,Surgery – Endocrine,60000–69999,65710,Corneal transplant,corneal transplant
Category I,Surgery – Endocrine,60000–69999,65730,Corneal transplant,corneal transplant
Category I,Surgery – Endocrine,60000–69999,65750,Corneal transplant,corneal transplant
Category I,Surgery – Endocrine,60000–69999,65755,Corneal transplant,corneal transplant
Category I,Surgery – Endocrine,60000–69999,65760,Revision of cornea,revision of cornea
Category I,Surgery – Endocrine,60000–69999,65765,Revision of cornea,revision of cornea
Category I,Surgery – Endocrine,60000–69999,65767,Corneal tissue transplant,corneal tissue transplant
Category I,Surgery – Endocrine,60000–69999,65770,Revise cornea with implant,revise cornea with implant
Category I,Surgery – Endocrine,60000–69999,65771,Radial keratotomy,radial keratotomy
Category I,Surgery – Endocrine,60000–69999,65772,Correction of astigmatism,correction of astigmatism
Category I,Surgery – Endocrine,60000–69999,65775,Correction of astigmatism,correction of astigmatism
Category I,Surgery – Endocrine,60000–69999,65780,"""Ocular reconst, transplant""","""ocular reconst, transplant"""
Category I,Surgery – Endocrine,60000–69999,65781,"""Ocular reconst, transplant""","""ocular reconst, transplant"""
Category I,Surgery – Endocrine,60000–69999,65782,"""Ocular reconst, transplant""","""ocular reconst, transplant"""
Category I,Surgery – Endocrine,60000–69999,65800,Drainage of eye,drainage of eye
Category I,Surgery – Endocrine,60000–69999,65805,Drainage of eye,drainage of eye
Category I,Surgery – Endocrine,60000–69999,65810,Drainage of eye,drainage of eye
Category I,Surgery – Endocrine,60000–69999,65815,Drainage of eye,drainage of eye
Category I,Surgery – Endocrine,60000–69999,65820,Relieve inner eye pressure,relieve inner eye pressure
Category I,Surgery – Endocrine,60000–69999,65850,Incision of eye,incision of eye
Category I,Surgery – Endocrine,60000–69999,65855,Laser surgery of eye,laser surgery of eye
Category I,Surgery – Endocrine,60000–69999,65860,Incise inner eye adhesions,incise inner eye adhesions
Category I,Surgery – Endocrine,60000–69999,65865,Incise inner eye adhesions,incise inner eye adhesions
Category I,Surgery – Endocrine,60000–69999,65870,Incise inner eye adhesions,incise inner eye adhesions
Category I,Surgery – Endocrine,60000–69999,65875,Incise inner eye adhesions,incise inner eye adhesions
Category I,Surgery – Endocrine,60000–69999,65880,Incise inner eye adhesions,incise inner eye adhesions
Category I,Surgery – Endocrine,60000–69999,65900,Remove eye lesion,remove eye lesion
Category I,Surgery – Endocrine,60000–69999,65920,Remove implant of eye,remove implant of eye
Category I,Surgery – Endocrine,60000–69999,65930,Remove blood clot from eye,remove blood clot from eye
Category I,Surgery – Endocrine,60000–69999,66020,Injection treatment of eye,injection treatment of eye
Category I,Surgery – Endocrine,60000–69999,66030,Injection treatment of eye,injection treatment of eye
Category I,Surgery – Endocrine,60000–69999,66130,Remove eye lesion,remove eye lesion
Category I,Surgery – Endocrine,60000–69999,66150,Glaucoma surgery,glaucoma surgery
Category I,Surgery – Endocrine,60000–69999,66155,Glaucoma surgery,glaucoma surgery
Category I,Surgery – Endocrine,60000–69999,66160,Glaucoma surgery,glaucoma surgery
Category I,Surgery – Endocrine,60000–69999,66165,Glaucoma surgery,glaucoma surgery
Category I,Surgery – Endocrine,60000–69999,66170,Glaucoma surgery,glaucoma surgery
Category I,Surgery – Endocrine,60000–69999,66172,Incision of eye,incision of eye
Category I,Surgery – Endocrine,60000–69999,66180,Implant eye shunt,implant eye shunt
Category I,Surgery – Endocrine,60000–69999,66185,Revise eye shunt,revise eye shunt
Category I,Surgery – Endocrine,60000–69999,66220,Repair eye lesion,repair eye lesion
Category I,Surgery – Endocrine,60000–69999,66225,Repair/graft eye lesion,repair/graft eye lesion
Category I,Surgery – Endocrine,60000–69999,66250,Follow-up surgery of eye,follow-up surgery of eye
Category I,Surgery – Endocrine,60000–69999,66500,Incision of iris,incision of iris
Category I,Surgery – Endocrine,60000–69999,66505,Incision of iris,incision of iris
Category I,Surgery – Endocrine,60000–69999,66600,Remove iris and lesion,remove iris and lesion
Category I,Surgery – Endocrine,60000–69999,66605,Removal of iris,removal of iris
Category I,Surgery – Endocrine,60000–69999,66625,Removal of iris,removal of iris
Category I,Surgery – Endocrine,60000–69999,66630,Removal of iris,removal of iris
Category I,Surgery – Endocrine,60000–69999,66635,Removal of iris,removal of iris
Category I,Surgery – Endocrine,60000–69999,66680,Repair iris & ciliary body,repair iris & ciliary body
Category I,Surgery – Endocrine,60000–69999,66682,Repair iris & ciliary body,repair iris & ciliary body
Category I,Surgery – Endocrine,60000–69999,66700,"""Destruction, ciliary body""","""destruction, ciliary body"""
Category I,Surgery – Endocrine,60000–69999,66710,Ciliary transsleral therapy,ciliary transsleral therapy
Category I,Surgery – Endocrine,60000–69999,66711,Ciliary endoscopic ablation,ciliary endoscopic ablation
Category I,Surgery – Endocrine,60000–69999,66720,"""Destruction, ciliary body""","""destruction, ciliary body"""
Category I,Surgery – Endocrine,60000–69999,66740,"""Destruction, ciliary body""","""destruction, ciliary body"""
Category I,Surgery – Endocrine,60000–69999,66761,Revision of iris,revision of iris
Category I,Surgery – Endocrine,60000–69999,66762,Revision of iris,revision of iris
Category I,Surgery – Endocrine,60000–69999,66770,Removal of inner eye lesion,removal of inner eye lesion
Category I,Surgery – Endocrine,60000–69999,66820,"""Incision, secondary cataract""","""incision, secondary cataract"""
Category I,Surgery – Endocrine,60000–69999,66821,After cataract laser surgery,after cataract laser surgery
Category I,Surgery – Endocrine,60000–69999,66825,Reposition intraocular lens,reposition intraocular lens
Category I,Surgery – Endocrine,60000–69999,66830,Removal of lens lesion,removal of lens lesion
Category I,Surgery – Endocrine,60000–69999,66840,Removal of lens material,removal of lens material
Category I,Surgery – Endocrine,60000–69999,66850,Removal of lens material,removal of lens material
Category I,Surgery – Endocrine,60000–69999,66852,Removal of lens material,removal of lens material
Category I,Surgery – Endocrine,60000–69999,66920,Extraction of lens,extraction of lens
Category I,Surgery – Endocrine,60000–69999,66930,Extraction of lens,extraction of lens
Category I,Surgery – Endocrine,60000–69999,66940,Extraction of lens,extraction of lens
Category I,Surgery – Endocrine,60000–69999,66982,"""Cataract surgery, complex""","""cataract surgery, complex"""
Category I,Surgery – Endocrine,60000–69999,66983,"""Cataract surg w/iol, 1 stage""","""cataract surg w/iol, 1 stage"""
Category I,Surgery – Endocrine,60000–69999,66984,"""Cataract surg w/iol, 1 stage""","""cataract surg w/iol, 1 stage"""
Category I,Surgery – Endocrine,60000–69999,66985,Insert lens prosthesis,insert lens prosthesis
Category I,Surgery – Endocrine,60000–69999,66986,Exchange lens prosthesis,exchange lens prosthesis
Category I,Surgery – Endocrine,60000–69999,66990,Ophthalmic endoscope add-on,ophthalmic endoscope add-on
Category I,Surgery – Endocrine,60000–69999,66999,Eye surgery procedure,eye surgery procedure
Category I,Surgery – Endocrine,60000–69999,67005,Partial removal of eye fluid,partial removal of eye fluid
Category I,Surgery – Endocrine,60000–69999,67010,Partial removal of eye fluid,partial removal of eye fluid
Category I,Surgery – Endocrine,60000–69999,67015,Release of eye fluid,release of eye fluid
Category I,Surgery – Endocrine,60000–69999,67025,Replace eye fluid,replace eye fluid
Category I,Surgery – Endocrine,60000–69999,67027,Implant eye drug system,implant eye drug system
Category I,Surgery – Endocrine,60000–69999,67028,Injection eye drug,injection eye drug
Category I,Surgery – Endocrine,60000–69999,67030,Incise inner eye strands,incise inner eye strands
Category I,Surgery – Endocrine,60000–69999,67031,"""Laser surgery, eye strands""","""laser surgery, eye strands"""
Category I,Surgery – Endocrine,60000–69999,67036,Removal of inner eye fluid,removal of inner eye fluid
Category I,Surgery – Endocrine,60000–69999,67038,Strip retinal membrane,strip retinal membrane
Category I,Surgery – Endocrine,60000–69999,67039,Laser treatment of retina,laser treatment of retina
Category I,Surgery – Endocrine,60000–69999,67040,Laser treatment of retina,laser treatment of retina
Category I,Surgery – Endocrine,60000–69999,67101,Repair detached retina,repair detached retina
Category I,Surgery – Endocrine,60000–69999,67105,Repair detached retina,repair detached retina
Category I,Surgery – Endocrine,60000–69999,67107,Repair detached retina,repair detached retina
Category I,Surgery – Endocrine,60000–69999,67108,Repair detached retina,repair detached retina
Category I,Surgery – Endocrine,60000–69999,67110,Repair detached retina,repair detached retina
Category I,Surgery – Endocrine,60000–69999,67112,Rerepair detached retina,rerepair detached retina
Category I,Surgery – Endocrine,60000–69999,67115,Release encircling material,release encircling material
Category I,Surgery – Endocrine,60000–69999,67120,Remove eye implant material,remove eye implant material
Category I,Surgery – Endocrine,60000–69999,67121,Remove eye implant material,remove eye implant material
Category I,Surgery – Endocrine,60000–69999,67141,Treatment of retina,treatment of retina
Category I,Surgery – Endocrine,60000–69999,67145,Treatment of retina,treatment of retina
Category I,Surgery – Endocrine,60000–69999,67208,Treatment of retinal lesion,treatment of retinal lesion
Category I,Surgery – Endocrine,60000–69999,67210,Treatment of retinal lesion,treatment of retinal lesion
Category I,Surgery – Endocrine,60000–69999,67218,Treatment of retinal lesion,treatment of retinal lesion
Category I,Surgery – Endocrine,60000–69999,67220,Treatment of choroid lesion,treatment of choroid lesion
Category I,Surgery – Endocrine,60000–69999,67221,Ocular photodynamic ther,ocular photodynamic ther
Category I,Surgery – Endocrine,60000–69999,67225,Eye photodynamic ther add-on,eye photodynamic ther add-on
Category I,Surgery – Endocrine,60000–69999,67227,Treatment of retinal lesion,treatment of retinal lesion
Category I,Surgery – Endocrine,60000–69999,67228,Treatment of retinal lesion,treatment of retinal lesion
Category I,Surgery – Endocrine,60000–69999,67250,Reinforce eye wall,reinforce eye wall
Category I,Surgery – Endocrine,60000–69999,67255,Reinforce/graft eye wall,reinforce/graft eye wall
Category I,Surgery – Endocrine,60000–69999,67299,Eye surgery procedure,eye surgery procedure
Category I,Surgery – Endocrine,60000–69999,67311,Revise eye muscle,revise eye muscle
Category I,Surgery – Endocrine,60000–69999,67312,Revise two eye muscles,revise two eye muscles
Category I,Surgery – Endocrine,60000–69999,67314,Revise eye muscle,revise eye muscle
Category I,Surgery – Endocrine,60000–69999,67316,Revise two eye muscles,revise two eye muscles
Category I,Surgery – Endocrine,60000–69999,67318,Revise eye muscle(s),revise eye muscle(s)
Category I,Surgery – Endocrine,60000–69999,67320,Revise eye muscle(s) add-on,revise eye muscle(s) add-on
Category I,Surgery – Endocrine,60000–69999,67331,Eye surgery follow-up add-on,eye surgery follow-up add-on
Category I,Surgery – Endocrine,60000–69999,67332,Rerevise eye muscles add-on,rerevise eye muscles add-on
Category I,Surgery – Endocrine,60000–69999,67334,Revise eye muscle w/suture,revise eye muscle w/suture
Category I,Surgery – Endocrine,60000–69999,67335,Eye suture during surgery,eye suture during surgery
Category I,Surgery – Endocrine,60000–69999,67340,Revise eye muscle add-on,revise eye muscle add-on
Category I,Surgery – Endocrine,60000–69999,67343,Release eye tissue,release eye tissue
Category I,Surgery – Endocrine,60000–69999,67345,Destroy nerve of eye muscle,destroy nerve of eye muscle
Category I,Surgery – Endocrine,60000–69999,67350,Biopsy eye muscle,biopsy eye muscle
Category I,Surgery – Endocrine,60000–69999,67399,Eye muscle surgery procedure,eye muscle surgery procedure
Category I,Surgery – Endocrine,60000–69999,67400,Explore/biopsy eye socket,explore/biopsy eye socket
Category I,Surgery – Endocrine,60000–69999,67405,Explore/drain eye socket,explore/drain eye socket
Category I,Surgery – Endocrine,60000–69999,67412,Explore/treat eye socket,explore/treat eye socket
Category I,Surgery – Endocrine,60000–69999,67413,Explore/treat eye socket,explore/treat eye socket
Category I,Surgery – Endocrine,60000–69999,67414,Explr/decompress eye socket,explr/decompress eye socket
Category I,Surgery – Endocrine,60000–69999,67415,"""Aspiration, orbital contents""","""aspiration, orbital contents"""
Category I,Surgery – Endocrine,60000–69999,67420,Explore/treat eye socket,explore/treat eye socket
Category I,Surgery – Endocrine,60000–69999,67430,Explore/treat eye socket,explore/treat eye socket
Category I,Surgery – Endocrine,60000–69999,67440,Explore/drain eye socket,explore/drain eye socket
Category I,Surgery – Endocrine,60000–69999,67445,Explr/decompress eye socket,explr/decompress eye socket
Category I,Surgery – Endocrine,60000–69999,67450,Explore/biopsy eye socket,explore/biopsy eye socket
Category I,Surgery – Endocrine,60000–69999,67500,Inject/treat eye socket,inject/treat eye socket
Category I,Surgery – Endocrine,60000–69999,67505,Inject/treat eye socket,inject/treat eye socket
Category I,Surgery – Endocrine,60000–69999,67515,Inject/treat eye socket,inject/treat eye socket
Category I,Surgery – Endocrine,60000–69999,67550,Insert eye socket implant,insert eye socket implant
Category I,Surgery – Endocrine,60000–69999,67560,Revise eye socket implant,revise eye socket implant
Category I,Surgery – Endocrine,60000–69999,67570,Decompress optic nerve,decompress optic nerve
Category I,Surgery – Endocrine,60000–69999,67599,Orbit surgery procedure,orbit surgery procedure
Category I,Surgery – Endocrine,60000–69999,67700,Drainage of eyelid abscess,drainage of eyelid abscess
Category I,Surgery – Endocrine,60000–69999,67710,Incision of eyelid,incision of eyelid
Category I,Surgery – Endocrine,60000–69999,67715,Incision of eyelid fold,incision of eyelid fold
Category I,Surgery – Endocrine,60000–69999,67800,Remove eyelid lesion,remove eyelid lesion
Category I,Surgery – Endocrine,60000–69999,67801,Remove eyelid lesions,remove eyelid lesions
Category I,Surgery – Endocrine,60000–69999,67805,Remove eyelid lesions,remove eyelid lesions
Category I,Surgery – Endocrine,60000–69999,67808,Remove eyelid lesion(s),remove eyelid lesion(s)
Category I,Surgery – Endocrine,60000–69999,67810,Biopsy of eyelid,biopsy of eyelid
Category I,Surgery – Endocrine,60000–69999,67820,Revise eyelashes,revise eyelashes
Category I,Surgery – Endocrine,60000–69999,67825,Revise eyelashes,revise eyelashes
Category I,Surgery – Endocrine,60000–69999,67830,Revise eyelashes,revise eyelashes
Category I,Surgery – Endocrine,60000–69999,67835,Revise eyelashes,revise eyelashes
Category I,Surgery – Endocrine,60000–69999,67840,Remove eyelid lesion,remove eyelid lesion
Category I,Surgery – Endocrine,60000–69999,67850,Treat eyelid lesion,treat eyelid lesion
Category I,Surgery – Endocrine,60000–69999,67875,Closure of eyelid by suture,closure of eyelid by suture
Category I,Surgery – Endocrine,60000–69999,67880,Revision of eyelid,revision of eyelid
Category I,Surgery – Endocrine,60000–69999,67882,Revision of eyelid,revision of eyelid
Category I,Surgery – Endocrine,60000–69999,67900,Repair brow defect,repair brow defect
Category I,Surgery – Endocrine,60000–69999,67901,Repair eyelid defect,repair eyelid defect
Category I,Surgery – Endocrine,60000–69999,67902,Repair eyelid defect,repair eyelid defect
Category I,Surgery – Endocrine,60000–69999,67903,Repair eyelid defect,repair eyelid defect
Category I,Surgery – Endocrine,60000–69999,67904,Repair eyelid defect,repair eyelid defect
Category I,Surgery – Endocrine,60000–69999,67906,Repair eyelid defect,repair eyelid defect
Category I,Surgery – Endocrine,60000–69999,67908,Repair eyelid defect,repair eyelid defect
Category I,Surgery – Endocrine,60000–69999,67909,Revise eyelid defect,revise eyelid defect
Category I,Surgery – Endocrine,60000–69999,67911,Revise eyelid defect,revise eyelid defect
Category I,Surgery – Endocrine,60000–69999,67912,Correction eyelid w/implant,correction eyelid w/implant
Category I,Surgery – Endocrine,60000–69999,67914,Repair eyelid defect,repair eyelid defect
Category I,Surgery – Endocrine,60000–69999,67915,Repair eyelid defect,repair eyelid defect
Category I,Surgery – Endocrine,60000–69999,67916,Repair eyelid defect,repair eyelid defect
Category I,Surgery – Endocrine,60000–69999,67917,Repair eyelid defect,repair eyelid defect
Category I,Surgery – Endocrine,60000–69999,67921,Repair eyelid defect,repair eyelid defect
Category I,Surgery – Endocrine,60000–69999,67922,Repair eyelid defect,repair eyelid defect
Category I,Surgery – Endocrine,60000–69999,67923,Repair eyelid defect,repair eyelid defect
Category I,Surgery – Endocrine,60000–69999,67924,Repair eyelid defect,repair eyelid defect
Category I,Surgery – Endocrine,60000–69999,67930,Repair eyelid wound,repair eyelid wound
Category I,Surgery – Endocrine,60000–69999,67935,Repair eyelid wound,repair eyelid wound
Category I,Surgery – Endocrine,60000–69999,67938,Remove eyelid foreign body,remove eyelid foreign body
Category I,Surgery – Endocrine,60000–69999,67950,Revision of eyelid,revision of eyelid
Category I,Surgery – Endocrine,60000–69999,67961,Revision of eyelid,revision of eyelid
Category I,Surgery – Endocrine,60000–69999,67966,Revision of eyelid,revision of eyelid
Category I,Surgery – Endocrine,60000–69999,67971,Reconstruction of eyelid,reconstruction of eyelid
Category I,Surgery – Endocrine,60000–69999,67973,Reconstruction of eyelid,reconstruction of eyelid
Category I,Surgery – Endocrine,60000–69999,67974,Reconstruction of eyelid,reconstruction of eyelid
Category I,Surgery – Endocrine,60000–69999,67975,Reconstruction of eyelid,reconstruction of eyelid
Category I,Surgery – Endocrine,60000–69999,67999,Revision of eyelid,revision of eyelid
Category I,Surgery – Endocrine,60000–69999,68020,Incise/drain eyelid lining,incise/drain eyelid lining
Category I,Surgery – Endocrine,60000–69999,68040,Treatment of eyelid lesions,treatment of eyelid lesions
Category I,Surgery – Endocrine,60000–69999,68100,Biopsy of eyelid lining,biopsy of eyelid lining
Category I,Surgery – Endocrine,60000–69999,68110,Remove eyelid lining lesion,remove eyelid lining lesion
Category I,Surgery – Endocrine,60000–69999,68115,Remove eyelid lining lesion,remove eyelid lining lesion
Category I,Surgery – Endocrine,60000–69999,68130,Remove eyelid lining lesion,remove eyelid lining lesion
Category I,Surgery – Endocrine,60000–69999,68135,Remove eyelid lining lesion,remove eyelid lining lesion
Category I,Surgery – Endocrine,60000–69999,68200,Treat eyelid by injection,treat eyelid by injection
Category I,Surgery – Endocrine,60000–69999,68320,Revise/graft eyelid lining,revise/graft eyelid lining
Category I,Surgery – Endocrine,60000–69999,68325,Revise/graft eyelid lining,revise/graft eyelid lining
Category I,Surgery – Endocrine,60000–69999,68326,Revise/graft eyelid lining,revise/graft eyelid lining
Category I,Surgery – Endocrine,60000–69999,68328,Revise/graft eyelid lining,revise/graft eyelid lining
Category I,Surgery – Endocrine,60000–69999,68330,Revise eyelid lining,revise eyelid lining
Category I,Surgery – Endocrine,60000–69999,68335,Revise/graft eyelid lining,revise/graft eyelid lining
Category I,Surgery – Endocrine,60000–69999,68340,Separate eyelid adhesions,separate eyelid adhesions
Category I,Surgery – Endocrine,60000–69999,68360,Revise eyelid lining,revise eyelid lining
Category I,Surgery – Endocrine,60000–69999,68362,Revise eyelid lining,revise eyelid lining
Category I,Surgery – Endocrine,60000–69999,68371,"""Harvest eye tissue, alograft""","""harvest eye tissue, alograft"""
Category I,Surgery – Endocrine,60000–69999,68399,Eyelid lining surgery,eyelid lining surgery
Category I,Surgery – Endocrine,60000–69999,68400,Incise/drain tear gland,incise/drain tear gland
Category I,Surgery – Endocrine,60000–69999,68420,Incise/drain tear sac,incise/drain tear sac
Category I,Surgery – Endocrine,60000–69999,68440,Incise tear duct opening,incise tear duct opening
Category I,Surgery – Endocrine,60000–69999,68500,Removal of tear gland,removal of tear gland
Category I,Surgery – Endocrine,60000–69999,68505,"""Partial removal, tear gland""","""partial removal, tear gland"""
Category I,Surgery – Endocrine,60000–69999,68510,Biopsy of tear gland,biopsy of tear gland
Category I,Surgery – Endocrine,60000–69999,68520,Removal of tear sac,removal of tear sac
Category I,Surgery – Endocrine,60000–69999,68525,Biopsy of tear sac,biopsy of tear sac
Category I,Surgery – Endocrine,60000–69999,68530,Clearance of tear duct,clearance of tear duct
Category I,Surgery – Endocrine,60000–69999,68540,Remove tear gland lesion,remove tear gland lesion
Category I,Surgery – Endocrine,60000–69999,68550,Remove tear gland lesion,remove tear gland lesion
Category I,Surgery – Endocrine,60000–69999,68700,Repair tear ducts,repair tear ducts
Category I,Surgery – Endocrine,60000–69999,68705,Revise tear duct opening,revise tear duct opening
Category I,Surgery – Endocrine,60000–69999,68720,Create tear sac drain,create tear sac drain
Category I,Surgery – Endocrine,60000–69999,68745,Create tear duct drain,create tear duct drain
Category I,Surgery – Endocrine,60000–69999,68750,Create tear duct drain,create tear duct drain
Category I,Surgery – Endocrine,60000–69999,68760,Close tear duct opening,close tear duct opening
Category I,Surgery – Endocrine,60000–69999,68761,Close tear duct opening,close tear duct opening
Category I,Surgery – Endocrine,60000–69999,68770,Close tear system fistula,close tear system fistula
Category I,Surgery – Endocrine,60000–69999,68801,Dilate tear duct opening,dilate tear duct opening
Category I,Surgery – Endocrine,60000–69999,68810,Probe nasolacrimal duct,probe nasolacrimal duct
Category I,Surgery – Endocrine,60000–69999,68811,Probe nasolacrimal duct,probe nasolacrimal duct
Category I,Surgery – Endocrine,60000–69999,68815,Probe nasolacrimal duct,probe nasolacrimal duct
Category I,Surgery – Endocrine,60000–69999,68840,Explore/irrigate tear ducts,explore/irrigate tear ducts
Category I,Surgery – Endocrine,60000–69999,68850,Injection for tear sac x-ray,injection for tear sac x-ray
Category I,Surgery – Endocrine,60000–69999,68899,Tear duct system surgery,tear duct system surgery
Category I,Surgery – Endocrine,60000–69999,69000,Drain external ear lesion,drain external ear lesion
Category I,Surgery – Endocrine,60000–69999,69005,Drain external ear lesion,drain external ear lesion
Category I,Surgery – Endocrine,60000–69999,69020,Drain outer ear canal lesion,drain outer ear canal lesion
Category I,Surgery – Endocrine,60000–69999,69090,Pierce earlobes,pierce earlobes
Category I,Surgery – Endocrine,60000–69999,69100,Biopsy of external ear,biopsy of external ear
Category I,Surgery – Endocrine,60000–69999,69105,Biopsy of external ear canal,biopsy of external ear canal
Category I,Surgery – Endocrine,60000–69999,69110,"""Remove external ear, partial""","""remove external ear, partial"""
Category I,Surgery – Endocrine,60000–69999,69120,Removal of external ear,removal of external ear
Category I,Surgery – Endocrine,60000–69999,69140,Remove ear canal lesion(s),remove ear canal lesion(s)
Category I,Surgery – Endocrine,60000–69999,69145,Remove ear canal lesion(s),remove ear canal lesion(s)
Category I,Surgery – Endocrine,60000–69999,69150,Extensive ear canal surgery,extensive ear canal surgery
Category I,Surgery – Endocrine,60000–69999,69155,Extensive ear/neck surgery,extensive ear/neck surgery
Category I,Surgery – Endocrine,60000–69999,69200,Clear outer ear canal,clear outer ear canal
Category I,Surgery – Endocrine,60000–69999,69205,Clear outer ear canal,clear outer ear canal
Category I,Surgery – Endocrine,60000–69999,69210,Remove impacted ear wax,remove impacted ear wax
Category I,Surgery – Endocrine,60000–69999,69220,Clean out mastoid cavity,clean out mastoid cavity
Category I,Surgery – Endocrine,60000–69999,69222,Clean out mastoid cavity,clean out mastoid cavity
Category I,Surgery – Endocrine,60000–69999,69300,Revise external ear,revise external ear
Category I,Surgery – Endocrine,60000–69999,69310,Rebuild outer ear canal,rebuild outer ear canal
Category I,Surgery – Endocrine,60000–69999,69320,Rebuild outer ear canal,rebuild outer ear canal
Category I,Surgery – Endocrine,60000–69999,69399,Outer ear surgery procedure,outer ear surgery procedure
Category I,Surgery – Endocrine,60000–69999,69400,Inflate middle ear canal,inflate middle ear canal
Category I,Surgery – Endocrine,60000–69999,69401,Inflate middle ear canal,inflate middle ear canal
Category I,Surgery – Endocrine,60000–69999,69405,Catheterize middle ear canal,catheterize middle ear canal
Category I,Surgery – Endocrine,60000–69999,69410,Inset middle ear (baffle),inset middle ear (baffle)
Category I,Surgery – Endocrine,60000–69999,69420,Incision of eardrum,incision of eardrum
Category I,Surgery – Endocrine,60000–69999,69421,Incision of eardrum,incision of eardrum
Category I,Surgery – Endocrine,60000–69999,69424,Remove ventilating tube,remove ventilating tube
Category I,Surgery – Endocrine,60000–69999,69433,Create eardrum opening,create eardrum opening
Category I,Surgery – Endocrine,60000–69999,69436,Create eardrum opening,create eardrum opening
Category I,Surgery – Endocrine,60000–69999,69440,Exploration of middle ear,exploration of middle ear
Category I,Surgery – Endocrine,60000–69999,69450,Eardrum revision,eardrum revision
Category I,Surgery – Endocrine,60000–69999,69501,Mastoidectomy,mastoidectomy
Category I,Surgery – Endocrine,60000–69999,69502,Mastoidectomy,mastoidectomy
Category I,Surgery – Endocrine,60000–69999,69505,Remove mastoid structures,remove mastoid structures
Category I,Surgery – Endocrine,60000–69999,69511,Extensive mastoid surgery,extensive mastoid surgery
Category I,Surgery – Endocrine,60000–69999,69530,Extensive mastoid surgery,extensive mastoid surgery
Category I,Surgery – Endocrine,60000–69999,69535,Remove part of temporal bone,remove part of temporal bone
Category I,Surgery – Endocrine,60000–69999,69540,Remove ear lesion,remove ear lesion
Category I,Surgery – Endocrine,60000–69999,69550,Remove ear lesion,remove ear lesion
Category I,Surgery – Endocrine,60000–69999,69552,Remove ear lesion,remove ear lesion
Category I,Surgery – Endocrine,60000–69999,69554,Remove ear lesion,remove ear lesion
Category I,Surgery – Endocrine,60000–69999,69601,Mastoid surgery revision,mastoid surgery revision
Category I,Surgery – Endocrine,60000–69999,69602,Mastoid surgery revision,mastoid surgery revision
Category I,Surgery – Endocrine,60000–69999,69603,Mastoid surgery revision,mastoid surgery revision
Category I,Surgery – Endocrine,60000–69999,69604,Mastoid surgery revision,mastoid surgery revision
Category I,Surgery – Endocrine,60000–69999,69605,Mastoid surgery revision,mastoid surgery revision
Category I,Surgery – Endocrine,60000–69999,69610,Repair of eardrum,repair of eardrum
Category I,Surgery – Endocrine,60000–69999,69620,Repair of eardrum,repair of eardrum
Category I,Surgery – Endocrine,60000–69999,69631,Repair eardrum structures,repair eardrum structures
Category I,Surgery – Endocrine,60000–69999,69632,Rebuild eardrum structures,rebuild eardrum structures
Category I,Surgery – Endocrine,60000–69999,69633,Rebuild eardrum structures,rebuild eardrum structures
Category I,Surgery – Endocrine,60000–69999,69635,Repair eardrum structures,repair eardrum structures
Category I,Surgery – Endocrine,60000–69999,69636,Rebuild eardrum structures,rebuild eardrum structures
Category I,Surgery – Endocrine,60000–69999,69637,Rebuild eardrum structures,rebuild eardrum structures
Category I,Surgery – Endocrine,60000–69999,69641,Revise middle ear & mastoid,revise middle ear & mastoid
Category I,Surgery – Endocrine,60000–69999,69642,Revise middle ear & mastoid,revise middle ear & mastoid
Category I,Surgery – Endocrine,60000–69999,69643,Revise middle ear & mastoid,revise middle ear & mastoid
Category I,Surgery – Endocrine,60000–69999,69644,Revise middle ear & mastoid,revise middle ear & mastoid
Category I,Surgery – Endocrine,60000–69999,69645,Revise middle ear & mastoid,revise middle ear & mastoid
Category I,Surgery – Endocrine,60000–69999,69646,Revise middle ear & mastoid,revise middle ear & mastoid
Category I,Surgery – Endocrine,60000–69999,69650,Release middle ear bone,release middle ear bone
Category I,Surgery – Endocrine,60000–69999,69660,Revise middle ear bone,revise middle ear bone
Category I,Surgery – Endocrine,60000–69999,69661,Revise middle ear bone,revise middle ear bone
Category I,Surgery – Endocrine,60000–69999,69662,Revise middle ear bone,revise middle ear bone
Category I,Surgery – Endocrine,60000–69999,69666,Repair middle ear structures,repair middle ear structures
Category I,Surgery – Endocrine,60000–69999,69667,Repair middle ear structures,repair middle ear structures
Category I,Surgery – Endocrine,60000–69999,69670,Remove mastoid air cells,remove mastoid air cells
Category I,Surgery – Endocrine,60000–69999,69676,Remove middle ear nerve,remove middle ear nerve
Category I,Surgery – Endocrine,60000–69999,69700,Close mastoid fistula,close mastoid fistula
Category I,Surgery – Endocrine,60000–69999,69710,Implant/replace hearing aid,implant/replace hearing aid
Category I,Surgery – Endocrine,60000–69999,69711,Remove/repair hearing aid,remove/repair hearing aid
Category I,Surgery – Endocrine,60000–69999,69714,Implant temple bone w/stimul,implant temple bone w/stimul
Category I,Surgery – Endocrine,60000–69999,69715,Temple bne implnt w/stimulat,temple bne implnt w/stimulat
Category I,Surgery – Endocrine,60000–69999,69717,Temple bone implant revision,temple bone implant revision
Category I,Surgery – Endocrine,60000–69999,69718,Revise temple bone implant,revise temple bone implant
Category I,Surgery – Endocrine,60000–69999,69720,Release facial nerve,release facial nerve
Category I,Surgery – Endocrine,60000–69999,69725,Release facial nerve,release facial nerve
Category I,Surgery – Endocrine,60000–69999,69740,Repair facial nerve,repair facial nerve
Category I,Surgery – Endocrine,60000–69999,69745,Repair facial nerve,repair facial nerve
Category I,Surgery – Endocrine,60000–69999,69799,Middle ear surgery procedure,middle ear surgery procedure
Category I,Surgery – Endocrine,60000–69999,69801,Incise inner ear,incise inner ear
Category I,Surgery – Endocrine,60000–69999,69802,Incise inner ear,incise inner ear
Category I,Surgery – Endocrine,60000–69999,69805,Explore inner ear,explore inner ear
Category I,Surgery – Endocrine,60000–69999,69806,Explore inner ear,explore inner ear
Category I,Surgery – Endocrine,60000–69999,69820,Establish inner ear window,establish inner ear window
Category I,Surgery – Endocrine,60000–69999,69840,Revise inner ear window,revise inner ear window
Category I,Surgery – Endocrine,60000–69999,69905,Remove inner ear,remove inner ear
Category I,Surgery – Endocrine,60000–69999,69910,Remove inner ear & mastoid,remove inner ear & mastoid
Category I,Surgery – Endocrine,60000–69999,69915,Incise inner ear nerve,incise inner ear nerve
Category I,Surgery – Endocrine,60000–69999,69930,Implant cochlear device,implant cochlear device
Category I,Surgery – Endocrine,60000–69999,69949,Inner ear surgery procedure,inner ear surgery procedure
Category I,Surgery – Endocrine,60000–69999,69950,Incise inner ear nerve,incise inner ear nerve
Category I,Surgery – Endocrine,60000–69999,69955,Release facial nerve,release facial nerve
Category I,Surgery – Endocrine,60000–69999,69960,Release inner ear canal,release inner ear canal
Category I,Surgery – Endocrine,60000–69999,69970,Remove inner ear lesion,remove inner ear lesion
Category I,Surgery – Endocrine,60000–69999,69979,Temporal bone surgery,temporal bone surgery
Category I,Surgery – Endocrine,60000–69999,69990,Microsurgery add-on,microsurgery add-on
Category I,Radiology,70000–79999,70010,Contrast x-ray of brain,contrast x-ray of brain
Category I,Radiology,70000–79999,70015,Contrast x-ray of brain,contrast x-ray of brain
Category I,Radiology,70000–79999,70030,X-ray eye for foreign body,x-ray eye for foreign body
Category I,Radiology,70000–79999,70100,X-ray exam of jaw,x-ray exam of jaw
Category I,Radiology,70000–79999,70110,X-ray exam of jaw,x-ray exam of jaw
Category I,Radiology,70000–79999,70120,X-ray exam of mastoids,x-ray exam of mastoids
Category I,Radiology,70000–79999,70130,X-ray exam of mastoids,x-ray exam of mastoids
Category I,Radiology,70000–79999,70134,X-ray exam of middle ear,x-ray exam of middle ear
Category I,Radiology,70000–79999,70140,X-ray exam of facial bones,x-ray exam of facial bones
Category I,Radiology,70000–79999,70150,X-ray exam of facial bones,x-ray exam of facial bones
Category I,Radiology,70000–79999,70160,X-ray exam of nasal bones,x-ray exam of nasal bones
Category I,Radiology,70000–79999,70170,X-ray exam of tear duct,x-ray exam of tear duct
Category I,Radiology,70000–79999,70190,X-ray exam of eye sockets,x-ray exam of eye sockets
Category I,Radiology,70000–79999,70200,X-ray exam of eye sockets,x-ray exam of eye sockets
Category I,Radiology,70000–79999,70210,X-ray exam of sinuses,x-ray exam of sinuses
Category I,Radiology,70000–79999,70220,X-ray exam of sinuses,x-ray exam of sinuses
Category I,Radiology,70000–79999,70240,"""X-ray exam, pituitary saddle""","""x-ray exam, pituitary saddle"""
Category I,Radiology,70000–79999,70250,X-ray exam of skull,x-ray exam of skull
Category I,Radiology,70000–79999,70260,X-ray exam of skull,x-ray exam of skull
Category I,Radiology,70000–79999,70300,X-ray exam of teeth,x-ray exam of teeth
Category I,Radiology,70000–79999,70310,X-ray exam of teeth,x-ray exam of teeth
Category I,Radiology,70000–79999,70320,Full mouth x-ray of teeth,full mouth x-ray of teeth
Category I,Radiology,70000–79999,70328,X-ray exam of jaw joint,x-ray exam of jaw joint
Category I,Radiology,70000–79999,70330,X-ray exam of jaw joints,x-ray exam of jaw joints
Category I,Radiology,70000–79999,70332,X-ray exam of jaw joint,x-ray exam of jaw joint
Category I,Radiology,70000–79999,70336,"""Magnetic image, jaw joint""","""magnetic image, jaw joint"""
Category I,Radiology,70000–79999,70350,X-ray head for orthodontia,x-ray head for orthodontia
Category I,Radiology,70000–79999,70355,Panoramic x-ray of jaws,panoramic x-ray of jaws
Category I,Radiology,70000–79999,70360,X-ray exam of neck,x-ray exam of neck
Category I,Radiology,70000–79999,70370,Throat x-ray & fluoroscopy,throat x-ray & fluoroscopy
Category I,Radiology,70000–79999,70371,"""Speech evaluation, complex""","""speech evaluation, complex"""
Category I,Radiology,70000–79999,70373,Contrast x-ray of larynx,contrast x-ray of larynx
Category I,Radiology,70000–79999,70380,X-ray exam of salivary gland,x-ray exam of salivary gland
Category I,Radiology,70000–79999,70390,X-ray exam of salivary duct,x-ray exam of salivary duct
Category I,Radiology,70000–79999,70450,Ct head/brain w/o dye,ct head/brain w/o dye
Category I,Radiology,70000–79999,70460,Ct head/brain w/dye,ct head/brain w/dye
Category I,Radiology,70000–79999,70470,Ct head/brain w/o & w/dye,ct head/brain w/o & w/dye
Category I,Radiology,70000–79999,70480,Ct orbit/ear/fossa w/o dye,ct orbit/ear/fossa w/o dye
Category I,Radiology,70000–79999,70481,Ct orbit/ear/fossa w/dye,ct orbit/ear/fossa w/dye
Category I,Radiology,70000–79999,70482,Ct orbit/ear/fossa w/o&w/dye,ct orbit/ear/fossa w/o&w/dye
Category I,Radiology,70000–79999,70486,Ct maxillofacial w/o dye,ct maxillofacial w/o dye
Category I,Radiology,70000–79999,70487,Ct maxillofacial w/dye,ct maxillofacial w/dye
Category I,Radiology,70000–79999,70488,Ct maxillofacial w/o & w/dye,ct maxillofacial w/o & w/dye
Category I,Radiology,70000–79999,70490,Ct soft tissue neck w/o dye,ct soft tissue neck w/o dye
Category I,Radiology,70000–79999,70491,Ct soft tissue neck w/dye,ct soft tissue neck w/dye
Category I,Radiology,70000–79999,70492,Ct sft tsue nck w/o & w/dye,ct sft tsue nck w/o & w/dye
Category I,Radiology,70000–79999,70496,"""Ct angiography, head""","""ct angiography, head"""
Category I,Radiology,70000–79999,70498,"""Ct angiography, neck""","""ct angiography, neck"""
Category I,Radiology,70000–79999,70540,Mri orbit/face/neck w/o dye,mri orbit/face/neck w/o dye
Category I,Radiology,70000–79999,70542,Mri orbit/face/neck w/dye,mri orbit/face/neck w/dye
Category I,Radiology,70000–79999,70543,Mri orbt/fac/nck w/o & w/dye,mri orbt/fac/nck w/o & w/dye
Category I,Radiology,70000–79999,70544,Mr angiography head w/o dye,mr angiography head w/o dye
Category I,Radiology,70000–79999,70545,Mr angiography head w/dye,mr angiography head w/dye
Category I,Radiology,70000–79999,70546,Mr angiograph head w/o&w/dye,mr angiograph head w/o&w/dye
Category I,Radiology,70000–79999,70547,Mr angiography neck w/o dye,mr angiography neck w/o dye
Category I,Radiology,70000–79999,70548,Mr angiography neck w/dye,mr angiography neck w/dye
Category I,Radiology,70000–79999,70549,Mr angiograph neck w/o&w/dye,mr angiograph neck w/o&w/dye
Category I,Radiology,70000–79999,70551,Mri brain w/o dye,mri brain w/o dye
Category I,Radiology,70000–79999,70552,Mri brain w/dye,mri brain w/dye
Category I,Radiology,70000–79999,70553,Mri brain w/o & w/dye,mri brain w/o & w/dye
Category I,Radiology,70000–79999,70557,Mri brain w/o dye,mri brain w/o dye
Category I,Radiology,70000–79999,70558,Mri brain w/dye,mri brain w/dye
Category I,Radiology,70000–79999,70559,Mri brain w/o & w/dye,mri brain w/o & w/dye
Category I,Radiology,70000–79999,71010,Chest x-ray,chest x-ray
Category I,Radiology,70000–79999,71015,Chest x-ray,chest x-ray
Category I,Radiology,70000–79999,71020,Chest x-ray,chest x-ray
Category I,Radiology,70000–79999,71021,Chest x-ray,chest x-ray
Category I,Radiology,70000–79999,71022,Chest x-ray,chest x-ray
Category I,Radiology,70000–79999,71023,Chest x-ray and fluoroscopy,chest x-ray and fluoroscopy
Category I,Radiology,70000–79999,71030,Chest x-ray,chest x-ray
Category I,Radiology,70000–79999,71034,Chest x-ray and fluoroscopy,chest x-ray and fluoroscopy
Category I,Radiology,70000–79999,71035,Chest x-ray,chest x-ray
Category I,Radiology,70000–79999,71040,Contrast x-ray of bronchi,contrast x-ray of bronchi
Category I,Radiology,70000–79999,71060,Contrast x-ray of bronchi,contrast x-ray of bronchi
Category I,Radiology,70000–79999,71090,X-ray & pacemaker insertion,x-ray & pacemaker insertion
Category I,Radiology,70000–79999,71100,X-ray exam of ribs,x-ray exam of ribs
Category I,Radiology,70000–79999,71101,X-ray exam of ribs/chest,x-ray exam of ribs/chest
Category I,Radiology,70000–79999,71110,X-ray exam of ribs,x-ray exam of ribs
Category I,Radiology,70000–79999,71111,X-ray exam of ribs/chest,x-ray exam of ribs/chest
Category I,Radiology,70000–79999,71120,X-ray exam of breastbone,x-ray exam of breastbone
Category I,Radiology,70000–79999,71130,X-ray exam of breastbone,x-ray exam of breastbone
Category I,Radiology,70000–79999,71250,Ct thorax w/o dye,ct thorax w/o dye
Category I,Radiology,70000–79999,71260,Ct thorax w/dye,ct thorax w/dye
Category I,Radiology,70000–79999,71270,Ct thorax w/o & w/dye,ct thorax w/o & w/dye
Category I,Radiology,70000–79999,71275,"""Ct angiography, chest""","""ct angiography, chest"""
Category I,Radiology,70000–79999,71550,Mri chest w/o dye,mri chest w/o dye
Category I,Radiology,70000–79999,71551,Mri chest w/dye,mri chest w/dye
Category I,Radiology,70000–79999,71552,Mri chest w/o & w/dye,mri chest w/o & w/dye
Category I,Radiology,70000–79999,71555,Mri angio chest w or w/o dye,mri angio chest w or w/o dye
Category I,Radiology,70000–79999,72010,X-ray exam of spine,x-ray exam of spine
Category I,Radiology,70000–79999,72020,X-ray exam of spine,x-ray exam of spine
Category I,Radiology,70000–79999,72040,X-ray exam of neck spine,x-ray exam of neck spine
Category I,Radiology,70000–79999,72050,X-ray exam of neck spine,x-ray exam of neck spine
Category I,Radiology,70000–79999,72052,X-ray exam of neck spine,x-ray exam of neck spine
Category I,Radiology,70000–79999,72069,X-ray exam of trunk spine,x-ray exam of trunk spine
Category I,Radiology,70000–79999,72070,X-ray exam of thoracic spine,x-ray exam of thoracic spine
Category I,Radiology,70000–79999,72072,X-ray exam of thoracic spine,x-ray exam of thoracic spine
Category I,Radiology,70000–79999,72074,X-ray exam of thoracic spine,x-ray exam of thoracic spine
Category I,Radiology,70000–79999,72080,X-ray exam of trunk spine,x-ray exam of trunk spine
Category I,Radiology,70000–79999,72090,X-ray exam of trunk spine,x-ray exam of trunk spine
Category I,Radiology,70000–79999,72100,X-ray exam of lower spine,x-ray exam of lower spine
Category I,Radiology,70000–79999,72110,X-ray exam of lower spine,x-ray exam of lower spine
Category I,Radiology,70000–79999,72114,X-ray exam of lower spine,x-ray exam of lower spine
Category I,Radiology,70000–79999,72120,X-ray exam of lower spine,x-ray exam of lower spine
Category I,Radiology,70000–79999,72125,Ct neck spine w/o dye,ct neck spine w/o dye
Category I,Radiology,70000–79999,72126,Ct neck spine w/dye,ct neck spine w/dye
Category I,Radiology,70000–79999,72127,Ct neck spine w/o & w/dye,ct neck spine w/o & w/dye
Category I,Radiology,70000–79999,72128,Ct chest spine w/o dye,ct chest spine w/o dye
Category I,Radiology,70000–79999,72129,Ct chest spine w/dye,ct chest spine w/dye
Category I,Radiology,70000–79999,72130,Ct chest spine w/o & w/dye,ct chest spine w/o & w/dye
Category I,Radiology,70000–79999,72131,Ct lumbar spine w/o dye,ct lumbar spine w/o dye
Category I,Radiology,70000–79999,72132,Ct lumbar spine w/dye,ct lumbar spine w/dye
Category I,Radiology,70000–79999,72133,Ct lumbar spine w/o & w/dye,ct lumbar spine w/o & w/dye
Category I,Radiology,70000–79999,72141,Mri neck spine w/o dye,mri neck spine w/o dye
Category I,Radiology,70000–79999,72142,Mri neck spine w/dye,mri neck spine w/dye
Category I,Radiology,70000–79999,72146,Mri chest spine w/o dye,mri chest spine w/o dye
Category I,Radiology,70000–79999,72147,Mri chest spine w/dye,mri chest spine w/dye
Category I,Radiology,70000–79999,72148,Mri lumbar spine w/o dye,mri lumbar spine w/o dye
Category I,Radiology,70000–79999,72149,Mri lumbar spine w/dye,mri lumbar spine w/dye
Category I,Radiology,70000–79999,72156,Mri neck spine w/o & w/dye,mri neck spine w/o & w/dye
Category I,Radiology,70000–79999,72157,Mri chest spine w/o & w/dye,mri chest spine w/o & w/dye
Category I,Radiology,70000–79999,72158,Mri lumbar spine w/o & w/dye,mri lumbar spine w/o & w/dye
Category I,Radiology,70000–79999,72159,Mr angio spine w/o&w/dye,mr angio spine w/o&w/dye
Category I,Radiology,70000–79999,72170,X-ray exam of pelvis,x-ray exam of pelvis
Category I,Radiology,70000–79999,72190,X-ray exam of pelvis,x-ray exam of pelvis
Category I,Radiology,70000–79999,72191,Ct angiograph pelv w/o&w/dye,ct angiograph pelv w/o&w/dye
Category I,Radiology,70000–79999,72192,Ct pelvis w/o dye,ct pelvis w/o dye
Category I,Radiology,70000–79999,72193,Ct pelvis w/dye,ct pelvis w/dye
Category I,Radiology,70000–79999,72194,Ct pelvis w/o & w/dye,ct pelvis w/o & w/dye
Category I,Radiology,70000–79999,72195,Mri pelvis w/o dye,mri pelvis w/o dye
Category I,Radiology,70000–79999,72196,Mri pelvis w/dye,mri pelvis w/dye
Category I,Radiology,70000–79999,72197,Mri pelvis w/o & w/dye,mri pelvis w/o & w/dye
Category I,Radiology,70000–79999,72198,Mr angio pelvis w/o & w/dye,mr angio pelvis w/o & w/dye
Category I,Radiology,70000–79999,72200,X-ray exam sacroiliac joints,x-ray exam sacroiliac joints
Category I,Radiology,70000–79999,72202,X-ray exam sacroiliac joints,x-ray exam sacroiliac joints
Category I,Radiology,70000–79999,72220,X-ray exam of tailbone,x-ray exam of tailbone
Category I,Radiology,70000–79999,72240,Contrast x-ray of neck spine,contrast x-ray of neck spine
Category I,Radiology,70000–79999,72255,"""Contrast x-ray, thorax spine""","""contrast x-ray, thorax spine"""
Category I,Radiology,70000–79999,72265,"""Contrast x-ray, lower spine""","""contrast x-ray, lower spine"""
Category I,Radiology,70000–79999,72270,"""Contrast x-ray, spine""","""contrast x-ray, spine"""
Category I,Radiology,70000–79999,72275,Epidurography,epidurography
Category I,Radiology,70000–79999,72285,X-ray c/t spine disk,x-ray c/t spine disk
Category I,Radiology,70000–79999,72295,X-ray of lower spine disk,x-ray of lower spine disk
Category I,Radiology,70000–79999,73000,X-ray exam of collar bone,x-ray exam of collar bone
Category I,Radiology,70000–79999,73010,X-ray exam of shoulder blade,x-ray exam of shoulder blade
Category I,Radiology,70000–79999,73020,X-ray exam of shoulder,x-ray exam of shoulder
Category I,Radiology,70000–79999,73030,X-ray exam of shoulder,x-ray exam of shoulder
Category I,Radiology,70000–79999,73040,Contrast x-ray of shoulder,contrast x-ray of shoulder
Category I,Radiology,70000–79999,73050,X-ray exam of shoulders,x-ray exam of shoulders
Category I,Radiology,70000–79999,73060,X-ray exam of humerus,x-ray exam of humerus
Category I,Radiology,70000–79999,73070,X-ray exam of elbow,x-ray exam of elbow
Category I,Radiology,70000–79999,73080,X-ray exam of elbow,x-ray exam of elbow
Category I,Radiology,70000–79999,73085,Contrast x-ray of elbow,contrast x-ray of elbow
Category I,Radiology,70000–79999,73090,X-ray exam of forearm,x-ray exam of forearm
Category I,Radiology,70000–79999,73092,"""X-ray exam of arm, infant""","""x-ray exam of arm, infant"""
Category I,Radiology,70000–79999,73100,X-ray exam of wrist,x-ray exam of wrist
Category I,Radiology,70000–79999,73110,X-ray exam of wrist,x-ray exam of wrist
Category I,Radiology,70000–79999,73115,Contrast x-ray of wrist,contrast x-ray of wrist
Category I,Radiology,70000–79999,73120,X-ray exam of hand,x-ray exam of hand
Category I,Radiology,70000–79999,73130,X-ray exam of hand,x-ray exam of hand
Category I,Radiology,70000–79999,73140,X-ray exam of finger(s),x-ray exam of finger(s)
Category I,Radiology,70000–79999,73200,Ct upper extremity w/o dye,ct upper extremity w/o dye
Category I,Radiology,70000–79999,73201,Ct upper extremity w/dye,ct upper extremity w/dye
Category I,Radiology,70000–79999,73202,Ct uppr extremity w/o&w/dye,ct uppr extremity w/o&w/dye
Category I,Radiology,70000–79999,73206,Ct angio upr extrm w/o&w/dye,ct angio upr extrm w/o&w/dye
Category I,Radiology,70000–79999,73218,Mri upper extremity w/o dye,mri upper extremity w/o dye
Category I,Radiology,70000–79999,73219,Mri upper extremity w/dye,mri upper extremity w/dye
Category I,Radiology,70000–79999,73220,Mri uppr extremity w/o&w/dye,mri uppr extremity w/o&w/dye
Category I,Radiology,70000–79999,73221,Mri joint upr extrem w/o dye,mri joint upr extrem w/o dye
Category I,Radiology,70000–79999,73222,Mri joint upr extrem w/dye,mri joint upr extrem w/dye
Category I,Radiology,70000–79999,73223,Mri joint upr extr w/o&w/dye,mri joint upr extr w/o&w/dye
Category I,Radiology,70000–79999,73225,Mr angio upr extr w/o&w/dye,mr angio upr extr w/o&w/dye
Category I,Radiology,70000–79999,73500,X-ray exam of hip,x-ray exam of hip
Category I,Radiology,70000–79999,73510,X-ray exam of hip,x-ray exam of hip
Category I,Radiology,70000–79999,73520,X-ray exam of hips,x-ray exam of hips
Category I,Radiology,70000–79999,73525,Contrast x-ray of hip,contrast x-ray of hip
Category I,Radiology,70000–79999,73530,X-ray exam of hip,x-ray exam of hip
Category I,Radiology,70000–79999,73540,X-ray exam of pelvis & hips,x-ray exam of pelvis & hips
Category I,Radiology,70000–79999,73542,"""X-ray exam, sacroiliac joint""","""x-ray exam, sacroiliac joint"""
Category I,Radiology,70000–79999,73550,X-ray exam of thigh,x-ray exam of thigh
Category I,Radiology,70000–79999,73560,"""X-ray exam of knee, 1 or 2""","""x-ray exam of knee, 1 or 2"""
Category I,Radiology,70000–79999,73562,"""X-ray exam of knee, 3""","""x-ray exam of knee, 3"""
Category I,Radiology,70000–79999,73564,"""X-ray exam, knee, 4 or more""","""x-ray exam, knee, 4 or more"""
Category I,Radiology,70000–79999,73565,X-ray exam of knees,x-ray exam of knees
Category I,Radiology,70000–79999,73580,Contrast x-ray of knee joint,contrast x-ray of knee joint
Category I,Radiology,70000–79999,73590,X-ray exam of lower leg,x-ray exam of lower leg
Category I,Radiology,70000–79999,73592,"""X-ray exam of leg, infant""","""x-ray exam of leg, infant"""
Category I,Radiology,70000–79999,73600,X-ray exam of ankle,x-ray exam of ankle
Category I,Radiology,70000–79999,73610,X-ray exam of ankle,x-ray exam of ankle
Category I,Radiology,70000–79999,73615,Contrast x-ray of ankle,contrast x-ray of ankle
Category I,Radiology,70000–79999,73620,X-ray exam of foot,x-ray exam of foot
Category I,Radiology,70000–79999,73630,X-ray exam of foot,x-ray exam of foot
Category I,Radiology,70000–79999,73650,X-ray exam of heel,x-ray exam of heel
Category I,Radiology,70000–79999,73660,X-ray exam of toe(s),x-ray exam of toe(s)
Category I,Radiology,70000–79999,73700,Ct lower extremity w/o dye,ct lower extremity w/o dye
Category I,Radiology,70000–79999,73701,Ct lower extremity w/dye,ct lower extremity w/dye
Category I,Radiology,70000–79999,73702,Ct lwr extremity w/o&w/dye,ct lwr extremity w/o&w/dye
Category I,Radiology,70000–79999,73706,Ct angio lwr extr w/o&w/dye,ct angio lwr extr w/o&w/dye
Category I,Radiology,70000–79999,73718,Mri lower extremity w/o dye,mri lower extremity w/o dye
Category I,Radiology,70000–79999,73719,Mri lower extremity w/dye,mri lower extremity w/dye
Category I,Radiology,70000–79999,73720,Mri lwr extremity w/o&w/dye,mri lwr extremity w/o&w/dye
Category I,Radiology,70000–79999,73721,Mri jnt of lwr extre w/o dye,mri jnt of lwr extre w/o dye
Category I,Radiology,70000–79999,73722,Mri joint of lwr extr w/dye,mri joint of lwr extr w/dye
Category I,Radiology,70000–79999,73723,Mri joint lwr extr w/o&w/dye,mri joint lwr extr w/o&w/dye
Category I,Radiology,70000–79999,73725,Mr ang lwr ext w or w/o dye,mr ang lwr ext w or w/o dye
Category I,Radiology,70000–79999,74000,X-ray exam of abdomen,x-ray exam of abdomen
Category I,Radiology,70000–79999,74010,X-ray exam of abdomen,x-ray exam of abdomen
Category I,Radiology,70000–79999,74020,X-ray exam of abdomen,x-ray exam of abdomen
Category I,Radiology,70000–79999,74022,"""X-ray exam series, abdomen""","""x-ray exam series, abdomen"""
Category I,Radiology,70000–79999,74150,Ct abdomen w/o dye,ct abdomen w/o dye
Category I,Radiology,70000–79999,74160,Ct abdomen w/dye,ct abdomen w/dye
Category I,Radiology,70000–79999,74170,Ct abdomen w/o & w/dye,ct abdomen w/o & w/dye
Category I,Radiology,70000–79999,74175,Ct angio abdom w/o & w/dye,ct angio abdom w/o & w/dye
Category I,Radiology,70000–79999,74181,Mri abdomen w/o dye,mri abdomen w/o dye
Category I,Radiology,70000–79999,74182,Mri abdomen w/dye,mri abdomen w/dye
Category I,Radiology,70000–79999,74183,Mri abdomen w/o & w/dye,mri abdomen w/o & w/dye
Category I,Radiology,70000–79999,74185,"""Mri angio, abdom w orw/o dye""","""mri angio, abdom w orw/o dye"""
Category I,Radiology,70000–79999,74190,X-ray exam of peritoneum,x-ray exam of peritoneum
Category I,Radiology,70000–79999,74210,Contrst x-ray exam of throat,contrst x-ray exam of throat
Category I,Radiology,70000–79999,74220,"""Contrast x-ray, esophagus""","""contrast x-ray, esophagus"""
Category I,Radiology,70000–79999,74230,"""Cine/vid x-ray, throat/esoph""","""cine/vid x-ray, throat/esoph"""
Category I,Radiology,70000–79999,74235,Remove esophagus obstruction,remove esophagus obstruction
Category I,Radiology,70000–79999,74240,"""X-ray exam, upper gi tract""","""x-ray exam, upper gi tract"""
Category I,Radiology,70000–79999,74241,"""X-ray exam, upper gi tract""","""x-ray exam, upper gi tract"""
Category I,Radiology,70000–79999,74245,"""X-ray exam, upper gi tract""","""x-ray exam, upper gi tract"""
Category I,Radiology,70000–79999,74246,Contrst x-ray uppr gi tract,contrst x-ray uppr gi tract
Category I,Radiology,70000–79999,74247,Contrst x-ray uppr gi tract,contrst x-ray uppr gi tract
Category I,Radiology,70000–79999,74249,Contrst x-ray uppr gi tract,contrst x-ray uppr gi tract
Category I,Radiology,70000–79999,74250,X-ray exam of small bowel,x-ray exam of small bowel
Category I,Radiology,70000–79999,74251,X-ray exam of small bowel,x-ray exam of small bowel
Category I,Radiology,70000–79999,74260,X-ray exam of small bowel,x-ray exam of small bowel
Category I,Radiology,70000–79999,74270,Contrast x-ray exam of colon,contrast x-ray exam of colon
Category I,Radiology,70000–79999,74280,Contrast x-ray exam of colon,contrast x-ray exam of colon
Category I,Radiology,70000–79999,74283,Contrast x-ray exam of colon,contrast x-ray exam of colon
Category I,Radiology,70000–79999,74290,"""Contrast x-ray, gallbladder""","""contrast x-ray, gallbladder"""
Category I,Radiology,70000–79999,74291,"""Contrast x-rays, gallbladder""","""contrast x-rays, gallbladder"""
Category I,Radiology,70000–79999,74300,X-ray bile ducts/pancreas,x-ray bile ducts/pancreas
Category I,Radiology,70000–79999,74301,X-rays at surgery add-on,x-rays at surgery add-on
Category I,Radiology,70000–79999,74305,X-ray bile ducts/pancreas,x-ray bile ducts/pancreas
Category I,Radiology,70000–79999,74320,Contrast x-ray of bile ducts,contrast x-ray of bile ducts
Category I,Radiology,70000–79999,74327,X-ray bile stone removal,x-ray bile stone removal
Category I,Radiology,70000–79999,74328,X-ray bile duct endoscopy,x-ray bile duct endoscopy
Category I,Radiology,70000–79999,74329,X-ray for pancreas endoscopy,x-ray for pancreas endoscopy
Category I,Radiology,70000–79999,74330,X-ray bile/panc endoscopy,x-ray bile/panc endoscopy
Category I,Radiology,70000–79999,74340,X-ray guide for GI tube,x-ray guide for gi tube
Category I,Radiology,70000–79999,74350,"""X-ray guide, stomach tube""","""x-ray guide, stomach tube"""
Category I,Radiology,70000–79999,74355,"""X-ray guide, intestinal tube""","""x-ray guide, intestinal tube"""
Category I,Radiology,70000–79999,74360,"""X-ray guide, GI dilation""","""x-ray guide, gi dilation"""
Category I,Radiology,70000–79999,74363,"""X-ray, bile duct dilation""","""x-ray, bile duct dilation"""
Category I,Radiology,70000–79999,74400,"""Contrst x-ray, urinary tract""","""contrst x-ray, urinary tract"""
Category I,Radiology,70000–79999,74410,"""Contrst x-ray, urinary tract""","""contrst x-ray, urinary tract"""
Category I,Radiology,70000–79999,74415,"""Contrst x-ray, urinary tract""","""contrst x-ray, urinary tract"""
Category I,Radiology,70000–79999,74420,"""Contrst x-ray, urinary tract""","""contrst x-ray, urinary tract"""
Category I,Radiology,70000–79999,74425,"""Contrst x-ray, urinary tract""","""contrst x-ray, urinary tract"""
Category I,Radiology,70000–79999,74430,"""Contrast x-ray, bladder""","""contrast x-ray, bladder"""
Category I,Radiology,70000–79999,74440,"""X-ray, male genital tract""","""x-ray, male genital tract"""
Category I,Radiology,70000–79999,74445,X-ray exam of penis,x-ray exam of penis
Category I,Radiology,70000–79999,74450,"""X-ray, urethra/bladder""","""x-ray, urethra/bladder"""
Category I,Radiology,70000–79999,74455,"""X-ray, urethra/bladder""","""x-ray, urethra/bladder"""
Category I,Radiology,70000–79999,74470,X-ray exam of kidney lesion,x-ray exam of kidney lesion
Category I,Radiology,70000–79999,74475,"""X-ray control, cath insert""","""x-ray control, cath insert"""
Category I,Radiology,70000–79999,74480,"""X-ray control, cath insert""","""x-ray control, cath insert"""
Category I,Radiology,70000–79999,74485,"""X-ray guide, GU dilation""","""x-ray guide, gu dilation"""
Category I,Radiology,70000–79999,74710,X-ray measurement of pelvis,x-ray measurement of pelvis
Category I,Radiology,70000–79999,74740,"""X-ray, female genital tract""","""x-ray, female genital tract"""
Category I,Radiology,70000–79999,74742,"""X-ray, fallopian tube""","""x-ray, fallopian tube"""
Category I,Radiology,70000–79999,74775,X-ray exam of perineum,x-ray exam of perineum
Category I,Radiology,70000–79999,75552,Heart mri for morph w/o dye,heart mri for morph w/o dye
Category I,Radiology,70000–79999,75553,Heart mri for morph w/dye,heart mri for morph w/dye
Category I,Radiology,70000–79999,75554,Cardiac MRI/function,cardiac mri/function
Category I,Radiology,70000–79999,75555,Cardiac MRI/limited study,cardiac mri/limited study
Category I,Radiology,70000–79999,75556,Cardiac MRI/flow mapping,cardiac mri/flow mapping
Category I,Radiology,70000–79999,75600,Contrast x-ray exam of aorta,contrast x-ray exam of aorta
Category I,Radiology,70000–79999,75605,Contrast x-ray exam of aorta,contrast x-ray exam of aorta
Category I,Radiology,70000–79999,75625,Contrast x-ray exam of aorta,contrast x-ray exam of aorta
Category I,Radiology,70000–79999,75630,"""X-ray aorta, leg arteries""","""x-ray aorta, leg arteries"""
Category I,Radiology,70000–79999,75635,Ct angio abdominal arteries,ct angio abdominal arteries
Category I,Radiology,70000–79999,75650,"""Artery x-rays, head & neck""","""artery x-rays, head & neck"""
Category I,Radiology,70000–79999,75658,"""Artery x-rays, arm""","""artery x-rays, arm"""
Category I,Radiology,70000–79999,75660,"""Artery x-rays, head & neck""","""artery x-rays, head & neck"""
Category I,Radiology,70000–79999,75662,"""Artery x-rays, head & neck""","""artery x-rays, head & neck"""
Category I,Radiology,70000–79999,75665,"""Artery x-rays, head & neck""","""artery x-rays, head & neck"""
Category I,Radiology,70000–79999,75671,"""Artery x-rays, head & neck""","""artery x-rays, head & neck"""
Category I,Radiology,70000–79999,75676,"""Artery x-rays, neck""","""artery x-rays, neck"""
Category I,Radiology,70000–79999,75680,"""Artery x-rays, neck""","""artery x-rays, neck"""
Category I,Radiology,70000–79999,75685,"""Artery x-rays, spine""","""artery x-rays, spine"""
Category I,Radiology,70000–79999,75705,"""Artery x-rays, spine""","""artery x-rays, spine"""
Category I,Radiology,70000–79999,75710,"""Artery x-rays, arm/leg""","""artery x-rays, arm/leg"""
Category I,Radiology,70000–79999,75716,"""Artery x-rays, arms/legs""","""artery x-rays, arms/legs"""
Category I,Radiology,70000–79999,75722,"""Artery x-rays, kidney""","""artery x-rays, kidney"""
Category I,Radiology,70000–79999,75724,"""Artery x-rays, kidneys""","""artery x-rays, kidneys"""
Category I,Radiology,70000–79999,75726,"""Artery x-rays, abdomen""","""artery x-rays, abdomen"""
Category I,Radiology,70000–79999,75731,"""Artery x-rays, adrenal gland""","""artery x-rays, adrenal gland"""
Category I,Radiology,70000–79999,75733,"""Artery x-rays, adrenals""","""artery x-rays, adrenals"""
Category I,Radiology,70000–79999,75736,"""Artery x-rays, pelvis""","""artery x-rays, pelvis"""
Category I,Radiology,70000–79999,75741,"""Artery x-rays, lung""","""artery x-rays, lung"""
Category I,Radiology,70000–79999,75743,"""Artery x-rays, lungs""","""artery x-rays, lungs"""
Category I,Radiology,70000–79999,75746,"""Artery x-rays, lung""","""artery x-rays, lung"""
Category I,Radiology,70000–79999,75756,"""Artery x-rays, chest""","""artery x-rays, chest"""
Category I,Radiology,70000–79999,75774,"""Artery x-ray, each vessel""","""artery x-ray, each vessel"""
Category I,Radiology,70000–79999,75790,Visualize A-V shunt,visualize a-v shunt
Category I,Radiology,70000–79999,75801,"""Lymph vessel x-ray, arm/leg""","""lymph vessel x-ray, arm/leg"""
Category I,Radiology,70000–79999,75803,"""Lymph vessel x-ray,arms/legs""","""lymph vessel x-ray,arms/legs"""
Category I,Radiology,70000–79999,75805,"""Lymph vessel x-ray, trunk""","""lymph vessel x-ray, trunk"""
Category I,Radiology,70000–79999,75807,"""Lymph vessel x-ray, trunk""","""lymph vessel x-ray, trunk"""
Category I,Radiology,70000–79999,75809,"""Nonvascular shunt, x-ray""","""nonvascular shunt, x-ray"""
Category I,Radiology,70000–79999,75810,"""Vein x-ray, spleen/liver""","""vein x-ray, spleen/liver"""
Category I,Radiology,70000–79999,75820,"""Vein x-ray, arm/leg""","""vein x-ray, arm/leg"""
Category I,Radiology,70000–79999,75822,"""Vein x-ray, arms/legs""","""vein x-ray, arms/legs"""
Category I,Radiology,70000–79999,75825,"""Vein x-ray, trunk""","""vein x-ray, trunk"""
Category I,Radiology,70000–79999,75827,"""Vein x-ray, chest""","""vein x-ray, chest"""
Category I,Radiology,70000–79999,75831,"""Vein x-ray, kidney""","""vein x-ray, kidney"""
Category I,Radiology,70000–79999,75833,"""Vein x-ray, kidneys""","""vein x-ray, kidneys"""
Category I,Radiology,70000–79999,75840,"""Vein x-ray, adrenal gland""","""vein x-ray, adrenal gland"""
Category I,Radiology,70000–79999,75842,"""Vein x-ray, adrenal glands""","""vein x-ray, adrenal glands"""
Category I,Radiology,70000–79999,75860,"""Vein x-ray, neck""","""vein x-ray, neck"""
Category I,Radiology,70000–79999,75870,"""Vein x-ray, skull""","""vein x-ray, skull"""
Category I,Radiology,70000–79999,75872,"""Vein x-ray, skull""","""vein x-ray, skull"""
Category I,Radiology,70000–79999,75880,"""Vein x-ray, eye socket""","""vein x-ray, eye socket"""
Category I,Radiology,70000–79999,75885,"""Vein x-ray, liver""","""vein x-ray, liver"""
Category I,Radiology,70000–79999,75887,"""Vein x-ray, liver""","""vein x-ray, liver"""
Category I,Radiology,70000–79999,75889,"""Vein x-ray, liver""","""vein x-ray, liver"""
Category I,Radiology,70000–79999,75891,"""Vein x-ray, liver""","""vein x-ray, liver"""
Category I,Radiology,70000–79999,75893,Venous sampling by catheter,venous sampling by catheter
Category I,Radiology,70000–79999,75894,"""X-rays, transcath therapy""","""x-rays, transcath therapy"""
Category I,Radiology,70000–79999,75896,"""X-rays, transcath therapy""","""x-rays, transcath therapy"""
Category I,Radiology,70000–79999,75898,Follow-up angiography,follow-up angiography
Category I,Radiology,70000–79999,75900,Arterial catheter exchange,arterial catheter exchange
Category I,Radiology,70000–79999,75901,Remove cva device obstruct,remove cva device obstruct
Category I,Radiology,70000–79999,75902,Remove cva lumen obstruct,remove cva lumen obstruct
Category I,Radiology,70000–79999,75940,"""X-ray placement, vein filter""","""x-ray placement, vein filter"""
Category I,Radiology,70000–79999,75945,Intravascular us,intravascular us
Category I,Radiology,70000–79999,75946,Intravascular us add-on,intravascular us add-on
Category I,Radiology,70000–79999,75952,Endovasc repair abdom aorta,endovasc repair abdom aorta
Category I,Radiology,70000–79999,75953,Abdom aneurysm endovas rpr,abdom aneurysm endovas rpr
Category I,Radiology,70000–79999,75954,Iliac aneurysm endovas rpr,iliac aneurysm endovas rpr
Category I,Radiology,70000–79999,75960,Transcath iv stent rs&i,transcath iv stent rs&i
Category I,Radiology,70000–79999,75961,"""Retrieval, broken catheter""","""retrieval, broken catheter"""
Category I,Radiology,70000–79999,75962,Repair arterial blockage,repair arterial blockage
Category I,Radiology,70000–79999,75964,"""Repair artery blockage, each""","""repair artery blockage, each"""
Category I,Radiology,70000–79999,75966,Repair arterial blockage,repair arterial blockage
Category I,Radiology,70000–79999,75968,"""Repair artery blockage, each""","""repair artery blockage, each"""
Category I,Radiology,70000–79999,75970,Vascular biopsy,vascular biopsy
Category I,Radiology,70000–79999,75978,Repair venous blockage,repair venous blockage
Category I,Radiology,70000–79999,75980,Contrast xray exam bile duct,contrast xray exam bile duct
Category I,Radiology,70000–79999,75982,Contrast xray exam bile duct,contrast xray exam bile duct
Category I,Radiology,70000–79999,75984,Xray control catheter change,xray control catheter change
Category I,Radiology,70000–79999,75989,Abscess drainage under x-ray,abscess drainage under x-ray
Category I,Radiology,70000–79999,75992,"""Atherectomy, x-ray exam""","""atherectomy, x-ray exam"""
Category I,Radiology,70000–79999,75993,"""Atherectomy, x-ray exam""","""atherectomy, x-ray exam"""
Category I,Radiology,70000–79999,75994,"""Atherectomy, x-ray exam""","""atherectomy, x-ray exam"""
Category I,Radiology,70000–79999,75995,"""Atherectomy, x-ray exam""","""atherectomy, x-ray exam"""
Category I,Radiology,70000–79999,75996,"""Atherectomy, x-ray exam""","""atherectomy, x-ray exam"""
Category I,Radiology,70000–79999,75998,Fluoroguide for vein device,fluoroguide for vein device
Category I,Radiology,70000–79999,76000,Fluoroscope examination,fluoroscope examination
Category I,Radiology,70000–79999,76001,"""Fluoroscope exam, extensive""","""fluoroscope exam, extensive"""
Category I,Radiology,70000–79999,76003,Needle localization by x-ray,needle localization by x-ray
Category I,Radiology,70000–79999,76005,Fluoroguide for spine inject,fluoroguide for spine inject
Category I,Radiology,70000–79999,76006,X-ray stress view,x-ray stress view
Category I,Radiology,70000–79999,76010,"""X-ray, nose to rectum""","""x-ray, nose to rectum"""
Category I,Radiology,70000–79999,76012,Percut vertebroplasty fluor,percut vertebroplasty fluor
Category I,Radiology,70000–79999,76013,"""Percut vertebroplasty, ct""","""percut vertebroplasty, ct"""
Category I,Radiology,70000–79999,76020,X-rays for bone age,x-rays for bone age
Category I,Radiology,70000–79999,76040,"""X-rays, bone evaluation""","""x-rays, bone evaluation"""
Category I,Radiology,70000–79999,76061,"""X-rays, bone survey""","""x-rays, bone survey"""
Category I,Radiology,70000–79999,76062,"""X-rays, bone survey""","""x-rays, bone survey"""
Category I,Radiology,70000–79999,76065,"""X-rays, bone evaluation""","""x-rays, bone evaluation"""
Category I,Radiology,70000–79999,76066,"""Joint survey, single view""","""joint survey, single view"""
Category I,Radiology,70000–79999,76070,"""Ct bone density, axial""","""ct bone density, axial"""
Category I,Radiology,70000–79999,76071,"""Ct bone density, peripheral""","""ct bone density, peripheral"""
Category I,Radiology,70000–79999,76075,"""Dxa bone density,  axial""","""dxa bone density,  axial"""
Category I,Radiology,70000–79999,76076,Dxa bone density/peripheral,dxa bone density/peripheral
Category I,Radiology,70000–79999,76077,Dxa bone density/v-fracture,dxa bone density/v-fracture
Category I,Radiology,70000–79999,76078,Radiographic absorptiometry,radiographic absorptiometry
Category I,Radiology,70000–79999,76080,X-ray exam of fistula,x-ray exam of fistula
Category I,Radiology,70000–79999,76082,Computer mammogram add-on,computer mammogram add-on
Category I,Radiology,70000–79999,76083,Computer mammogram add-on,computer mammogram add-on
Category I,Radiology,70000–79999,76086,X-ray of mammary duct,x-ray of mammary duct
Category I,Radiology,70000–79999,76088,X-ray of mammary ducts,x-ray of mammary ducts
Category I,Radiology,70000–79999,76090,"""Mammogram, one breast""","""mammogram, one breast"""
Category I,Radiology,70000–79999,76091,"""Mammogram, both breasts""","""mammogram, both breasts"""
Category I,Radiology,70000–79999,76092,"""Mammogram, screening""","""mammogram, screening"""
Category I,Radiology,70000–79999,76093,"""Magnetic image, breast""","""magnetic image, breast"""
Category I,Radiology,70000–79999,76094,"""Magnetic image, both breasts""","""magnetic image, both breasts"""
Category I,Radiology,70000–79999,76095,Stereotactic breast biopsy,stereotactic breast biopsy
Category I,Radiology,70000–79999,76096,"""X-ray of needle wire, breast""","""x-ray of needle wire, breast"""
Category I,Radiology,70000–79999,76098,"""X-ray exam, breast specimen""","""x-ray exam, breast specimen"""
Category I,Radiology,70000–79999,76100,X-ray exam of body section,x-ray exam of body section
Category I,Radiology,70000–79999,76101,Complex body section x-ray,complex body section x-ray
Category I,Radiology,70000–79999,76102,Complex body section x-rays,complex body section x-rays
Category I,Radiology,70000–79999,76120,Cine/video x-rays,cine/video x-rays
Category I,Radiology,70000–79999,76125,Cine/video x-rays add-on,cine/video x-rays add-on
Category I,Radiology,70000–79999,76140,X-ray consultation,x-ray consultation
Category I,Radiology,70000–79999,76150,"""X-ray exam, dry process""","""x-ray exam, dry process"""
Category I,Radiology,70000–79999,76350,Special x-ray contrast study,special x-ray contrast study
Category I,Radiology,70000–79999,76355,Ct scan for localization,ct scan for localization
Category I,Radiology,70000–79999,76360,Ct scan for needle biopsy,ct scan for needle biopsy
Category I,Radiology,70000–79999,76362,Ct guide for tissue ablation,ct guide for tissue ablation
Category I,Radiology,70000–79999,76370,Ct scan for therapy guide,ct scan for therapy guide
Category I,Radiology,70000–79999,76375,3d/holograph reconstr add-on,3d/holograph reconstr add-on
Category I,Radiology,70000–79999,76380,CAT scan follow-up study,cat scan follow-up study
Category I,Radiology,70000–79999,76390,Mr spectroscopy,mr spectroscopy
Category I,Radiology,70000–79999,76393,Mr guidance for needle place,mr guidance for needle place
Category I,Radiology,70000–79999,76394,Mri for tissue ablation,mri for tissue ablation
Category I,Radiology,70000–79999,76400,"""Magnetic image, bone marrow""","""magnetic image, bone marrow"""
Category I,Radiology,70000–79999,76496,Fluoroscopic procedure,fluoroscopic procedure
Category I,Radiology,70000–79999,76497,Ct procedure,ct procedure
Category I,Radiology,70000–79999,76498,Mri procedure,mri procedure
Category I,Radiology,70000–79999,76499,Radiographic procedure,radiographic procedure
Category I,Radiology,70000–79999,76506,Echo exam of head,echo exam of head
Category I,Radiology,70000–79999,76510,"""Ophth us, b & quant a""","""ophth us, b & quant a"""
Category I,Radiology,70000–79999,76511,"""Ophth us, quant a only""","""ophth us, quant a only"""
Category I,Radiology,70000–79999,76512,"""Ophth us, b w/non-quant a""","""ophth us, b w/non-quant a"""
Category I,Radiology,70000–79999,76513,"""Echo exam of eye, water bath""","""echo exam of eye, water bath"""
Category I,Radiology,70000–79999,76514,"""Echo exam of eye, thickness""","""echo exam of eye, thickness"""
Category I,Radiology,70000–79999,76516,Echo exam of eye,echo exam of eye
Category I,Radiology,70000–79999,76519,Echo exam of eye,echo exam of eye
Category I,Radiology,70000–79999,76529,Echo exam of eye,echo exam of eye
Category I,Radiology,70000–79999,76536,Us exam of head and neck,us exam of head and neck
Category I,Radiology,70000–79999,76604,"""Us exam, chest, b-scan""","""us exam, chest, b-scan"""
Category I,Radiology,70000–79999,76645,"""Us exam, breast(s)""","""us exam, breast(s)"""
Category I,Radiology,70000–79999,76700,"""Us exam, abdom, complete""","""us exam, abdom, complete"""
Category I,Radiology,70000–79999,76705,Echo exam of abdomen,echo exam of abdomen
Category I,Radiology,70000–79999,76770,"""Us exam abdo back wall, comp""","""us exam abdo back wall, comp"""
Category I,Radiology,70000–79999,76775,"""Us exam abdo back wall, lim""","""us exam abdo back wall, lim"""
Category I,Radiology,70000–79999,76778,Us exam kidney transplant,us exam kidney transplant
Category I,Radiology,70000–79999,76800,"""Us exam, spinal canal""","""us exam, spinal canal"""
Category I,Radiology,70000–79999,76801,"""Ob us < 14 wks, single fetus""","""ob us < 14 wks, single fetus"""
Category I,Radiology,70000–79999,76802,"""Ob us < 14 wks, add?l fetus""","""ob us < 14 wks, add?l fetus"""
Category I,Radiology,70000–79999,76805,"""Ob us >/= 14 wks, sngl fetus""","""ob us >/= 14 wks, sngl fetus"""
Category I,Radiology,70000–79999,76810,"""Ob us >/= 14 wks, addl fetus""","""ob us >/= 14 wks, addl fetus"""
Category I,Radiology,70000–79999,76811,"""Ob us, detailed, sngl fetus""","""ob us, detailed, sngl fetus"""
Category I,Radiology,70000–79999,76812,"""Ob us, detailed, addl fetus""","""ob us, detailed, addl fetus"""
Category I,Radiology,70000–79999,76815,"""Ob us, limited, fetus(s)""","""ob us, limited, fetus(s)"""
Category I,Radiology,70000–79999,76816,"""Ob us, follow-up, per fetus""","""ob us, follow-up, per fetus"""
Category I,Radiology,70000–79999,76817,"""Transvaginal us, obstetric""","""transvaginal us, obstetric"""
Category I,Radiology,70000–79999,76818,Fetal biophys profile w/nst,fetal biophys profile w/nst
Category I,Radiology,70000–79999,76819,Fetal biophys profil w/o nst,fetal biophys profil w/o nst
Category I,Radiology,70000–79999,76820,Umbilical artery echo,umbilical artery echo
Category I,Radiology,70000–79999,76821,Middle cerebral artery echo,middle cerebral artery echo
Category I,Radiology,70000–79999,76825,Echo exam of fetal heart,echo exam of fetal heart
Category I,Radiology,70000–79999,76826,Echo exam of fetal heart,echo exam of fetal heart
Category I,Radiology,70000–79999,76827,Echo exam of fetal heart,echo exam of fetal heart
Category I,Radiology,70000–79999,76828,Echo exam of fetal heart,echo exam of fetal heart
Category I,Radiology,70000–79999,76830,"""Transvaginal us, non-ob""","""transvaginal us, non-ob"""
Category I,Radiology,70000–79999,76831,"""Echo exam, uterus""","""echo exam, uterus"""
Category I,Radiology,70000–79999,76856,"""Us exam, pelvic, complete""","""us exam, pelvic, complete"""
Category I,Radiology,70000–79999,76857,"""Us exam, pelvic, limited""","""us exam, pelvic, limited"""
Category I,Radiology,70000–79999,76870,"""Us exam, scrotum""","""us exam, scrotum"""
Category I,Radiology,70000–79999,76872,"""Us, transrectal""","""us, transrectal"""
Category I,Radiology,70000–79999,76873,"""Echograp trans r, pros study""","""echograp trans r, pros study"""
Category I,Radiology,70000–79999,76880,"""Us exam, extremity""","""us exam, extremity"""
Category I,Radiology,70000–79999,76885,"""Us exam infant hips, dynamic""","""us exam infant hips, dynamic"""
Category I,Radiology,70000–79999,76886,"""Us exam infant hips, static""","""us exam infant hips, static"""
Category I,Radiology,70000–79999,76930,"""Echo guide, cardiocentesis""","""echo guide, cardiocentesis"""
Category I,Radiology,70000–79999,76932,Echo guide for heart biopsy,echo guide for heart biopsy
Category I,Radiology,70000–79999,76936,Echo guide for artery repair,echo guide for artery repair
Category I,Radiology,70000–79999,76937,"""Us guide, vascular access""","""us guide, vascular access"""
Category I,Radiology,70000–79999,76940,"""Us guide, tissue ablation""","""us guide, tissue ablation"""
Category I,Radiology,70000–79999,76941,Echo guide for transfusion,echo guide for transfusion
Category I,Radiology,70000–79999,76942,Echo guide for biopsy,echo guide for biopsy
Category I,Radiology,70000–79999,76945,"""Echo guide, villus sampling""","""echo guide, villus sampling"""
Category I,Radiology,70000–79999,76946,Echo guide for amniocentesis,echo guide for amniocentesis
Category I,Radiology,70000–79999,76948,"""Echo guide, ova aspiration""","""echo guide, ova aspiration"""
Category I,Radiology,70000–79999,76950,Echo guidance radiotherapy,echo guidance radiotherapy
Category I,Radiology,70000–79999,76965,Echo guidance radiotherapy,echo guidance radiotherapy
Category I,Radiology,70000–79999,76970,Ultrasound exam follow-up,ultrasound exam follow-up
Category I,Radiology,70000–79999,76975,GI endoscopic ultrasound,gi endoscopic ultrasound
Category I,Radiology,70000–79999,76977,Us bone density measure,us bone density measure
Category I,Radiology,70000–79999,76986,Ultrasound guide intraoper,ultrasound guide intraoper
Category I,Radiology,70000–79999,76999,Echo examination procedure,echo examination procedure
Category I,Radiology,70000–79999,77261,Radiation therapy planning,radiation therapy planning
Category I,Radiology,70000–79999,77262,Radiation therapy planning,radiation therapy planning
Category I,Radiology,70000–79999,77263,Radiation therapy planning,radiation therapy planning
Category I,Radiology,70000–79999,77280,Set radiation therapy field,set radiation therapy field
Category I,Radiology,70000–79999,77285,Set radiation therapy field,set radiation therapy field
Category I,Radiology,70000–79999,77290,Set radiation therapy field,set radiation therapy field
Category I,Radiology,70000–79999,77295,Set radiation therapy field,set radiation therapy field
Category I,Radiology,70000–79999,77299,Radiation therapy planning,radiation therapy planning
Category I,Radiology,70000–79999,77300,Radiation therapy dose plan,radiation therapy dose plan
Category I,Radiology,70000–79999,77301,"""Radiotherapy dose plan, imrt""","""radiotherapy dose plan, imrt"""
Category I,Radiology,70000–79999,77305,Teletx isodose plan simple,teletx isodose plan simple
Category I,Radiology,70000–79999,77310,Teletx isodose plan intermed,teletx isodose plan intermed
Category I,Radiology,70000–79999,77315,Teletx isodose plan complex,teletx isodose plan complex
Category I,Radiology,70000–79999,77321,Special teletx port plan,special teletx port plan
Category I,Radiology,70000–79999,77326,Brachytx isodose calc simp,brachytx isodose calc simp
Category I,Radiology,70000–79999,77327,Brachytx isodose calc interm,brachytx isodose calc interm
Category I,Radiology,70000–79999,77328,Brachytx isodose plan compl,brachytx isodose plan compl
Category I,Radiology,70000–79999,77331,Special radiation dosimetry,special radiation dosimetry
Category I,Radiology,70000–79999,77332,Radiation treatment aid(s),radiation treatment aid(s)
Category I,Radiology,70000–79999,77333,Radiation treatment aid(s),radiation treatment aid(s)
Category I,Radiology,70000–79999,77334,Radiation treatment aid(s),radiation treatment aid(s)
Category I,Radiology,70000–79999,77336,Radiation physics consult,radiation physics consult
Category I,Radiology,70000–79999,77370,Radiation physics consult,radiation physics consult
Category I,Radiology,70000–79999,77399,External radiation dosimetry,external radiation dosimetry
Category I,Radiology,70000–79999,77401,Radiation treatment delivery,radiation treatment delivery
Category I,Radiology,70000–79999,77402,Radiation treatment delivery,radiation treatment delivery
Category I,Radiology,70000–79999,77403,Radiation treatment delivery,radiation treatment delivery
Category I,Radiology,70000–79999,77404,Radiation treatment delivery,radiation treatment delivery
Category I,Radiology,70000–79999,77406,Radiation treatment delivery,radiation treatment delivery
Category I,Radiology,70000–79999,77407,Radiation treatment delivery,radiation treatment delivery
Category I,Radiology,70000–79999,77408,Radiation treatment delivery,radiation treatment delivery
Category I,Radiology,70000–79999,77409,Radiation treatment delivery,radiation treatment delivery
Category I,Radiology,70000–79999,77411,Radiation treatment delivery,radiation treatment delivery
Category I,Radiology,70000–79999,77412,Radiation treatment delivery,radiation treatment delivery
Category I,Radiology,70000–79999,77413,Radiation treatment delivery,radiation treatment delivery
Category I,Radiology,70000–79999,77414,Radiation treatment delivery,radiation treatment delivery
Category I,Radiology,70000–79999,77416,Radiation treatment delivery,radiation treatment delivery
Category I,Radiology,70000–79999,77417,Radiology port film(s),radiology port film(s)
Category I,Radiology,70000–79999,77418,"""Radiation tx delivery, imrt""","""radiation tx delivery, imrt"""
Category I,Radiology,70000–79999,77427,"""Radiation tx management, x5""","""radiation tx management, x5"""
Category I,Radiology,70000–79999,77431,Radiation therapy management,radiation therapy management
Category I,Radiology,70000–79999,77432,Stereotactic radiation trmt,stereotactic radiation trmt
Category I,Radiology,70000–79999,77470,Special radiation treatment,special radiation treatment
Category I,Radiology,70000–79999,77499,Radiation therapy management,radiation therapy management
Category I,Radiology,70000–79999,77520,"""Proton trmt, simple w/o comp""","""proton trmt, simple w/o comp"""
Category I,Radiology,70000–79999,77522,"""Proton trmt, simple w/comp""","""proton trmt, simple w/comp"""
Category I,Radiology,70000–79999,77523,"""Proton trmt, intermediate""","""proton trmt, intermediate"""
Category I,Radiology,70000–79999,77525,"""Proton treatment, complex""","""proton treatment, complex"""
Category I,Radiology,70000–79999,77600,Hyperthermia treatment,hyperthermia treatment
Category I,Radiology,70000–79999,77605,Hyperthermia treatment,hyperthermia treatment
Category I,Radiology,70000–79999,77610,Hyperthermia treatment,hyperthermia treatment
Category I,Radiology,70000–79999,77615,Hyperthermia treatment,hyperthermia treatment
Category I,Radiology,70000–79999,77620,Hyperthermia treatment,hyperthermia treatment
Category I,Radiology,70000–79999,77750,Infuse radioactive materials,infuse radioactive materials
Category I,Radiology,70000–79999,77761,Apply intrcav radiat simple,apply intrcav radiat simple
Category I,Radiology,70000–79999,77762,Apply intrcav radiat interm,apply intrcav radiat interm
Category I,Radiology,70000–79999,77763,Apply intrcav radiat compl,apply intrcav radiat compl
Category I,Radiology,70000–79999,77776,Apply interstit radiat simpl,apply interstit radiat simpl
Category I,Radiology,70000–79999,77777,Apply interstit radiat inter,apply interstit radiat inter
Category I,Radiology,70000–79999,77778,Apply interstit radiat compl,apply interstit radiat compl
Category I,Radiology,70000–79999,77781,High intensity brachytherapy,high intensity brachytherapy
Category I,Radiology,70000–79999,77782,High intensity brachytherapy,high intensity brachytherapy
Category I,Radiology,70000–79999,77783,High intensity brachytherapy,high intensity brachytherapy
Category I,Radiology,70000–79999,77784,High intensity brachytherapy,high intensity brachytherapy
Category I,Radiology,70000–79999,77789,Apply surface radiation,apply surface radiation
Category I,Radiology,70000–79999,77790,Radiation handling,radiation handling
Category I,Radiology,70000–79999,77799,Radium/radioisotope therapy,radium/radioisotope therapy
Category I,Radiology,70000–79999,78000,"""Thyroid, single uptake""","""thyroid, single uptake"""
Category I,Radiology,70000–79999,78001,"""Thyroid, multiple uptakes""","""thyroid, multiple uptakes"""
Category I,Radiology,70000–79999,78003,Thyroid suppress/stimul,thyroid suppress/stimul
Category I,Radiology,70000–79999,78006,Thyroid imaging with uptake,thyroid imaging with uptake
Category I,Radiology,70000–79999,78007,"""Thyroid image, mult uptakes""","""thyroid image, mult uptakes"""
Category I,Radiology,70000–79999,78010,Thyroid imaging,thyroid imaging
Category I,Radiology,70000–79999,78011,Thyroid imaging with flow,thyroid imaging with flow
Category I,Radiology,70000–79999,78015,Thyroid met imaging,thyroid met imaging
Category I,Radiology,70000–79999,78016,Thyroid met imaging/studies,thyroid met imaging/studies
Category I,Radiology,70000–79999,78018,"""Thyroid met imaging, body""","""thyroid met imaging, body"""
Category I,Radiology,70000–79999,78020,Thyroid met uptake,thyroid met uptake
Category I,Radiology,70000–79999,78070,Parathyroid nuclear imaging,parathyroid nuclear imaging
Category I,Radiology,70000–79999,78075,Adrenal nuclear imaging,adrenal nuclear imaging
Category I,Radiology,70000–79999,78099,Endocrine nuclear procedure,endocrine nuclear procedure
Category I,Radiology,70000–79999,78102,"""Bone marrow imaging, ltd""","""bone marrow imaging, ltd"""
Category I,Radiology,70000–79999,78103,"""Bone marrow imaging, mult""","""bone marrow imaging, mult"""
Category I,Radiology,70000–79999,78104,"""Bone marrow imaging, body""","""bone marrow imaging, body"""
Category I,Radiology,70000–79999,78110,"""Plasma volume, single""","""plasma volume, single"""
Category I,Radiology,70000–79999,78111,"""Plasma volume, multiple""","""plasma volume, multiple"""
Category I,Radiology,70000–79999,78120,"""Red cell mass, single""","""red cell mass, single"""
Category I,Radiology,70000–79999,78121,"""Red cell mass, multiple""","""red cell mass, multiple"""
Category I,Radiology,70000–79999,78122,Blood volume,blood volume
Category I,Radiology,70000–79999,78130,Red cell survival study,red cell survival study
Category I,Radiology,70000–79999,78135,Red cell survival kinetics,red cell survival kinetics
Category I,Radiology,70000–79999,78140,Red cell sequestration,red cell sequestration
Category I,Radiology,70000–79999,78160,Plasma iron turnover,plasma iron turnover
Category I,Radiology,70000–79999,78162,Radioiron absorption exam,radioiron absorption exam
Category I,Radiology,70000–79999,78170,Red cell iron utilization,red cell iron utilization
Category I,Radiology,70000–79999,78172,Total body iron estimation,total body iron estimation
Category I,Radiology,70000–79999,78185,Spleen imaging,spleen imaging
Category I,Radiology,70000–79999,78190,"""Platelet survival, kinetics""","""platelet survival, kinetics"""
Category I,Radiology,70000–79999,78191,Platelet survival,platelet survival
Category I,Radiology,70000–79999,78195,Lymph system imaging,lymph system imaging
Category I,Radiology,70000–79999,78199,Blood/lymph nuclear exam,blood/lymph nuclear exam
Category I,Radiology,70000–79999,78201,Liver imaging,liver imaging
Category I,Radiology,70000–79999,78202,Liver imaging with flow,liver imaging with flow
Category I,Radiology,70000–79999,78205,Liver imaging (3D),liver imaging (3d)
Category I,Radiology,70000–79999,78206,Liver image (3d) with flow,liver image (3d) with flow
Category I,Radiology,70000–79999,78215,Liver and spleen imaging,liver and spleen imaging
Category I,Radiology,70000–79999,78216,Liver & spleen image/flow,liver & spleen image/flow
Category I,Radiology,70000–79999,78220,Liver function study,liver function study
Category I,Radiology,70000–79999,78223,Hepatobiliary imaging,hepatobiliary imaging
Category I,Radiology,70000–79999,78230,Salivary gland imaging,salivary gland imaging
Category I,Radiology,70000–79999,78231,Serial salivary imaging,serial salivary imaging
Category I,Radiology,70000–79999,78232,Salivary gland function exam,salivary gland function exam
Category I,Radiology,70000–79999,78258,Esophageal motility study,esophageal motility study
Category I,Radiology,70000–79999,78261,Gastric mucosa imaging,gastric mucosa imaging
Category I,Radiology,70000–79999,78262,Gastroesophageal reflux exam,gastroesophageal reflux exam
Category I,Radiology,70000–79999,78264,Gastric emptying study,gastric emptying study
Category I,Radiology,70000–79999,78267,Breath tst attain/anal c-14,breath tst attain/anal c-14
Category I,Radiology,70000–79999,78268,"""Breath test analysis, c-14""","""breath test analysis, c-14"""
Category I,Radiology,70000–79999,78270,Vit B-12 absorption exam,vit b-12 absorption exam
Category I,Radiology,70000–79999,78271,"""Vit b-12 absrp exam, int fac""","""vit b-12 absrp exam, int fac"""
Category I,Radiology,70000–79999,78272,"""Vit B-12 absorp, combined""","""vit b-12 absorp, combined"""
Category I,Radiology,70000–79999,78278,Acute GI blood loss imaging,acute gi blood loss imaging
Category I,Radiology,70000–79999,78282,GI protein loss exam,gi protein loss exam
Category I,Radiology,70000–79999,78290,Meckel?s divert exam,meckel?s divert exam
Category I,Radiology,70000–79999,78291,Leveen/shunt patency exam,leveen/shunt patency exam
Category I,Radiology,70000–79999,78299,GI nuclear procedure,gi nuclear procedure
Category I,Radiology,70000–79999,78300,"""Bone imaging, limited area""","""bone imaging, limited area"""
Category I,Radiology,70000–79999,78305,"""Bone imaging, multiple areas""","""bone imaging, multiple areas"""
Category I,Radiology,70000–79999,78306,"""Bone imaging, whole body""","""bone imaging, whole body"""
Category I,Radiology,70000–79999,78315,"""Bone imaging, 3 phase""","""bone imaging, 3 phase"""
Category I,Radiology,70000–79999,78320,Bone imaging (3D),bone imaging (3d)
Category I,Radiology,70000–79999,78350,"""Bone mineral, single photon""","""bone mineral, single photon"""
Category I,Radiology,70000–79999,78351,"""Bone mineral, dual photon""","""bone mineral, dual photon"""
Category I,Radiology,70000–79999,78399,Musculoskeletal nuclear exam,musculoskeletal nuclear exam
Category I,Radiology,70000–79999,78414,Non-imaging heart function,non-imaging heart function
Category I,Radiology,70000–79999,78428,Cardiac shunt imaging,cardiac shunt imaging
Category I,Radiology,70000–79999,78445,Vascular flow imaging,vascular flow imaging
Category I,Radiology,70000–79999,78455,Venous thrombosis study,venous thrombosis study
Category I,Radiology,70000–79999,78456,Acute venous thrombus image,acute venous thrombus image
Category I,Radiology,70000–79999,78457,Venous thrombosis imaging,venous thrombosis imaging
Category I,Radiology,70000–79999,78458,"""Ven thrombosis images, bilat""","""ven thrombosis images, bilat"""
Category I,Radiology,70000–79999,78459,Heart muscle imaging (PET),heart muscle imaging (pet)
Category I,Radiology,70000–79999,78460,"""Heart muscle blood, single""","""heart muscle blood, single"""
Category I,Radiology,70000–79999,78461,"""Heart muscle blood, multiple""","""heart muscle blood, multiple"""
Category I,Radiology,70000–79999,78464,"""Heart image (3d), single""","""heart image (3d), single"""
Category I,Radiology,70000–79999,78465,"""Heart image (3d), multiple""","""heart image (3d), multiple"""
Category I,Radiology,70000–79999,78466,Heart infarct image,heart infarct image
Category I,Radiology,70000–79999,78468,Heart infarct image (ef),heart infarct image (ef)
Category I,Radiology,70000–79999,78469,Heart infarct image (3D),heart infarct image (3d)
Category I,Radiology,70000–79999,78472,"""Gated heart, planar, single""","""gated heart, planar, single"""
Category I,Radiology,70000–79999,78473,"""Gated heart, multiple""","""gated heart, multiple"""
Category I,Radiology,70000–79999,78478,Heart wall motion add-on,heart wall motion add-on
Category I,Radiology,70000–79999,78480,Heart function add-on,heart function add-on
Category I,Radiology,70000–79999,78481,"""Heart first pass, single""","""heart first pass, single"""
Category I,Radiology,70000–79999,78483,"""Heart first pass, multiple""","""heart first pass, multiple"""
Category I,Radiology,70000–79999,78491,"""Heart image (pet), single""","""heart image (pet), single"""
Category I,Radiology,70000–79999,78492,"""Heart image (pet), multiple""","""heart image (pet), multiple"""
Category I,Radiology,70000–79999,78494,"""Heart image, spect""","""heart image, spect"""
Category I,Radiology,70000–79999,78496,Heart first pass add-on,heart first pass add-on
Category I,Radiology,70000–79999,78499,Cardiovascular nuclear exam,cardiovascular nuclear exam
Category I,Radiology,70000–79999,78580,Lung perfusion imaging,lung perfusion imaging
Category I,Radiology,70000–79999,78584,Lung V/Q image single breath,lung v/q image single breath
Category I,Radiology,70000–79999,78585,Lung V/Q imaging,lung v/q imaging
Category I,Radiology,70000–79999,78586,"""Aerosol lung image, single""","""aerosol lung image, single"""
Category I,Radiology,70000–79999,78587,"""Aerosol lung image, multiple""","""aerosol lung image, multiple"""
Category I,Radiology,70000–79999,78588,Perfusion lung image,perfusion lung image
Category I,Radiology,70000–79999,78591,"""Vent image, 1 breath, 1 proj""","""vent image, 1 breath, 1 proj"""
Category I,Radiology,70000–79999,78593,"""Vent image, 1 proj, gas""","""vent image, 1 proj, gas"""
Category I,Radiology,70000–79999,78594,"""Vent image, mult proj, gas""","""vent image, mult proj, gas"""
Category I,Radiology,70000–79999,78596,Lung differential function,lung differential function
Category I,Radiology,70000–79999,78599,Respiratory nuclear exam,respiratory nuclear exam
Category I,Radiology,70000–79999,78600,"""Brain imaging, ltd static""","""brain imaging, ltd static"""
Category I,Radiology,70000–79999,78601,"""Brain imaging, ltd w/flow""","""brain imaging, ltd w/flow"""
Category I,Radiology,70000–79999,78605,"""Brain imaging, complete""","""brain imaging, complete"""
Category I,Radiology,70000–79999,78606,"""Brain imaging, compl w/flow""","""brain imaging, compl w/flow"""
Category I,Radiology,70000–79999,78607,Brain imaging (3D),brain imaging (3d)
Category I,Radiology,70000–79999,78608,Brain imaging (PET),brain imaging (pet)
Category I,Radiology,70000–79999,78609,Brain imaging (PET),brain imaging (pet)
Category I,Radiology,70000–79999,78610,Brain flow imaging only,brain flow imaging only
Category I,Radiology,70000–79999,78615,Cerebral vascular flow image,cerebral vascular flow image
Category I,Radiology,70000–79999,78630,Cerebrospinal fluid scan,cerebrospinal fluid scan
Category I,Radiology,70000–79999,78635,CSF ventriculography,csf ventriculography
Category I,Radiology,70000–79999,78645,CSF shunt evaluation,csf shunt evaluation
Category I,Radiology,70000–79999,78647,Cerebrospinal fluid scan,cerebrospinal fluid scan
Category I,Radiology,70000–79999,78650,CSF leakage imaging,csf leakage imaging
Category I,Radiology,70000–79999,78660,Nuclear exam of tear flow,nuclear exam of tear flow
Category I,Radiology,70000–79999,78699,Nervous system nuclear exam,nervous system nuclear exam
Category I,Radiology,70000–79999,78700,"""Kidney imaging, static""","""kidney imaging, static"""
Category I,Radiology,70000–79999,78701,Kidney imaging with flow,kidney imaging with flow
Category I,Radiology,70000–79999,78704,Imaging renogram,imaging renogram
Category I,Radiology,70000–79999,78707,Kidney flow/function image,kidney flow/function image
Category I,Radiology,70000–79999,78708,Kidney flow/function image,kidney flow/function image
Category I,Radiology,70000–79999,78709,Kidney flow/function image,kidney flow/function image
Category I,Radiology,70000–79999,78710,Kidney imaging (3D),kidney imaging (3d)
Category I,Radiology,70000–79999,78715,Renal vascular flow exam,renal vascular flow exam
Category I,Radiology,70000–79999,78725,Kidney function study,kidney function study
Category I,Radiology,70000–79999,78730,Urinary bladder retention,urinary bladder retention
Category I,Radiology,70000–79999,78740,Ureteral reflux study,ureteral reflux study
Category I,Radiology,70000–79999,78760,Testicular imaging,testicular imaging
Category I,Radiology,70000–79999,78761,Testicular imaging/flow,testicular imaging/flow
Category I,Radiology,70000–79999,78799,Genitourinary nuclear exam,genitourinary nuclear exam
Category I,Radiology,70000–79999,78800,"""Tumor imaging, limited area""","""tumor imaging, limited area"""
Category I,Radiology,70000–79999,78801,"""Tumor imaging, mult areas""","""tumor imaging, mult areas"""
Category I,Radiology,70000–79999,78802,"""Tumor imaging, whole body""","""tumor imaging, whole body"""
Category I,Radiology,70000–79999,78803,Tumor imaging (3D),tumor imaging (3d)
Category I,Radiology,70000–79999,78804,"""Tumor imaging, whole body""","""tumor imaging, whole body"""
Category I,Radiology,70000–79999,78805,"""Abscess imaging, ltd area""","""abscess imaging, ltd area"""
Category I,Radiology,70000–79999,78806,"""Abscess imaging, whole body""","""abscess imaging, whole body"""
Category I,Radiology,70000–79999,78807,Nuclear localization/abscess,nuclear localization/abscess
Category I,Radiology,70000–79999,78811,"""Tumor imaging (pet), limited""","""tumor imaging (pet), limited"""
Category I,Radiology,70000–79999,78812,Tumor image (pet)/skul-thigh,tumor image (pet)/skul-thigh
Category I,Radiology,70000–79999,78813,Tumor image (pet) full body,tumor image (pet) full body
Category I,Radiology,70000–79999,78814,"""Tumor image pet/ct, limited""","""tumor image pet/ct, limited"""
Category I,Radiology,70000–79999,78815,Tumorimage pet/ct skul-thigh,tumorimage pet/ct skul-thigh
Category I,Radiology,70000–79999,78816,Tumor image pet/ct full body,tumor image pet/ct full body
Category I,Radiology,70000–79999,78890,Nuclear medicine data proc,nuclear medicine data proc
Category I,Radiology,70000–79999,78891,Nuclear med data proc,nuclear med data proc
Category I,Radiology,70000–79999,78999,Nuclear diagnostic exam,nuclear diagnostic exam
Category I,Radiology,70000–79999,79005,"""Nuclear rx, oral admin""","""nuclear rx, oral admin"""
Category I,Radiology,70000–79999,79101,"""Nuclear rx, iv admin""","""nuclear rx, iv admin"""
Category I,Radiology,70000–79999,79200,"""Nuclear rx, intracav admin""","""nuclear rx, intracav admin"""
Category I,Radiology,70000–79999,79300,"""Nuclr rx, interstit colloid""","""nuclr rx, interstit colloid"""
Category I,Radiology,70000–79999,79403,Hematopoietic nuclear tx,hematopoietic nuclear tx
Category I,Radiology,70000–79999,79440,"""Nuclear rx, intra-articular""","""nuclear rx, intra-articular"""
Category I,Radiology,70000–79999,79445,"""Nuclear rx, intra-arterial""","""nuclear rx, intra-arterial"""
Category I,Radiology,70000–79999,79999,Nuclear medicine therapy,nuclear medicine therapy
Category I,Pathology & Laboratory,80000–89999,80048,Basic metabolic panel,basic metabolic panel
Category I,Pathology & Laboratory,80000–89999,80050,General health panel,general health panel
Category I,Pathology & Laboratory,80000–89999,80051,Electrolyte panel,electrolyte panel
Category I,Pathology & Laboratory,80000–89999,80053,Comprehen metabolic panel,comprehen metabolic panel
Category I,Pathology & Laboratory,80000–89999,80055,Obstetric panel,obstetric panel
Category I,Pathology & Laboratory,80000–89999,80061,Lipid panel,lipid panel
Category I,Pathology & Laboratory,80000–89999,80069,Renal function panel,renal function panel
Category I,Pathology & Laboratory,80000–89999,80074,Acute hepatitis panel,acute hepatitis panel
Category I,Pathology & Laboratory,80000–89999,80076,Hepatic function panel,hepatic function panel
Category I,Pathology & Laboratory,80000–89999,80100,"""Drug screen, qualitate/multi""","""drug screen, qualitate/multi"""
Category I,Pathology & Laboratory,80000–89999,80101,"""Drug screen, single""","""drug screen, single"""
Category I,Pathology & Laboratory,80000–89999,80102,Drug confirmation,drug confirmation
Category I,Pathology & Laboratory,80000–89999,80103,"""Drug analysis, tissue prep""","""drug analysis, tissue prep"""
Category I,Pathology & Laboratory,80000–89999,80150,Assay of amikacin,assay of amikacin
Category I,Pathology & Laboratory,80000–89999,80152,Assay of amitriptyline,assay of amitriptyline
Category I,Pathology & Laboratory,80000–89999,80154,Assay of benzodiazepines,assay of benzodiazepines
Category I,Pathology & Laboratory,80000–89999,80156,"""Assay, carbamazepine, total""","""assay, carbamazepine, total"""
Category I,Pathology & Laboratory,80000–89999,80157,"""Assay, carbamazepine, free""","""assay, carbamazepine, free"""
Category I,Pathology & Laboratory,80000–89999,80158,Assay of cyclosporine,assay of cyclosporine
Category I,Pathology & Laboratory,80000–89999,80160,Assay of desipramine,assay of desipramine
Category I,Pathology & Laboratory,80000–89999,80162,Assay of digoxin,assay of digoxin
Category I,Pathology & Laboratory,80000–89999,80164,"""Assay, dipropylacetic acid""","""assay, dipropylacetic acid"""
Category I,Pathology & Laboratory,80000–89999,80166,Assay of doxepin,assay of doxepin
Category I,Pathology & Laboratory,80000–89999,80168,Assay of ethosuximide,assay of ethosuximide
Category I,Pathology & Laboratory,80000–89999,80170,Assay of gentamicin,assay of gentamicin
Category I,Pathology & Laboratory,80000–89999,80172,Assay of gold,assay of gold
Category I,Pathology & Laboratory,80000–89999,80173,Assay of haloperidol,assay of haloperidol
Category I,Pathology & Laboratory,80000–89999,80174,Assay of imipramine,assay of imipramine
Category I,Pathology & Laboratory,80000–89999,80176,Assay of lidocaine,assay of lidocaine
Category I,Pathology & Laboratory,80000–89999,80178,Assay of lithium,assay of lithium
Category I,Pathology & Laboratory,80000–89999,80182,Assay of nortriptyline,assay of nortriptyline
Category I,Pathology & Laboratory,80000–89999,80184,Assay of phenobarbital,assay of phenobarbital
Category I,Pathology & Laboratory,80000–89999,80185,"""Assay of phenytoin, total""","""assay of phenytoin, total"""
Category I,Pathology & Laboratory,80000–89999,80186,"""Assay of phenytoin, free""","""assay of phenytoin, free"""
Category I,Pathology & Laboratory,80000–89999,80188,Assay of primidone,assay of primidone
Category I,Pathology & Laboratory,80000–89999,80190,Assay of procainamide,assay of procainamide
Category I,Pathology & Laboratory,80000–89999,80192,Assay of procainamide,assay of procainamide
Category I,Pathology & Laboratory,80000–89999,80194,Assay of quinidine,assay of quinidine
Category I,Pathology & Laboratory,80000–89999,80196,Assay of salicylate,assay of salicylate
Category I,Pathology & Laboratory,80000–89999,80197,Assay of tacrolimus,assay of tacrolimus
Category I,Pathology & Laboratory,80000–89999,80198,Assay of theophylline,assay of theophylline
Category I,Pathology & Laboratory,80000–89999,80200,Assay of tobramycin,assay of tobramycin
Category I,Pathology & Laboratory,80000–89999,80201,Assay of topiramate,assay of topiramate
Category I,Pathology & Laboratory,80000–89999,80202,Assay of vancomycin,assay of vancomycin
Category I,Pathology & Laboratory,80000–89999,80299,"""Quantitative assay, drug""","""quantitative assay, drug"""
Category I,Pathology & Laboratory,80000–89999,80400,Acth stimulation panel,acth stimulation panel
Category I,Pathology & Laboratory,80000–89999,80402,Acth stimulation panel,acth stimulation panel
Category I,Pathology & Laboratory,80000–89999,80406,Acth stimulation panel,acth stimulation panel
Category I,Pathology & Laboratory,80000–89999,80408,Aldosterone suppression eval,aldosterone suppression eval
Category I,Pathology & Laboratory,80000–89999,80410,Calcitonin stimul panel,calcitonin stimul panel
Category I,Pathology & Laboratory,80000–89999,80412,CRH stimulation panel,crh stimulation panel
Category I,Pathology & Laboratory,80000–89999,80414,Testosterone response,testosterone response
Category I,Pathology & Laboratory,80000–89999,80415,Estradiol response panel,estradiol response panel
Category I,Pathology & Laboratory,80000–89999,80416,Renin stimulation panel,renin stimulation panel
Category I,Pathology & Laboratory,80000–89999,80417,Renin stimulation panel,renin stimulation panel
Category I,Pathology & Laboratory,80000–89999,80418,Pituitary evaluation panel,pituitary evaluation panel
Category I,Pathology & Laboratory,80000–89999,80420,Dexamethasone panel,dexamethasone panel
Category I,Pathology & Laboratory,80000–89999,80422,Glucagon tolerance panel,glucagon tolerance panel
Category I,Pathology & Laboratory,80000–89999,80424,Glucagon tolerance panel,glucagon tolerance panel
Category I,Pathology & Laboratory,80000–89999,80426,Gonadotropin hormone panel,gonadotropin hormone panel
Category I,Pathology & Laboratory,80000–89999,80428,Growth hormone panel,growth hormone panel
Category I,Pathology & Laboratory,80000–89999,80430,Growth hormone panel,growth hormone panel
Category I,Pathology & Laboratory,80000–89999,80432,Insulin suppression panel,insulin suppression panel
Category I,Pathology & Laboratory,80000–89999,80434,Insulin tolerance panel,insulin tolerance panel
Category I,Pathology & Laboratory,80000–89999,80435,Insulin tolerance panel,insulin tolerance panel
Category I,Pathology & Laboratory,80000–89999,80436,Metyrapone panel,metyrapone panel
Category I,Pathology & Laboratory,80000–89999,80438,TRH stimulation panel,trh stimulation panel
Category I,Pathology & Laboratory,80000–89999,80439,TRH stimulation panel,trh stimulation panel
Category I,Pathology & Laboratory,80000–89999,80440,TRH stimulation panel,trh stimulation panel
Category I,Pathology & Laboratory,80000–89999,80500,Lab pathology consultation,lab pathology consultation
Category I,Pathology & Laboratory,80000–89999,80502,Lab pathology consultation,lab pathology consultation
Category I,Pathology & Laboratory,80000–89999,81000,"""Urinalysis, nonauto w/scope""","""urinalysis, nonauto w/scope"""
Category I,Pathology & Laboratory,80000–89999,81001,"""Urinalysis, auto w/scope""","""urinalysis, auto w/scope"""
Category I,Pathology & Laboratory,80000–89999,81002,Urinalysis nonauto w/o scope,urinalysis nonauto w/o scope
Category I,Pathology & Laboratory,80000–89999,81003,"""Urinalysis, auto, w/o scope""","""urinalysis, auto, w/o scope"""
Category I,Pathology & Laboratory,80000–89999,81005,Urinalysis,urinalysis
Category I,Pathology & Laboratory,80000–89999,81007,Urine screen for bacteria,urine screen for bacteria
Category I,Pathology & Laboratory,80000–89999,81015,Microscopic exam of urine,microscopic exam of urine
Category I,Pathology & Laboratory,80000–89999,81020,"""Urinalysis, glass test""","""urinalysis, glass test"""
Category I,Pathology & Laboratory,80000–89999,81025,Urine pregnancy test,urine pregnancy test
Category I,Pathology & Laboratory,80000–89999,81050,"""Urinalysis, volume measure""","""urinalysis, volume measure"""
Category I,Pathology & Laboratory,80000–89999,81099,Urinalysis test procedure,urinalysis test procedure
Category I,Pathology & Laboratory,80000–89999,82000,Assay of blood acetaldehyde,assay of blood acetaldehyde
Category I,Pathology & Laboratory,80000–89999,82003,Assay of acetaminophen,assay of acetaminophen
Category I,Pathology & Laboratory,80000–89999,82009,Test for acetone/ketones,test for acetone/ketones
Category I,Pathology & Laboratory,80000–89999,82010,Acetone assay,acetone assay
Category I,Pathology & Laboratory,80000–89999,82013,Acetylcholinesterase assay,acetylcholinesterase assay
Category I,Pathology & Laboratory,80000–89999,82016,"""Acylcarnitines, qual""","""acylcarnitines, qual"""
Category I,Pathology & Laboratory,80000–89999,82017,"""Acylcarnitines, quant""","""acylcarnitines, quant"""
Category I,Pathology & Laboratory,80000–89999,82024,Assay of acth,assay of acth
Category I,Pathology & Laboratory,80000–89999,82030,Assay of adp & amp,assay of adp & amp
Category I,Pathology & Laboratory,80000–89999,82040,Assay of serum albumin,assay of serum albumin
Category I,Pathology & Laboratory,80000–89999,82042,Assay of urine albumin,assay of urine albumin
Category I,Pathology & Laboratory,80000–89999,82043,"""Microalbumin, quantitative""","""microalbumin, quantitative"""
Category I,Pathology & Laboratory,80000–89999,82044,"""Microalbumin, semiquant""","""microalbumin, semiquant"""
Category I,Pathology & Laboratory,80000–89999,82045,"""Albumin, ischemia modified""","""albumin, ischemia modified"""
Category I,Pathology & Laboratory,80000–89999,82055,Assay of ethanol,assay of ethanol
Category I,Pathology & Laboratory,80000–89999,82075,Assay of breath ethanol,assay of breath ethanol
Category I,Pathology & Laboratory,80000–89999,82085,Assay of aldolase,assay of aldolase
Category I,Pathology & Laboratory,80000–89999,82088,Assay of aldosterone,assay of aldosterone
Category I,Pathology & Laboratory,80000–89999,82101,Assay of urine alkaloids,assay of urine alkaloids
Category I,Pathology & Laboratory,80000–89999,82103,"""Alpha-1-antitrypsin, total""","""alpha-1-antitrypsin, total"""
Category I,Pathology & Laboratory,80000–89999,82104,"""Alpha-1-antitrypsin, pheno""","""alpha-1-antitrypsin, pheno"""
Category I,Pathology & Laboratory,80000–89999,82105,"""Alpha-fetoprotein, serum""","""alpha-fetoprotein, serum"""
Category I,Pathology & Laboratory,80000–89999,82106,"""Alpha-fetoprotein, amniotic""","""alpha-fetoprotein, amniotic"""
Category I,Pathology & Laboratory,80000–89999,82108,Assay of aluminum,assay of aluminum
Category I,Pathology & Laboratory,80000–89999,82120,"""Amines, vaginal fluid qual""","""amines, vaginal fluid qual"""
Category I,Pathology & Laboratory,80000–89999,82127,"""Amino acid, single qual""","""amino acid, single qual"""
Category I,Pathology & Laboratory,80000–89999,82128,"""Amino acids, mult qual""","""amino acids, mult qual"""
Category I,Pathology & Laboratory,80000–89999,82131,"""Amino acids, single quant""","""amino acids, single quant"""
Category I,Pathology & Laboratory,80000–89999,82135,"""Assay, aminolevulinic acid""","""assay, aminolevulinic acid"""
Category I,Pathology & Laboratory,80000–89999,82136,"""Amino acids, quant, 2-5""","""amino acids, quant, 2-5"""
Category I,Pathology & Laboratory,80000–89999,82139,"""Amino acids, quan, 6 or more""","""amino acids, quan, 6 or more"""
Category I,Pathology & Laboratory,80000–89999,82140,Assay of ammonia,assay of ammonia
Category I,Pathology & Laboratory,80000–89999,82143,Amniotic fluid scan,amniotic fluid scan
Category I,Pathology & Laboratory,80000–89999,82145,Assay of amphetamines,assay of amphetamines
Category I,Pathology & Laboratory,80000–89999,82150,Assay of amylase,assay of amylase
Category I,Pathology & Laboratory,80000–89999,82154,Androstanediol glucuronide,androstanediol glucuronide
Category I,Pathology & Laboratory,80000–89999,82157,Assay of androstenedione,assay of androstenedione
Category I,Pathology & Laboratory,80000–89999,82160,Assay of androsterone,assay of androsterone
Category I,Pathology & Laboratory,80000–89999,82163,Assay of angiotensin II,assay of angiotensin ii
Category I,Pathology & Laboratory,80000–89999,82164,Angiotensin I enzyme test,angiotensin i enzyme test
Category I,Pathology & Laboratory,80000–89999,82172,Assay of apolipoprotein,assay of apolipoprotein
Category I,Pathology & Laboratory,80000–89999,82175,Assay of arsenic,assay of arsenic
Category I,Pathology & Laboratory,80000–89999,82180,Assay of ascorbic acid,assay of ascorbic acid
Category I,Pathology & Laboratory,80000–89999,82190,Atomic absorption,atomic absorption
Category I,Pathology & Laboratory,80000–89999,82205,Assay of barbiturates,assay of barbiturates
Category I,Pathology & Laboratory,80000–89999,82232,Assay of beta-2 protein,assay of beta-2 protein
Category I,Pathology & Laboratory,80000–89999,82239,"""Bile acids, total""","""bile acids, total"""
Category I,Pathology & Laboratory,80000–89999,82240,"""Bile acids, cholylglycine""","""bile acids, cholylglycine"""
Category I,Pathology & Laboratory,80000–89999,82247,"""Bilirubin, total""","""bilirubin, total"""
Category I,Pathology & Laboratory,80000–89999,82248,"""Bilirubin, direct""","""bilirubin, direct"""
Category I,Pathology & Laboratory,80000–89999,82252,Fecal bilirubin test,fecal bilirubin test
Category I,Pathology & Laboratory,80000–89999,82261,Assay of biotinidase,assay of biotinidase
Category I,Pathology & Laboratory,80000–89999,82270,"""Test for blood, feces""","""test for blood, feces"""
Category I,Pathology & Laboratory,80000–89999,82273,"""Test for blood, other source""","""test for blood, other source"""
Category I,Pathology & Laboratory,80000–89999,82274,"""Assay test for blood, fecal""","""assay test for blood, fecal"""
Category I,Pathology & Laboratory,80000–89999,82286,Assay of bradykinin,assay of bradykinin
Category I,Pathology & Laboratory,80000–89999,82300,Assay of cadmium,assay of cadmium
Category I,Pathology & Laboratory,80000–89999,82306,Assay of vitamin D,assay of vitamin d
Category I,Pathology & Laboratory,80000–89999,82307,Assay of vitamin D,assay of vitamin d
Category I,Pathology & Laboratory,80000–89999,82308,Assay of calcitonin,assay of calcitonin
Category I,Pathology & Laboratory,80000–89999,82310,Assay of calcium,assay of calcium
Category I,Pathology & Laboratory,80000–89999,82330,Assay of calcium,assay of calcium
Category I,Pathology & Laboratory,80000–89999,82331,Calcium infusion test,calcium infusion test
Category I,Pathology & Laboratory,80000–89999,82340,Assay of calcium in urine,assay of calcium in urine
Category I,Pathology & Laboratory,80000–89999,82355,"""Calculus analysis, qual""","""calculus analysis, qual"""
Category I,Pathology & Laboratory,80000–89999,82360,"""Calculus assay, quant""","""calculus assay, quant"""
Category I,Pathology & Laboratory,80000–89999,82365,Calculus spectroscopy,calculus spectroscopy
Category I,Pathology & Laboratory,80000–89999,82370,"""X-ray assay, calculus""","""x-ray assay, calculus"""
Category I,Pathology & Laboratory,80000–89999,82373,"""Assay, c-d transfer measure""","""assay, c-d transfer measure"""
Category I,Pathology & Laboratory,80000–89999,82374,"""Assay, blood carbon dioxide""","""assay, blood carbon dioxide"""
Category I,Pathology & Laboratory,80000–89999,82375,"""Assay, blood carbon monoxide""","""assay, blood carbon monoxide"""
Category I,Pathology & Laboratory,80000–89999,82376,Test for carbon monoxide,test for carbon monoxide
Category I,Pathology & Laboratory,80000–89999,82378,Carcinoembryonic antigen,carcinoembryonic antigen
Category I,Pathology & Laboratory,80000–89999,82379,Assay of carnitine,assay of carnitine
Category I,Pathology & Laboratory,80000–89999,82380,Assay of carotene,assay of carotene
Category I,Pathology & Laboratory,80000–89999,82382,"""Assay, urine catecholamines""","""assay, urine catecholamines"""
Category I,Pathology & Laboratory,80000–89999,82383,"""Assay, blood catecholamines""","""assay, blood catecholamines"""
Category I,Pathology & Laboratory,80000–89999,82384,"""Assay, three catecholamines""","""assay, three catecholamines"""
Category I,Pathology & Laboratory,80000–89999,82387,Assay of cathepsin-d,assay of cathepsin-d
Category I,Pathology & Laboratory,80000–89999,82390,Assay of ceruloplasmin,assay of ceruloplasmin
Category I,Pathology & Laboratory,80000–89999,82397,Chemiluminescent assay,chemiluminescent assay
Category I,Pathology & Laboratory,80000–89999,82415,Assay of chloramphenicol,assay of chloramphenicol
Category I,Pathology & Laboratory,80000–89999,82435,Assay of blood chloride,assay of blood chloride
Category I,Pathology & Laboratory,80000–89999,82436,Assay of urine chloride,assay of urine chloride
Category I,Pathology & Laboratory,80000–89999,82438,"""Assay, other fluid chlorides""","""assay, other fluid chlorides"""
Category I,Pathology & Laboratory,80000–89999,82441,Test for chlorohydrocarbons,test for chlorohydrocarbons
Category I,Pathology & Laboratory,80000–89999,82465,"""Assay, bld/serum cholesterol""","""assay, bld/serum cholesterol"""
Category I,Pathology & Laboratory,80000–89999,82480,"""Assay, serum cholinesterase""","""assay, serum cholinesterase"""
Category I,Pathology & Laboratory,80000–89999,82482,"""Assay, rbc cholinesterase""","""assay, rbc cholinesterase"""
Category I,Pathology & Laboratory,80000–89999,82485,"""Assay, chondroitin sulfate""","""assay, chondroitin sulfate"""
Category I,Pathology & Laboratory,80000–89999,82486,Gas/liquid chromatography,gas/liquid chromatography
Category I,Pathology & Laboratory,80000–89999,82487,Paper chromatography,paper chromatography
Category I,Pathology & Laboratory,80000–89999,82488,Paper chromatography,paper chromatography
Category I,Pathology & Laboratory,80000–89999,82489,Thin layer chromatography,thin layer chromatography
Category I,Pathology & Laboratory,80000–89999,82491,"""Chromotography, quant, sing""","""chromotography, quant, sing"""
Category I,Pathology & Laboratory,80000–89999,82492,"""Chromotography, quant, mult""","""chromotography, quant, mult"""
Category I,Pathology & Laboratory,80000–89999,82495,Assay of chromium,assay of chromium
Category I,Pathology & Laboratory,80000–89999,82507,Assay of citrate,assay of citrate
Category I,Pathology & Laboratory,80000–89999,82520,Assay of cocaine,assay of cocaine
Category I,Pathology & Laboratory,80000–89999,82523,Collagen crosslinks,collagen crosslinks
Category I,Pathology & Laboratory,80000–89999,82525,Assay of copper,assay of copper
Category I,Pathology & Laboratory,80000–89999,82528,Assay of corticosterone,assay of corticosterone
Category I,Pathology & Laboratory,80000–89999,82530,"""Cortisol, free""","""cortisol, free"""
Category I,Pathology & Laboratory,80000–89999,82533,Total cortisol,total cortisol
Category I,Pathology & Laboratory,80000–89999,82540,Assay of creatine,assay of creatine
Category I,Pathology & Laboratory,80000–89999,82541,"""Column chromotography, qual""","""column chromotography, qual"""
Category I,Pathology & Laboratory,80000–89999,82542,"""Column chromotography, quant""","""column chromotography, quant"""
Category I,Pathology & Laboratory,80000–89999,82543,Column chromotograph/isotope,column chromotograph/isotope
Category I,Pathology & Laboratory,80000–89999,82544,Column chromotograph/isotope,column chromotograph/isotope
Category I,Pathology & Laboratory,80000–89999,82550,Assay of ck (cpk),assay of ck (cpk)
Category I,Pathology & Laboratory,80000–89999,82552,Assay of cpk in blood,assay of cpk in blood
Category I,Pathology & Laboratory,80000–89999,82553,"""Creatine, MB fraction""","""creatine, mb fraction"""
Category I,Pathology & Laboratory,80000–89999,82554,"""Creatine, isoforms""","""creatine, isoforms"""
Category I,Pathology & Laboratory,80000–89999,82565,Assay of creatinine,assay of creatinine
Category I,Pathology & Laboratory,80000–89999,82570,Assay of urine creatinine,assay of urine creatinine
Category I,Pathology & Laboratory,80000–89999,82575,Creatinine clearance test,creatinine clearance test
Category I,Pathology & Laboratory,80000–89999,82585,Assay of cryofibrinogen,assay of cryofibrinogen
Category I,Pathology & Laboratory,80000–89999,82595,Assay of cryoglobulin,assay of cryoglobulin
Category I,Pathology & Laboratory,80000–89999,82600,Assay of cyanide,assay of cyanide
Category I,Pathology & Laboratory,80000–89999,82607,Vitamin B-12,vitamin b-12
Category I,Pathology & Laboratory,80000–89999,82608,B-12 binding capacity,b-12 binding capacity
Category I,Pathology & Laboratory,80000–89999,82615,Test for urine cystines,test for urine cystines
Category I,Pathology & Laboratory,80000–89999,82626,Dehydroepiandrosterone,dehydroepiandrosterone
Category I,Pathology & Laboratory,80000–89999,82627,Dehydroepiandrosterone,dehydroepiandrosterone
Category I,Pathology & Laboratory,80000–89999,82633,Desoxycorticosterone,desoxycorticosterone
Category I,Pathology & Laboratory,80000–89999,82634,Deoxycortisol,deoxycortisol
Category I,Pathology & Laboratory,80000–89999,82638,Assay of dibucaine number,assay of dibucaine number
Category I,Pathology & Laboratory,80000–89999,82646,Assay of dihydrocodeinone,assay of dihydrocodeinone
Category I,Pathology & Laboratory,80000–89999,82649,Assay of dihydromorphinone,assay of dihydromorphinone
Category I,Pathology & Laboratory,80000–89999,82651,Assay of dihydrotestosterone,assay of dihydrotestosterone
Category I,Pathology & Laboratory,80000–89999,82652,Assay of dihydroxyvitamin d,assay of dihydroxyvitamin d
Category I,Pathology & Laboratory,80000–89999,82654,Assay of dimethadione,assay of dimethadione
Category I,Pathology & Laboratory,80000–89999,82656,"""Pancreatic elastase, fecal""","""pancreatic elastase, fecal"""
Category I,Pathology & Laboratory,80000–89999,82657,Enzyme cell activity,enzyme cell activity
Category I,Pathology & Laboratory,80000–89999,82658,"""Enzyme cell activity, ra""","""enzyme cell activity, ra"""
Category I,Pathology & Laboratory,80000–89999,82664,Electrophoretic test,electrophoretic test
Category I,Pathology & Laboratory,80000–89999,82666,Assay of epiandrosterone,assay of epiandrosterone
Category I,Pathology & Laboratory,80000–89999,82668,Assay of erythropoietin,assay of erythropoietin
Category I,Pathology & Laboratory,80000–89999,82670,Assay of estradiol,assay of estradiol
Category I,Pathology & Laboratory,80000–89999,82671,Assay of estrogens,assay of estrogens
Category I,Pathology & Laboratory,80000–89999,82672,Assay of estrogen,assay of estrogen
Category I,Pathology & Laboratory,80000–89999,82677,Assay of estriol,assay of estriol
Category I,Pathology & Laboratory,80000–89999,82679,Assay of estrone,assay of estrone
Category I,Pathology & Laboratory,80000–89999,82690,Assay of ethchlorvynol,assay of ethchlorvynol
Category I,Pathology & Laboratory,80000–89999,82693,Assay of ethylene glycol,assay of ethylene glycol
Category I,Pathology & Laboratory,80000–89999,82696,Assay of etiocholanolone,assay of etiocholanolone
Category I,Pathology & Laboratory,80000–89999,82705,"""Fats/lipids, feces, qual""","""fats/lipids, feces, qual"""
Category I,Pathology & Laboratory,80000–89999,82710,"""Fats/lipids, feces, quant""","""fats/lipids, feces, quant"""
Category I,Pathology & Laboratory,80000–89999,82715,Assay of fecal fat,assay of fecal fat
Category I,Pathology & Laboratory,80000–89999,82725,Assay of blood fatty acids,assay of blood fatty acids
Category I,Pathology & Laboratory,80000–89999,82726,Long chain fatty acids,long chain fatty acids
Category I,Pathology & Laboratory,80000–89999,82728,Assay of ferritin,assay of ferritin
Category I,Pathology & Laboratory,80000–89999,82731,Assay of fetal fibronectin,assay of fetal fibronectin
Category I,Pathology & Laboratory,80000–89999,82735,Assay of fluoride,assay of fluoride
Category I,Pathology & Laboratory,80000–89999,82742,Assay of flurazepam,assay of flurazepam
Category I,Pathology & Laboratory,80000–89999,82746,Blood folic acid serum,blood folic acid serum
Category I,Pathology & Laboratory,80000–89999,82747,"""Assay of folic acid, rbc""","""assay of folic acid, rbc"""
Category I,Pathology & Laboratory,80000–89999,82757,Assay of semen fructose,assay of semen fructose
Category I,Pathology & Laboratory,80000–89999,82759,Assay of rbc galactokinase,assay of rbc galactokinase
Category I,Pathology & Laboratory,80000–89999,82760,Assay of galactose,assay of galactose
Category I,Pathology & Laboratory,80000–89999,82775,Assay galactose transferase,assay galactose transferase
Category I,Pathology & Laboratory,80000–89999,82776,Galactose transferase test,galactose transferase test
Category I,Pathology & Laboratory,80000–89999,82784,Assay of gammaglobulin igm,assay of gammaglobulin igm
Category I,Pathology & Laboratory,80000–89999,82785,Assay of gammaglobulin ige,assay of gammaglobulin ige
Category I,Pathology & Laboratory,80000–89999,82787,"""Igg 1, 2, 3 or 4, each""","""igg 1, 2, 3 or 4, each"""
Category I,Pathology & Laboratory,80000–89999,82800,Blood pH,blood ph
Category I,Pathology & Laboratory,80000–89999,82803,"""Blood gases: pH, pO2 & pCO2""","""blood gases: ph, po2 & pco2"""
Category I,Pathology & Laboratory,80000–89999,82805,Blood gases W/02 saturation,blood gases w/02 saturation
Category I,Pathology & Laboratory,80000–89999,82810,"""Blood gases, O2 sat only""","""blood gases, o2 sat only"""
Category I,Pathology & Laboratory,80000–89999,82820,Hemoglobin-oxygen affinity,hemoglobin-oxygen affinity
Category I,Pathology & Laboratory,80000–89999,82926,Assay of gastric acid,assay of gastric acid
Category I,Pathology & Laboratory,80000–89999,82928,Assay of gastric acid,assay of gastric acid
Category I,Pathology & Laboratory,80000–89999,82938,Gastrin test,gastrin test
Category I,Pathology & Laboratory,80000–89999,82941,Assay of gastrin,assay of gastrin
Category I,Pathology & Laboratory,80000–89999,82943,Assay of glucagon,assay of glucagon
Category I,Pathology & Laboratory,80000–89999,82945,Glucose other fluid,glucose other fluid
Category I,Pathology & Laboratory,80000–89999,82946,Glucagon tolerance test,glucagon tolerance test
Category I,Pathology & Laboratory,80000–89999,82947,"""Assay, glucose, blood quant""","""assay, glucose, blood quant"""
Category I,Pathology & Laboratory,80000–89999,82948,Reagent strip/blood glucose,reagent strip/blood glucose
Category I,Pathology & Laboratory,80000–89999,82950,Glucose test,glucose test
Category I,Pathology & Laboratory,80000–89999,82951,Glucose tolerance test (GTT),glucose tolerance test (gtt)
Category I,Pathology & Laboratory,80000–89999,82952,GTT-added samples,gtt-added samples
Category I,Pathology & Laboratory,80000–89999,82953,Glucose-tolbutamide test,glucose-tolbutamide test
Category I,Pathology & Laboratory,80000–89999,82955,Assay of g6pd enzyme,assay of g6pd enzyme
Category I,Pathology & Laboratory,80000–89999,82960,Test for G6PD enzyme,test for g6pd enzyme
Category I,Pathology & Laboratory,80000–89999,82962,Glucose blood test,glucose blood test
Category I,Pathology & Laboratory,80000–89999,82963,Assay of glucosidase,assay of glucosidase
Category I,Pathology & Laboratory,80000–89999,82965,Assay of gdh enzyme,assay of gdh enzyme
Category I,Pathology & Laboratory,80000–89999,82975,Assay of glutamine,assay of glutamine
Category I,Pathology & Laboratory,80000–89999,82977,Assay of GGT,assay of ggt
Category I,Pathology & Laboratory,80000–89999,82978,Assay of glutathione,assay of glutathione
Category I,Pathology & Laboratory,80000–89999,82979,"""Assay, rbc glutathione""","""assay, rbc glutathione"""
Category I,Pathology & Laboratory,80000–89999,82980,Assay of glutethimide,assay of glutethimide
Category I,Pathology & Laboratory,80000–89999,82985,Glycated protein,glycated protein
Category I,Pathology & Laboratory,80000–89999,83001,Gonadotropin (FSH),gonadotropin (fsh)
Category I,Pathology & Laboratory,80000–89999,83002,Gonadotropin (LH),gonadotropin (lh)
Category I,Pathology & Laboratory,80000–89999,83003,"""Assay, growth hormone (hgh)""","""assay, growth hormone (hgh)"""
Category I,Pathology & Laboratory,80000–89999,83008,Assay of guanosine,assay of guanosine
Category I,Pathology & Laboratory,80000–89999,83009,"""H pylori (c-13), blood""","""h pylori (c-13), blood"""
Category I,Pathology & Laboratory,80000–89999,83010,"""Assay of haptoglobin, quant""","""assay of haptoglobin, quant"""
Category I,Pathology & Laboratory,80000–89999,83012,Assay of haptoglobins,assay of haptoglobins
Category I,Pathology & Laboratory,80000–89999,83013,"""H pylori (c-13), breath""","""h pylori (c-13), breath"""
Category I,Pathology & Laboratory,80000–89999,83014,H pylori drug admin,h pylori drug admin
Category I,Pathology & Laboratory,80000–89999,83015,Heavy metal screen,heavy metal screen
Category I,Pathology & Laboratory,80000–89999,83018,"""Quantitative screen, metals""","""quantitative screen, metals"""
Category I,Pathology & Laboratory,80000–89999,83020,Hemoglobin electrophoresis,hemoglobin electrophoresis
Category I,Pathology & Laboratory,80000–89999,83021,Hemoglobin chromotography,hemoglobin chromotography
Category I,Pathology & Laboratory,80000–89999,83026,"""Hemoglobin, copper sulfate""","""hemoglobin, copper sulfate"""
Category I,Pathology & Laboratory,80000–89999,83030,"""Fetal hemoglobin, chemical""","""fetal hemoglobin, chemical"""
Category I,Pathology & Laboratory,80000–89999,83033,"""Fetal hemoglobin assay, qual""","""fetal hemoglobin assay, qual"""
Category I,Pathology & Laboratory,80000–89999,83036,Glycated hemoglobin test,glycated hemoglobin test
Category I,Pathology & Laboratory,80000–89999,83045,Blood methemoglobin test,blood methemoglobin test
Category I,Pathology & Laboratory,80000–89999,83050,Blood methemoglobin assay,blood methemoglobin assay
Category I,Pathology & Laboratory,80000–89999,83051,Assay of plasma hemoglobin,assay of plasma hemoglobin
Category I,Pathology & Laboratory,80000–89999,83055,Blood sulfhemoglobin test,blood sulfhemoglobin test
Category I,Pathology & Laboratory,80000–89999,83060,Blood sulfhemoglobin assay,blood sulfhemoglobin assay
Category I,Pathology & Laboratory,80000–89999,83065,Assay of hemoglobin heat,assay of hemoglobin heat
Category I,Pathology & Laboratory,80000–89999,83068,Hemoglobin stability screen,hemoglobin stability screen
Category I,Pathology & Laboratory,80000–89999,83069,Assay of urine hemoglobin,assay of urine hemoglobin
Category I,Pathology & Laboratory,80000–89999,83070,"""Assay of hemosiderin, qual""","""assay of hemosiderin, qual"""
Category I,Pathology & Laboratory,80000–89999,83071,"""Assay of hemosiderin, quant""","""assay of hemosiderin, quant"""
Category I,Pathology & Laboratory,80000–89999,83080,Assay of b hexosaminidase,assay of b hexosaminidase
Category I,Pathology & Laboratory,80000–89999,83088,Assay of histamine,assay of histamine
Category I,Pathology & Laboratory,80000–89999,83090,Assay of homocystine,assay of homocystine
Category I,Pathology & Laboratory,80000–89999,83150,Assay of for hva,assay of for hva
Category I,Pathology & Laboratory,80000–89999,83491,Assay of corticosteroids,assay of corticosteroids
Category I,Pathology & Laboratory,80000–89999,83497,Assay of 5-hiaa,assay of 5-hiaa
Category I,Pathology & Laboratory,80000–89999,83498,Assay of progesterone,assay of progesterone
Category I,Pathology & Laboratory,80000–89999,83499,Assay of progesterone,assay of progesterone
Category I,Pathology & Laboratory,80000–89999,83500,"""Assay, free hydroxyproline""","""assay, free hydroxyproline"""
Category I,Pathology & Laboratory,80000–89999,83505,"""Assay, total hydroxyproline""","""assay, total hydroxyproline"""
Category I,Pathology & Laboratory,80000–89999,83516,"""Immunoassay, nonantibody""","""immunoassay, nonantibody"""
Category I,Pathology & Laboratory,80000–89999,83518,"""Immunoassay, dipstick""","""immunoassay, dipstick"""
Category I,Pathology & Laboratory,80000–89999,83519,"""Immunoassay, nonantibody""","""immunoassay, nonantibody"""
Category I,Pathology & Laboratory,80000–89999,83520,"""Immunoassay, RIA""","""immunoassay, ria"""
Category I,Pathology & Laboratory,80000–89999,83525,Assay of insulin,assay of insulin
Category I,Pathology & Laboratory,80000–89999,83527,Assay of insulin,assay of insulin
Category I,Pathology & Laboratory,80000–89999,83528,Assay of intrinsic factor,assay of intrinsic factor
Category I,Pathology & Laboratory,80000–89999,83540,Assay of iron,assay of iron
Category I,Pathology & Laboratory,80000–89999,83550,Iron binding test,iron binding test
Category I,Pathology & Laboratory,80000–89999,83570,Assay of idh enzyme,assay of idh enzyme
Category I,Pathology & Laboratory,80000–89999,83582,Assay of ketogenic steroids,assay of ketogenic steroids
Category I,Pathology & Laboratory,80000–89999,83586,Assay 17- ketosteroids,assay 17- ketosteroids
Category I,Pathology & Laboratory,80000–89999,83593,"""Fractionation, ketosteroids""","""fractionation, ketosteroids"""
Category I,Pathology & Laboratory,80000–89999,83605,Assay of lactic acid,assay of lactic acid
Category I,Pathology & Laboratory,80000–89999,83615,Lactate (LD) (LDH) enzyme,lactate (ld) (ldh) enzyme
Category I,Pathology & Laboratory,80000–89999,83625,Assay of ldh enzymes,assay of ldh enzymes
Category I,Pathology & Laboratory,80000–89999,83630,"""Lactoferrin, fecal (qual)""","""lactoferrin, fecal (qual)"""
Category I,Pathology & Laboratory,80000–89999,83632,Placental lactogen,placental lactogen
Category I,Pathology & Laboratory,80000–89999,83633,Test urine for lactose,test urine for lactose
Category I,Pathology & Laboratory,80000–89999,83634,Assay of urine for lactose,assay of urine for lactose
Category I,Pathology & Laboratory,80000–89999,83655,Assay of lead,assay of lead
Category I,Pathology & Laboratory,80000–89999,83661,"""L/s ratio, fetal lung""","""l/s ratio, fetal lung"""
Category I,Pathology & Laboratory,80000–89999,83662,"""Foam stability, fetal lung""","""foam stability, fetal lung"""
Category I,Pathology & Laboratory,80000–89999,83663,"""Fluoro polarize, fetal lung""","""fluoro polarize, fetal lung"""
Category I,Pathology & Laboratory,80000–89999,83664,"""Lamellar bdy, fetal lung""","""lamellar bdy, fetal lung"""
Category I,Pathology & Laboratory,80000–89999,83670,Assay of lap enzyme,assay of lap enzyme
Category I,Pathology & Laboratory,80000–89999,83690,Assay of lipase,assay of lipase
Category I,Pathology & Laboratory,80000–89999,83715,Assay of blood lipoproteins,assay of blood lipoproteins
Category I,Pathology & Laboratory,80000–89999,83716,Assay of blood lipoproteins,assay of blood lipoproteins
Category I,Pathology & Laboratory,80000–89999,83718,Assay of lipoprotein,assay of lipoprotein
Category I,Pathology & Laboratory,80000–89999,83719,Assay of blood lipoprotein,assay of blood lipoprotein
Category I,Pathology & Laboratory,80000–89999,83721,Assay of blood lipoprotein,assay of blood lipoprotein
Category I,Pathology & Laboratory,80000–89999,83727,Assay of lrh hormone,assay of lrh hormone
Category I,Pathology & Laboratory,80000–89999,83735,Assay of magnesium,assay of magnesium
Category I,Pathology & Laboratory,80000–89999,83775,Assay of md enzyme,assay of md enzyme
Category I,Pathology & Laboratory,80000–89999,83785,Assay of manganese,assay of manganese
Category I,Pathology & Laboratory,80000–89999,83788,Mass spectrometry qual,mass spectrometry qual
Category I,Pathology & Laboratory,80000–89999,83789,Mass spectrometry quant,mass spectrometry quant
Category I,Pathology & Laboratory,80000–89999,83805,Assay of meprobamate,assay of meprobamate
Category I,Pathology & Laboratory,80000–89999,83825,Assay of mercury,assay of mercury
Category I,Pathology & Laboratory,80000–89999,83835,Assay of metanephrines,assay of metanephrines
Category I,Pathology & Laboratory,80000–89999,83840,Assay of methadone,assay of methadone
Category I,Pathology & Laboratory,80000–89999,83857,Assay of methemalbumin,assay of methemalbumin
Category I,Pathology & Laboratory,80000–89999,83858,Assay of methsuximide,assay of methsuximide
Category I,Pathology & Laboratory,80000–89999,83864,Mucopolysaccharides,mucopolysaccharides
Category I,Pathology & Laboratory,80000–89999,83866,Mucopolysaccharides screen,mucopolysaccharides screen
Category I,Pathology & Laboratory,80000–89999,83872,Assay synovial fluid mucin,assay synovial fluid mucin
Category I,Pathology & Laboratory,80000–89999,83873,Assay of csf protein,assay of csf protein
Category I,Pathology & Laboratory,80000–89999,83874,Assay of myoglobin,assay of myoglobin
Category I,Pathology & Laboratory,80000–89999,83880,Natriuretic peptide,natriuretic peptide
Category I,Pathology & Laboratory,80000–89999,83883,"""Assay, nephelometry not spec""","""assay, nephelometry not spec"""
Category I,Pathology & Laboratory,80000–89999,83885,Assay of nickel,assay of nickel
Category I,Pathology & Laboratory,80000–89999,83887,Assay of nicotine,assay of nicotine
Category I,Pathology & Laboratory,80000–89999,83890,Molecule isolate,molecule isolate
Category I,Pathology & Laboratory,80000–89999,83891,Molecule isolate nucleic,molecule isolate nucleic
Category I,Pathology & Laboratory,80000–89999,83892,Molecular diagnostics,molecular diagnostics
Category I,Pathology & Laboratory,80000–89999,83893,Molecule dot/slot/blot,molecule dot/slot/blot
Category I,Pathology & Laboratory,80000–89999,83894,Molecule gel electrophor,molecule gel electrophor
Category I,Pathology & Laboratory,80000–89999,83896,Molecular diagnostics,molecular diagnostics
Category I,Pathology & Laboratory,80000–89999,83897,Molecule nucleic transfer,molecule nucleic transfer
Category I,Pathology & Laboratory,80000–89999,83898,Molecule nucleic ampli,molecule nucleic ampli
Category I,Pathology & Laboratory,80000–89999,83901,Molecule nucleic ampli,molecule nucleic ampli
Category I,Pathology & Laboratory,80000–89999,83902,Molecular diagnostics,molecular diagnostics
Category I,Pathology & Laboratory,80000–89999,83903,Molecule mutation scan,molecule mutation scan
Category I,Pathology & Laboratory,80000–89999,83904,Molecule mutation identify,molecule mutation identify
Category I,Pathology & Laboratory,80000–89999,83905,Molecule mutation identify,molecule mutation identify
Category I,Pathology & Laboratory,80000–89999,83906,Molecule mutation identify,molecule mutation identify
Category I,Pathology & Laboratory,80000–89999,83912,Genetic examination,genetic examination
Category I,Pathology & Laboratory,80000–89999,83915,Assay of nucleotidase,assay of nucleotidase
Category I,Pathology & Laboratory,80000–89999,83916,Oligoclonal bands,oligoclonal bands
Category I,Pathology & Laboratory,80000–89999,83918,"""Organic acids, total, quant""","""organic acids, total, quant"""
Category I,Pathology & Laboratory,80000–89999,83919,"""Organic acids, qual, each""","""organic acids, qual, each"""
Category I,Pathology & Laboratory,80000–89999,83921,"""Organic acid,  single, quant""","""organic acid,  single, quant"""
Category I,Pathology & Laboratory,80000–89999,83925,Assay of opiates,assay of opiates
Category I,Pathology & Laboratory,80000–89999,83930,Assay of blood osmolality,assay of blood osmolality
Category I,Pathology & Laboratory,80000–89999,83935,Assay of urine osmolality,assay of urine osmolality
Category I,Pathology & Laboratory,80000–89999,83937,Assay of osteocalcin,assay of osteocalcin
Category I,Pathology & Laboratory,80000–89999,83945,Assay of oxalate,assay of oxalate
Category I,Pathology & Laboratory,80000–89999,83950,"""Oncoprotein, her-2/neu""","""oncoprotein, her-2/neu"""
Category I,Pathology & Laboratory,80000–89999,83970,Assay of parathormone,assay of parathormone
Category I,Pathology & Laboratory,80000–89999,83986,Assay of body fluid acidity,assay of body fluid acidity
Category I,Pathology & Laboratory,80000–89999,83992,Assay for phencyclidine,assay for phencyclidine
Category I,Pathology & Laboratory,80000–89999,84022,Assay of phenothiazine,assay of phenothiazine
Category I,Pathology & Laboratory,80000–89999,84030,Assay of blood pku,assay of blood pku
Category I,Pathology & Laboratory,80000–89999,84035,Assay of phenylketones,assay of phenylketones
Category I,Pathology & Laboratory,80000–89999,84060,Assay acid phosphatase,assay acid phosphatase
Category I,Pathology & Laboratory,80000–89999,84061,"""Phosphatase, forensic exam""","""phosphatase, forensic exam"""
Category I,Pathology & Laboratory,80000–89999,84066,Assay prostate phosphatase,assay prostate phosphatase
Category I,Pathology & Laboratory,80000–89999,84075,Assay alkaline phosphatase,assay alkaline phosphatase
Category I,Pathology & Laboratory,80000–89999,84078,Assay alkaline phosphatase,assay alkaline phosphatase
Category I,Pathology & Laboratory,80000–89999,84080,Assay alkaline phosphatases,assay alkaline phosphatases
Category I,Pathology & Laboratory,80000–89999,84081,Amniotic fluid enzyme test,amniotic fluid enzyme test
Category I,Pathology & Laboratory,80000–89999,84085,Assay of rbc pg6d enzyme,assay of rbc pg6d enzyme
Category I,Pathology & Laboratory,80000–89999,84087,Assay phosphohexose enzymes,assay phosphohexose enzymes
Category I,Pathology & Laboratory,80000–89999,84100,Assay of phosphorus,assay of phosphorus
Category I,Pathology & Laboratory,80000–89999,84105,Assay of urine phosphorus,assay of urine phosphorus
Category I,Pathology & Laboratory,80000–89999,84106,Test for porphobilinogen,test for porphobilinogen
Category I,Pathology & Laboratory,80000–89999,84110,Assay of porphobilinogen,assay of porphobilinogen
Category I,Pathology & Laboratory,80000–89999,84119,Test urine for porphyrins,test urine for porphyrins
Category I,Pathology & Laboratory,80000–89999,84120,Assay of urine porphyrins,assay of urine porphyrins
Category I,Pathology & Laboratory,80000–89999,84126,Assay of feces porphyrins,assay of feces porphyrins
Category I,Pathology & Laboratory,80000–89999,84127,Assay of feces porphyrins,assay of feces porphyrins
Category I,Pathology & Laboratory,80000–89999,84132,Assay of serum potassium,assay of serum potassium
Category I,Pathology & Laboratory,80000–89999,84133,Assay of urine potassium,assay of urine potassium
Category I,Pathology & Laboratory,80000–89999,84134,Assay of prealbumin,assay of prealbumin
Category I,Pathology & Laboratory,80000–89999,84135,Assay of pregnanediol,assay of pregnanediol
Category I,Pathology & Laboratory,80000–89999,84138,Assay of pregnanetriol,assay of pregnanetriol
Category I,Pathology & Laboratory,80000–89999,84140,Assay of pregnenolone,assay of pregnenolone
Category I,Pathology & Laboratory,80000–89999,84143,Assay of 17-hydroxypregneno,assay of 17-hydroxypregneno
Category I,Pathology & Laboratory,80000–89999,84144,Assay of progesterone,assay of progesterone
Category I,Pathology & Laboratory,80000–89999,84146,Assay of prolactin,assay of prolactin
Category I,Pathology & Laboratory,80000–89999,84150,Assay of prostaglandin,assay of prostaglandin
Category I,Pathology & Laboratory,80000–89999,84152,"""Assay of psa, complexed""","""assay of psa, complexed"""
Category I,Pathology & Laboratory,80000–89999,84153,"""Assay of psa, total""","""assay of psa, total"""
Category I,Pathology & Laboratory,80000–89999,84154,"""Assay of psa, free""","""assay of psa, free"""
Category I,Pathology & Laboratory,80000–89999,84155,"""Assay of protein, serum""","""assay of protein, serum"""
Category I,Pathology & Laboratory,80000–89999,84156,"""Assay of protein, urine""","""assay of protein, urine"""
Category I,Pathology & Laboratory,80000–89999,84157,"""Assay of protein, other""","""assay of protein, other"""
Category I,Pathology & Laboratory,80000–89999,84160,"""Assay of protein, any source""","""assay of protein, any source"""
Category I,Pathology & Laboratory,80000–89999,84163,"""Pappa, serum""","""pappa, serum"""
Category I,Pathology & Laboratory,80000–89999,84165,"""Protein e-phoresis, serum""","""protein e-phoresis, serum"""
Category I,Pathology & Laboratory,80000–89999,84166,Protein e-phoresis/urine/csf,protein e-phoresis/urine/csf
Category I,Pathology & Laboratory,80000–89999,84181,Western blot test,western blot test
Category I,Pathology & Laboratory,80000–89999,84182,"""Protein, western blot test""","""protein, western blot test"""
Category I,Pathology & Laboratory,80000–89999,84202,Assay RBC protoporphyrin,assay rbc protoporphyrin
Category I,Pathology & Laboratory,80000–89999,84203,Test RBC protoporphyrin,test rbc protoporphyrin
Category I,Pathology & Laboratory,80000–89999,84206,Assay of proinsulin,assay of proinsulin
Category I,Pathology & Laboratory,80000–89999,84207,Assay of vitamin b-6,assay of vitamin b-6
Category I,Pathology & Laboratory,80000–89999,84210,Assay of pyruvate,assay of pyruvate
Category I,Pathology & Laboratory,80000–89999,84220,Assay of pyruvate kinase,assay of pyruvate kinase
Category I,Pathology & Laboratory,80000–89999,84228,Assay of quinine,assay of quinine
Category I,Pathology & Laboratory,80000–89999,84233,Assay of estrogen,assay of estrogen
Category I,Pathology & Laboratory,80000–89999,84234,Assay of progesterone,assay of progesterone
Category I,Pathology & Laboratory,80000–89999,84235,Assay of endocrine hormone,assay of endocrine hormone
Category I,Pathology & Laboratory,80000–89999,84238,"""Assay, nonendocrine receptor""","""assay, nonendocrine receptor"""
Category I,Pathology & Laboratory,80000–89999,84244,Assay of renin,assay of renin
Category I,Pathology & Laboratory,80000–89999,84252,Assay of vitamin b-2,assay of vitamin b-2
Category I,Pathology & Laboratory,80000–89999,84255,Assay of selenium,assay of selenium
Category I,Pathology & Laboratory,80000–89999,84260,Assay of serotonin,assay of serotonin
Category I,Pathology & Laboratory,80000–89999,84270,Assay of sex hormone globul,assay of sex hormone globul
Category I,Pathology & Laboratory,80000–89999,84275,Assay of sialic acid,assay of sialic acid
Category I,Pathology & Laboratory,80000–89999,84285,Assay of silica,assay of silica
Category I,Pathology & Laboratory,80000–89999,84295,Assay of serum sodium,assay of serum sodium
Category I,Pathology & Laboratory,80000–89999,84300,Assay of urine sodium,assay of urine sodium
Category I,Pathology & Laboratory,80000–89999,84302,Assay of sweat sodium,assay of sweat sodium
Category I,Pathology & Laboratory,80000–89999,84305,Assay of somatomedin,assay of somatomedin
Category I,Pathology & Laboratory,80000–89999,84307,Assay of somatostatin,assay of somatostatin
Category I,Pathology & Laboratory,80000–89999,84311,Spectrophotometry,spectrophotometry
Category I,Pathology & Laboratory,80000–89999,84315,Body fluid specific gravity,body fluid specific gravity
Category I,Pathology & Laboratory,80000–89999,84375,"""Chromatogram assay, sugars""","""chromatogram assay, sugars"""
Category I,Pathology & Laboratory,80000–89999,84376,"""Sugars, single, qual""","""sugars, single, qual"""
Category I,Pathology & Laboratory,80000–89999,84377,"""Sugars, multiple, qual""","""sugars, multiple, qual"""
Category I,Pathology & Laboratory,80000–89999,84378,"""Sugars, single, quant""","""sugars, single, quant"""
Category I,Pathology & Laboratory,80000–89999,84379,Sugars multiple quant,sugars multiple quant
Category I,Pathology & Laboratory,80000–89999,84392,Assay of urine sulfate,assay of urine sulfate
Category I,Pathology & Laboratory,80000–89999,84402,Assay of testosterone,assay of testosterone
Category I,Pathology & Laboratory,80000–89999,84403,Assay of total testosterone,assay of total testosterone
Category I,Pathology & Laboratory,80000–89999,84425,Assay of vitamin b-1,assay of vitamin b-1
Category I,Pathology & Laboratory,80000–89999,84430,Assay of thiocyanate,assay of thiocyanate
Category I,Pathology & Laboratory,80000–89999,84432,Assay of thyroglobulin,assay of thyroglobulin
Category I,Pathology & Laboratory,80000–89999,84436,Assay of total thyroxine,assay of total thyroxine
Category I,Pathology & Laboratory,80000–89999,84437,Assay of neonatal thyroxine,assay of neonatal thyroxine
Category I,Pathology & Laboratory,80000–89999,84439,Assay of free thyroxine,assay of free thyroxine
Category I,Pathology & Laboratory,80000–89999,84442,Assay of thyroid activity,assay of thyroid activity
Category I,Pathology & Laboratory,80000–89999,84443,Assay thyroid stim hormone,assay thyroid stim hormone
Category I,Pathology & Laboratory,80000–89999,84445,Assay of tsi,assay of tsi
Category I,Pathology & Laboratory,80000–89999,84446,Assay of vitamin e,assay of vitamin e
Category I,Pathology & Laboratory,80000–89999,84449,Assay of transcortin,assay of transcortin
Category I,Pathology & Laboratory,80000–89999,84450,Transferase (AST) (SGOT),transferase (ast) (sgot)
Category I,Pathology & Laboratory,80000–89999,84460,Alanine amino (ALT) (SGPT),alanine amino (alt) (sgpt)
Category I,Pathology & Laboratory,80000–89999,84466,Assay of transferrin,assay of transferrin
Category I,Pathology & Laboratory,80000–89999,84478,Assay of triglycerides,assay of triglycerides
Category I,Pathology & Laboratory,80000–89999,84479,Assay of thyroid (t3 or t4),assay of thyroid (t3 or t4)
Category I,Pathology & Laboratory,80000–89999,84480,"""Assay, triiodothyronine (t3)""","""assay, triiodothyronine (t3)"""
Category I,Pathology & Laboratory,80000–89999,84481,Free assay (FT-3),free assay (ft-3)
Category I,Pathology & Laboratory,80000–89999,84482,T3 reverse,t3 reverse
Category I,Pathology & Laboratory,80000–89999,84484,"""Assay of troponin, quant""","""assay of troponin, quant"""
Category I,Pathology & Laboratory,80000–89999,84485,Assay duodenal fluid trypsin,assay duodenal fluid trypsin
Category I,Pathology & Laboratory,80000–89999,84488,Test feces for trypsin,test feces for trypsin
Category I,Pathology & Laboratory,80000–89999,84490,Assay of feces for trypsin,assay of feces for trypsin
Category I,Pathology & Laboratory,80000–89999,84510,Assay of tyrosine,assay of tyrosine
Category I,Pathology & Laboratory,80000–89999,84512,"""Assay of troponin, qual""","""assay of troponin, qual"""
Category I,Pathology & Laboratory,80000–89999,84520,Assay of urea nitrogen,assay of urea nitrogen
Category I,Pathology & Laboratory,80000–89999,84525,Urea nitrogen semi-quant,urea nitrogen semi-quant
Category I,Pathology & Laboratory,80000–89999,84540,Assay of urine/urea-n,assay of urine/urea-n
Category I,Pathology & Laboratory,80000–89999,84545,Urea-N clearance test,urea-n clearance test
Category I,Pathology & Laboratory,80000–89999,84550,Assay of blood/uric acid,assay of blood/uric acid
Category I,Pathology & Laboratory,80000–89999,84560,Assay of urine/uric acid,assay of urine/uric acid
Category I,Pathology & Laboratory,80000–89999,84577,Assay of feces/urobilinogen,assay of feces/urobilinogen
Category I,Pathology & Laboratory,80000–89999,84578,Test urine urobilinogen,test urine urobilinogen
Category I,Pathology & Laboratory,80000–89999,84580,Assay of urine urobilinogen,assay of urine urobilinogen
Category I,Pathology & Laboratory,80000–89999,84583,Assay of urine urobilinogen,assay of urine urobilinogen
Category I,Pathology & Laboratory,80000–89999,84585,Assay of urine vma,assay of urine vma
Category I,Pathology & Laboratory,80000–89999,84586,Assay of vip,assay of vip
Category I,Pathology & Laboratory,80000–89999,84588,Assay of vasopressin,assay of vasopressin
Category I,Pathology & Laboratory,80000–89999,84590,Assay of vitamin a,assay of vitamin a
Category I,Pathology & Laboratory,80000–89999,84591,Assay of nos vitamin,assay of nos vitamin
Category I,Pathology & Laboratory,80000–89999,84597,Assay of vitamin k,assay of vitamin k
Category I,Pathology & Laboratory,80000–89999,84600,Assay of volatiles,assay of volatiles
Category I,Pathology & Laboratory,80000–89999,84620,Xylose tolerance test,xylose tolerance test
Category I,Pathology & Laboratory,80000–89999,84630,Assay of zinc,assay of zinc
Category I,Pathology & Laboratory,80000–89999,84681,Assay of c-peptide,assay of c-peptide
Category I,Pathology & Laboratory,80000–89999,84702,Chorionic gonadotropin test,chorionic gonadotropin test
Category I,Pathology & Laboratory,80000–89999,84703,Chorionic gonadotropin assay,chorionic gonadotropin assay
Category I,Pathology & Laboratory,80000–89999,84830,Ovulation tests,ovulation tests
Category I,Pathology & Laboratory,80000–89999,84999,Clinical chemistry test,clinical chemistry test
Category I,Pathology & Laboratory,80000–89999,85002,Bleeding time test,bleeding time test
Category I,Pathology & Laboratory,80000–89999,85004,Automated diff wbc count,automated diff wbc count
Category I,Pathology & Laboratory,80000–89999,85007,Bl smear w/diff wbc count,bl smear w/diff wbc count
Category I,Pathology & Laboratory,80000–89999,85008,Bl smear w/o diff wbc count,bl smear w/o diff wbc count
Category I,Pathology & Laboratory,80000–89999,85009,Manual diff wbc count b-coat,manual diff wbc count b-coat
Category I,Pathology & Laboratory,80000–89999,85013,Spun microhematocrit,spun microhematocrit
Category I,Pathology & Laboratory,80000–89999,85014,Hematocrit,hematocrit
Category I,Pathology & Laboratory,80000–89999,85018,Hemoglobin,hemoglobin
Category I,Pathology & Laboratory,80000–89999,85025,Complete cbc w/auto diff wbc,complete cbc w/auto diff wbc
Category I,Pathology & Laboratory,80000–89999,85027,"""Complete cbc, automated""","""complete cbc, automated"""
Category I,Pathology & Laboratory,80000–89999,85032,"""Manual cell count, each""","""manual cell count, each"""
Category I,Pathology & Laboratory,80000–89999,85041,Automated rbc count,automated rbc count
Category I,Pathology & Laboratory,80000–89999,85044,Manual reticulocyte count,manual reticulocyte count
Category I,Pathology & Laboratory,80000–89999,85045,Automated reticulocyte count,automated reticulocyte count
Category I,Pathology & Laboratory,80000–89999,85046,Reticyte/hgb concentrate,reticyte/hgb concentrate
Category I,Pathology & Laboratory,80000–89999,85048,Automated leukocyte count,automated leukocyte count
Category I,Pathology & Laboratory,80000–89999,85049,Automated platelet count,automated platelet count
Category I,Pathology & Laboratory,80000–89999,85055,Reticulated platelet assay,reticulated platelet assay
Category I,Pathology & Laboratory,80000–89999,85060,Blood smear interpretation,blood smear interpretation
Category I,Pathology & Laboratory,80000–89999,85097,Bone marrow interpretation,bone marrow interpretation
Category I,Pathology & Laboratory,80000–89999,85130,Chromogenic substrate assay,chromogenic substrate assay
Category I,Pathology & Laboratory,80000–89999,85170,Blood clot retraction,blood clot retraction
Category I,Pathology & Laboratory,80000–89999,85175,Blood clot lysis time,blood clot lysis time
Category I,Pathology & Laboratory,80000–89999,85210,Blood clot factor II test,blood clot factor ii test
Category I,Pathology & Laboratory,80000–89999,85220,Blood clot factor V test,blood clot factor v test
Category I,Pathology & Laboratory,80000–89999,85230,Blood clot factor VII test,blood clot factor vii test
Category I,Pathology & Laboratory,80000–89999,85240,Blood clot factor VIII test,blood clot factor viii test
Category I,Pathology & Laboratory,80000–89999,85244,Blood clot factor VIII test,blood clot factor viii test
Category I,Pathology & Laboratory,80000–89999,85245,Blood clot factor VIII test,blood clot factor viii test
Category I,Pathology & Laboratory,80000–89999,85246,Blood clot factor VIII test,blood clot factor viii test
Category I,Pathology & Laboratory,80000–89999,85247,Blood clot factor VIII test,blood clot factor viii test
Category I,Pathology & Laboratory,80000–89999,85250,Blood clot factor IX test,blood clot factor ix test
Category I,Pathology & Laboratory,80000–89999,85260,Blood clot factor X test,blood clot factor x test
Category I,Pathology & Laboratory,80000–89999,85270,Blood clot factor XI test,blood clot factor xi test
Category I,Pathology & Laboratory,80000–89999,85280,Blood clot factor XII test,blood clot factor xii test
Category I,Pathology & Laboratory,80000–89999,85290,Blood clot factor XIII test,blood clot factor xiii test
Category I,Pathology & Laboratory,80000–89999,85291,Blood clot factor XIII test,blood clot factor xiii test
Category I,Pathology & Laboratory,80000–89999,85292,Blood clot factor assay,blood clot factor assay
Category I,Pathology & Laboratory,80000–89999,85293,Blood clot factor assay,blood clot factor assay
Category I,Pathology & Laboratory,80000–89999,85300,Antithrombin III test,antithrombin iii test
Category I,Pathology & Laboratory,80000–89999,85301,Antithrombin III test,antithrombin iii test
Category I,Pathology & Laboratory,80000–89999,85302,Blood clot inhibitor antigen,blood clot inhibitor antigen
Category I,Pathology & Laboratory,80000–89999,85303,Blood clot inhibitor test,blood clot inhibitor test
Category I,Pathology & Laboratory,80000–89999,85305,Blood clot inhibitor assay,blood clot inhibitor assay
Category I,Pathology & Laboratory,80000–89999,85306,Blood clot inhibitor test,blood clot inhibitor test
Category I,Pathology & Laboratory,80000–89999,85307,Assay activated protein c,assay activated protein c
Category I,Pathology & Laboratory,80000–89999,85335,Factor inhibitor test,factor inhibitor test
Category I,Pathology & Laboratory,80000–89999,85337,Thrombomodulin,thrombomodulin
Category I,Pathology & Laboratory,80000–89999,85345,Coagulation time,coagulation time
Category I,Pathology & Laboratory,80000–89999,85347,Coagulation time,coagulation time
Category I,Pathology & Laboratory,80000–89999,85348,Coagulation time,coagulation time
Category I,Pathology & Laboratory,80000–89999,85360,Euglobulin lysis,euglobulin lysis
Category I,Pathology & Laboratory,80000–89999,85362,Fibrin degradation products,fibrin degradation products
Category I,Pathology & Laboratory,80000–89999,85366,Fibrinogen test,fibrinogen test
Category I,Pathology & Laboratory,80000–89999,85370,Fibrinogen test,fibrinogen test
Category I,Pathology & Laboratory,80000–89999,85378,"""Fibrin degrade, semiquant""","""fibrin degrade, semiquant"""
Category I,Pathology & Laboratory,80000–89999,85379,"""Fibrin degradation, quant""","""fibrin degradation, quant"""
Category I,Pathology & Laboratory,80000–89999,85380,"""Fibrin degradation, vte""","""fibrin degradation, vte"""
Category I,Pathology & Laboratory,80000–89999,85384,Fibrinogen,fibrinogen
Category I,Pathology & Laboratory,80000–89999,85385,Fibrinogen,fibrinogen
Category I,Pathology & Laboratory,80000–89999,85390,Fibrinolysins screen,fibrinolysins screen
Category I,Pathology & Laboratory,80000–89999,85396,"""Clotting assay, whole blood""","""clotting assay, whole blood"""
Category I,Pathology & Laboratory,80000–89999,85400,Fibrinolytic plasmin,fibrinolytic plasmin
Category I,Pathology & Laboratory,80000–89999,85410,Fibrinolytic antiplasmin,fibrinolytic antiplasmin
Category I,Pathology & Laboratory,80000–89999,85415,Fibrinolytic plasminogen,fibrinolytic plasminogen
Category I,Pathology & Laboratory,80000–89999,85420,Fibrinolytic plasminogen,fibrinolytic plasminogen
Category I,Pathology & Laboratory,80000–89999,85421,Fibrinolytic plasminogen,fibrinolytic plasminogen
Category I,Pathology & Laboratory,80000–89999,85441,"""Heinz bodies, direct""","""heinz bodies, direct"""
Category I,Pathology & Laboratory,80000–89999,85445,"""Heinz bodies, induced""","""heinz bodies, induced"""
Category I,Pathology & Laboratory,80000–89999,85460,"""Hemoglobin, fetal""","""hemoglobin, fetal"""
Category I,Pathology & Laboratory,80000–89999,85461,"""Hemoglobin, fetal""","""hemoglobin, fetal"""
Category I,Pathology & Laboratory,80000–89999,85475,Hemolysin,hemolysin
Category I,Pathology & Laboratory,80000–89999,85520,Heparin assay,heparin assay
Category I,Pathology & Laboratory,80000–89999,85525,Heparin neutralization,heparin neutralization
Category I,Pathology & Laboratory,80000–89999,85530,Heparin-protamine tolerance,heparin-protamine tolerance
Category I,Pathology & Laboratory,80000–89999,85536,Iron stain peripheral blood,iron stain peripheral blood
Category I,Pathology & Laboratory,80000–89999,85540,Wbc alkaline phosphatase,wbc alkaline phosphatase
Category I,Pathology & Laboratory,80000–89999,85547,RBC mechanical fragility,rbc mechanical fragility
Category I,Pathology & Laboratory,80000–89999,85549,Muramidase,muramidase
Category I,Pathology & Laboratory,80000–89999,85555,RBC osmotic fragility,rbc osmotic fragility
Category I,Pathology & Laboratory,80000–89999,85557,RBC osmotic fragility,rbc osmotic fragility
Category I,Pathology & Laboratory,80000–89999,85576,Blood platelet aggregation,blood platelet aggregation
Category I,Pathology & Laboratory,80000–89999,85597,Platelet neutralization,platelet neutralization
Category I,Pathology & Laboratory,80000–89999,85610,Prothrombin time,prothrombin time
Category I,Pathology & Laboratory,80000–89999,85611,Prothrombin test,prothrombin test
Category I,Pathology & Laboratory,80000–89999,85612,Viper venom prothrombin time,viper venom prothrombin time
Category I,Pathology & Laboratory,80000–89999,85613,"""Russell viper venom, diluted""","""russell viper venom, diluted"""
Category I,Pathology & Laboratory,80000–89999,85635,Reptilase test,reptilase test
Category I,Pathology & Laboratory,80000–89999,85651,"""Rbc sed rate, nonautomated""","""rbc sed rate, nonautomated"""
Category I,Pathology & Laboratory,80000–89999,85652,"""Rbc sed rate, automated""","""rbc sed rate, automated"""
Category I,Pathology & Laboratory,80000–89999,85660,RBC sickle cell test,rbc sickle cell test
Category I,Pathology & Laboratory,80000–89999,85670,"""Thrombin time, plasma""","""thrombin time, plasma"""
Category I,Pathology & Laboratory,80000–89999,85675,"""Thrombin time, titer""","""thrombin time, titer"""
Category I,Pathology & Laboratory,80000–89999,85705,Thromboplastin inhibition,thromboplastin inhibition
Category I,Pathology & Laboratory,80000–89999,85730,"""Thromboplastin time, partial""","""thromboplastin time, partial"""
Category I,Pathology & Laboratory,80000–89999,85732,"""Thromboplastin time, partial""","""thromboplastin time, partial"""
Category I,Pathology & Laboratory,80000–89999,85810,Blood viscosity examination,blood viscosity examination
Category I,Pathology & Laboratory,80000–89999,85999,Hematology procedure,hematology procedure
Category I,Pathology & Laboratory,80000–89999,86000,"""Agglutinins, febrile""","""agglutinins, febrile"""
Category I,Pathology & Laboratory,80000–89999,86001,Allergen specific igg,allergen specific igg
Category I,Pathology & Laboratory,80000–89999,86003,Allergen specific IgE,allergen specific ige
Category I,Pathology & Laboratory,80000–89999,86005,Allergen specific IgE,allergen specific ige
Category I,Pathology & Laboratory,80000–89999,86021,WBC antibody identification,wbc antibody identification
Category I,Pathology & Laboratory,80000–89999,86022,Platelet antibodies,platelet antibodies
Category I,Pathology & Laboratory,80000–89999,86023,Immunoglobulin assay,immunoglobulin assay
Category I,Pathology & Laboratory,80000–89999,86038,Antinuclear antibodies,antinuclear antibodies
Category I,Pathology & Laboratory,80000–89999,86039,Antinuclear antibodies (ANA),antinuclear antibodies (ana)
Category I,Pathology & Laboratory,80000–89999,86060,"""Antistreptolysin o, titer""","""antistreptolysin o, titer"""
Category I,Pathology & Laboratory,80000–89999,86063,"""Antistreptolysin o, screen""","""antistreptolysin o, screen"""
Category I,Pathology & Laboratory,80000–89999,86064,"""B cells, total count""","""b cells, total count"""
Category I,Pathology & Laboratory,80000–89999,86077,Physician blood bank service,physician blood bank service
Category I,Pathology & Laboratory,80000–89999,86078,Physician blood bank service,physician blood bank service
Category I,Pathology & Laboratory,80000–89999,86079,Physician blood bank service,physician blood bank service
Category I,Pathology & Laboratory,80000–89999,86140,C-reactive protein,c-reactive protein
Category I,Pathology & Laboratory,80000–89999,86141,"""C-reactive protein, hs""","""c-reactive protein, hs"""
Category I,Pathology & Laboratory,80000–89999,86146,Glycoprotein antibody,glycoprotein antibody
Category I,Pathology & Laboratory,80000–89999,86147,Cardiolipin antibody,cardiolipin antibody
Category I,Pathology & Laboratory,80000–89999,86148,Phospholipid antibody,phospholipid antibody
Category I,Pathology & Laboratory,80000–89999,86155,Chemotaxis assay,chemotaxis assay
Category I,Pathology & Laboratory,80000–89999,86156,"""Cold agglutinin, screen""","""cold agglutinin, screen"""
Category I,Pathology & Laboratory,80000–89999,86157,"""Cold agglutinin, titer""","""cold agglutinin, titer"""
Category I,Pathology & Laboratory,80000–89999,86160,"""Complement, antigen""","""complement, antigen"""
Category I,Pathology & Laboratory,80000–89999,86161,Complement/function activity,complement/function activity
Category I,Pathology & Laboratory,80000–89999,86162,"""Complement, total (CH50)""","""complement, total (ch50)"""
Category I,Pathology & Laboratory,80000–89999,86171,"""Complement fixation, each""","""complement fixation, each"""
Category I,Pathology & Laboratory,80000–89999,86185,Counterimmunoelectrophoresis,counterimmunoelectrophoresis
Category I,Pathology & Laboratory,80000–89999,86215,"""Deoxyribonuclease, antibody""","""deoxyribonuclease, antibody"""
Category I,Pathology & Laboratory,80000–89999,86225,DNA antibody,dna antibody
Category I,Pathology & Laboratory,80000–89999,86226,"""DNA antibody, single strand""","""dna antibody, single strand"""
Category I,Pathology & Laboratory,80000–89999,86235,Nuclear antigen antibody,nuclear antigen antibody
Category I,Pathology & Laboratory,80000–89999,86243,Fc receptor,fc receptor
Category I,Pathology & Laboratory,80000–89999,86255,"""Fluorescent antibody, screen""","""fluorescent antibody, screen"""
Category I,Pathology & Laboratory,80000–89999,86256,"""Fluorescent antibody, titer""","""fluorescent antibody, titer"""
Category I,Pathology & Laboratory,80000–89999,86277,Growth hormone antibody,growth hormone antibody
Category I,Pathology & Laboratory,80000–89999,86280,Hemagglutination inhibition,hemagglutination inhibition
Category I,Pathology & Laboratory,80000–89999,86294,"""Immunoassay, tumor, qual""","""immunoassay, tumor, qual"""
Category I,Pathology & Laboratory,80000–89999,86300,"""Immunoassay, tumor, ca 15-3""","""immunoassay, tumor, ca 15-3"""
Category I,Pathology & Laboratory,80000–89999,86301,"""Immunoassay, tumor, ca 19-9""","""immunoassay, tumor, ca 19-9"""
Category I,Pathology & Laboratory,80000–89999,86304,"""Immunoassay, tumor, ca 125""","""immunoassay, tumor, ca 125"""
Category I,Pathology & Laboratory,80000–89999,86308,Heterophile antibodies,heterophile antibodies
Category I,Pathology & Laboratory,80000–89999,86309,Heterophile antibodies,heterophile antibodies
Category I,Pathology & Laboratory,80000–89999,86310,Heterophile antibodies,heterophile antibodies
Category I,Pathology & Laboratory,80000–89999,86316,"""Immunoassay, tumor other""","""immunoassay, tumor other"""
Category I,Pathology & Laboratory,80000–89999,86317,"""Immunoassay,infectious agent""","""immunoassay,infectious agent"""
Category I,Pathology & Laboratory,80000–89999,86318,"""Immunoassay,infectious agent""","""immunoassay,infectious agent"""
Category I,Pathology & Laboratory,80000–89999,86320,Serum immunoelectrophoresis,serum immunoelectrophoresis
Category I,Pathology & Laboratory,80000–89999,86325,Other immunoelectrophoresis,other immunoelectrophoresis
Category I,Pathology & Laboratory,80000–89999,86327,Immunoelectrophoresis assay,immunoelectrophoresis assay
Category I,Pathology & Laboratory,80000–89999,86329,Immunodiffusion,immunodiffusion
Category I,Pathology & Laboratory,80000–89999,86331,Immunodiffusion ouchterlony,immunodiffusion ouchterlony
Category I,Pathology & Laboratory,80000–89999,86332,Immune complex assay,immune complex assay
Category I,Pathology & Laboratory,80000–89999,86334,"""Immunofix e-phoresis, serum""","""immunofix e-phoresis, serum"""
Category I,Pathology & Laboratory,80000–89999,86335,Immunfix e-phorsis/urine/csf,immunfix e-phorsis/urine/csf
Category I,Pathology & Laboratory,80000–89999,86336,Inhibin A,inhibin a
Category I,Pathology & Laboratory,80000–89999,86337,Insulin antibodies,insulin antibodies
Category I,Pathology & Laboratory,80000–89999,86340,Intrinsic factor antibody,intrinsic factor antibody
Category I,Pathology & Laboratory,80000–89999,86341,Islet cell antibody,islet cell antibody
Category I,Pathology & Laboratory,80000–89999,86343,Leukocyte histamine release,leukocyte histamine release
Category I,Pathology & Laboratory,80000–89999,86344,Leukocyte phagocytosis,leukocyte phagocytosis
Category I,Pathology & Laboratory,80000–89999,86353,Lymphocyte transformation,lymphocyte transformation
Category I,Pathology & Laboratory,80000–89999,86359,"""T cells, total count""","""t cells, total count"""
Category I,Pathology & Laboratory,80000–89999,86360,"""T cell, absolute count/ratio""","""t cell, absolute count/ratio"""
Category I,Pathology & Laboratory,80000–89999,86361,"""T cell, absolute count""","""t cell, absolute count"""
Category I,Pathology & Laboratory,80000–89999,86376,Microsomal antibody,microsomal antibody
Category I,Pathology & Laboratory,80000–89999,86378,Migration inhibitory factor,migration inhibitory factor
Category I,Pathology & Laboratory,80000–89999,86379,"""Nk cells, total count""","""nk cells, total count"""
Category I,Pathology & Laboratory,80000–89999,86382,"""Neutralization test, viral""","""neutralization test, viral"""
Category I,Pathology & Laboratory,80000–89999,86384,Nitroblue tetrazolium dye,nitroblue tetrazolium dye
Category I,Pathology & Laboratory,80000–89999,86403,Particle agglutination test,particle agglutination test
Category I,Pathology & Laboratory,80000–89999,86406,Particle agglutination test,particle agglutination test
Category I,Pathology & Laboratory,80000–89999,86430,Rheumatoid factor test,rheumatoid factor test
Category I,Pathology & Laboratory,80000–89999,86431,"""Rheumatoid factor, quant""","""rheumatoid factor, quant"""
Category I,Pathology & Laboratory,80000–89999,86485,"""Skin test, candida""","""skin test, candida"""
Category I,Pathology & Laboratory,80000–89999,86490,Coccidioidomycosis skin test,coccidioidomycosis skin test
Category I,Pathology & Laboratory,80000–89999,86510,Histoplasmosis skin test,histoplasmosis skin test
Category I,Pathology & Laboratory,80000–89999,86580,TB intradermal test,tb intradermal test
Category I,Pathology & Laboratory,80000–89999,86585,TB tine test,tb tine test
Category I,Pathology & Laboratory,80000–89999,86586,"""Skin test, unlisted""","""skin test, unlisted"""
Category I,Pathology & Laboratory,80000–89999,86587,"""Stem cells, total count""","""stem cells, total count"""
Category I,Pathology & Laboratory,80000–89999,86590,"""Streptokinase, antibody""","""streptokinase, antibody"""
Category I,Pathology & Laboratory,80000–89999,86592,"""Blood serology, qualitative""","""blood serology, qualitative"""
Category I,Pathology & Laboratory,80000–89999,86593,"""Blood serology, quantitative""","""blood serology, quantitative"""
Category I,Pathology & Laboratory,80000–89999,86602,Antinomyces antibody,antinomyces antibody
Category I,Pathology & Laboratory,80000–89999,86603,Adenovirus antibody,adenovirus antibody
Category I,Pathology & Laboratory,80000–89999,86606,Aspergillus antibody,aspergillus antibody
Category I,Pathology & Laboratory,80000–89999,86609,Bacterium antibody,bacterium antibody
Category I,Pathology & Laboratory,80000–89999,86611,Bartonella antibody,bartonella antibody
Category I,Pathology & Laboratory,80000–89999,86612,Blastomyces antibody,blastomyces antibody
Category I,Pathology & Laboratory,80000–89999,86615,Bordetella antibody,bordetella antibody
Category I,Pathology & Laboratory,80000–89999,86617,Lyme disease antibody,lyme disease antibody
Category I,Pathology & Laboratory,80000–89999,86618,Lyme disease antibody,lyme disease antibody
Category I,Pathology & Laboratory,80000–89999,86619,Borrelia antibody,borrelia antibody
Category I,Pathology & Laboratory,80000–89999,86622,Brucella antibody,brucella antibody
Category I,Pathology & Laboratory,80000–89999,86625,Campylobacter antibody,campylobacter antibody
Category I,Pathology & Laboratory,80000–89999,86628,Candida antibody,candida antibody
Category I,Pathology & Laboratory,80000–89999,86631,Chlamydia antibody,chlamydia antibody
Category I,Pathology & Laboratory,80000–89999,86632,Chlamydia igm antibody,chlamydia igm antibody
Category I,Pathology & Laboratory,80000–89999,86635,Coccidioides antibody,coccidioides antibody
Category I,Pathology & Laboratory,80000–89999,86638,Q fever antibody,q fever antibody
Category I,Pathology & Laboratory,80000–89999,86641,Cryptococcus antibody,cryptococcus antibody
Category I,Pathology & Laboratory,80000–89999,86644,CMV antibody,cmv antibody
Category I,Pathology & Laboratory,80000–89999,86645,"""CMV antibody, IgM""","""cmv antibody, igm"""
Category I,Pathology & Laboratory,80000–89999,86648,Diphtheria antibody,diphtheria antibody
Category I,Pathology & Laboratory,80000–89999,86651,Encephalitis antibody,encephalitis antibody
Category I,Pathology & Laboratory,80000–89999,86652,Encephalitis antibody,encephalitis antibody
Category I,Pathology & Laboratory,80000–89999,86653,Encephalitis antibody,encephalitis antibody
Category I,Pathology & Laboratory,80000–89999,86654,Encephalitis antibody,encephalitis antibody
Category I,Pathology & Laboratory,80000–89999,86658,Enterovirus antibody,enterovirus antibody
Category I,Pathology & Laboratory,80000–89999,86663,Epstein-barr antibody,epstein-barr antibody
Category I,Pathology & Laboratory,80000–89999,86664,Epstein-barr antibody,epstein-barr antibody
Category I,Pathology & Laboratory,80000–89999,86665,Epstein-barr antibody,epstein-barr antibody
Category I,Pathology & Laboratory,80000–89999,86666,Ehrlichia antibody,ehrlichia antibody
Category I,Pathology & Laboratory,80000–89999,86668,Francisella tularensis,francisella tularensis
Category I,Pathology & Laboratory,80000–89999,86671,Fungus antibody,fungus antibody
Category I,Pathology & Laboratory,80000–89999,86674,Giardia lamblia antibody,giardia lamblia antibody
Category I,Pathology & Laboratory,80000–89999,86677,Helicobacter pylori,helicobacter pylori
Category I,Pathology & Laboratory,80000–89999,86682,Helminth antibody,helminth antibody
Category I,Pathology & Laboratory,80000–89999,86684,Hemophilus influenza,hemophilus influenza
Category I,Pathology & Laboratory,80000–89999,86687,Htlv-i antibody,htlv-i antibody
Category I,Pathology & Laboratory,80000–89999,86688,Htlv-ii antibody,htlv-ii antibody
Category I,Pathology & Laboratory,80000–89999,86689,HTLV/HIV confirmatory test,htlv/hiv confirmatory test
Category I,Pathology & Laboratory,80000–89999,86692,"""Hepatitis, delta agent""","""hepatitis, delta agent"""
Category I,Pathology & Laboratory,80000–89999,86694,Herpes simplex test,herpes simplex test
Category I,Pathology & Laboratory,80000–89999,86695,Herpes simplex test,herpes simplex test
Category I,Pathology & Laboratory,80000–89999,86696,Herpes simplex type 2,herpes simplex type 2
Category I,Pathology & Laboratory,80000–89999,86698,Histoplasma,histoplasma
Category I,Pathology & Laboratory,80000–89999,86701,HIV-1,hiv-1
Category I,Pathology & Laboratory,80000–89999,86702,HIV-2,hiv-2
Category I,Pathology & Laboratory,80000–89999,86703,"""HIV-1/HIV-2, single assay""","""hiv-1/hiv-2, single assay"""
Category I,Pathology & Laboratory,80000–89999,86704,"""Hep b core antibody, total""","""hep b core antibody, total"""
Category I,Pathology & Laboratory,80000–89999,86705,"""Hep b core antibody, igm""","""hep b core antibody, igm"""
Category I,Pathology & Laboratory,80000–89999,86706,Hep b surface antibody,hep b surface antibody
Category I,Pathology & Laboratory,80000–89999,86707,Hep be antibody,hep be antibody
Category I,Pathology & Laboratory,80000–89999,86708,"""Hep a antibody, total""","""hep a antibody, total"""
Category I,Pathology & Laboratory,80000–89999,86709,"""Hep a antibody, igm""","""hep a antibody, igm"""
Category I,Pathology & Laboratory,80000–89999,86710,Influenza virus antibody,influenza virus antibody
Category I,Pathology & Laboratory,80000–89999,86713,Legionella antibody,legionella antibody
Category I,Pathology & Laboratory,80000–89999,86717,Leishmania antibody,leishmania antibody
Category I,Pathology & Laboratory,80000–89999,86720,Leptospira antibody,leptospira antibody
Category I,Pathology & Laboratory,80000–89999,86723,Listeria monocytogenes ab,listeria monocytogenes ab
Category I,Pathology & Laboratory,80000–89999,86727,Lymph choriomeningitis ab,lymph choriomeningitis ab
Category I,Pathology & Laboratory,80000–89999,86729,Lympho venereum antibody,lympho venereum antibody
Category I,Pathology & Laboratory,80000–89999,86732,Mucormycosis antibody,mucormycosis antibody
Category I,Pathology & Laboratory,80000–89999,86735,Mumps antibody,mumps antibody
Category I,Pathology & Laboratory,80000–89999,86738,Mycoplasma antibody,mycoplasma antibody
Category I,Pathology & Laboratory,80000–89999,86741,Neisseria meningitidis,neisseria meningitidis
Category I,Pathology & Laboratory,80000–89999,86744,Nocardia antibody,nocardia antibody
Category I,Pathology & Laboratory,80000–89999,86747,Parvovirus antibody,parvovirus antibody
Category I,Pathology & Laboratory,80000–89999,86750,Malaria antibody,malaria antibody
Category I,Pathology & Laboratory,80000–89999,86753,Protozoa antibody nos,protozoa antibody nos
Category I,Pathology & Laboratory,80000–89999,86756,Respiratory virus antibody,respiratory virus antibody
Category I,Pathology & Laboratory,80000–89999,86757,Rickettsia antibody,rickettsia antibody
Category I,Pathology & Laboratory,80000–89999,86759,Rotavirus antibody,rotavirus antibody
Category I,Pathology & Laboratory,80000–89999,86762,Rubella antibody,rubella antibody
Category I,Pathology & Laboratory,80000–89999,86765,Rubeola antibody,rubeola antibody
Category I,Pathology & Laboratory,80000–89999,86768,Salmonella antibody,salmonella antibody
Category I,Pathology & Laboratory,80000–89999,86771,Shigella antibody,shigella antibody
Category I,Pathology & Laboratory,80000–89999,86774,Tetanus antibody,tetanus antibody
Category I,Pathology & Laboratory,80000–89999,86777,Toxoplasma antibody,toxoplasma antibody
Category I,Pathology & Laboratory,80000–89999,86778,"""Toxoplasma antibody, igm""","""toxoplasma antibody, igm"""
Category I,Pathology & Laboratory,80000–89999,86781,"""Treponema pallidum, confirm""","""treponema pallidum, confirm"""
Category I,Pathology & Laboratory,80000–89999,86784,Trichinella antibody,trichinella antibody
Category I,Pathology & Laboratory,80000–89999,86787,Varicella-zoster antibody,varicella-zoster antibody
Category I,Pathology & Laboratory,80000–89999,86790,Virus antibody nos,virus antibody nos
Category I,Pathology & Laboratory,80000–89999,86793,Yersinia antibody,yersinia antibody
Category I,Pathology & Laboratory,80000–89999,86800,Thyroglobulin antibody,thyroglobulin antibody
Category I,Pathology & Laboratory,80000–89999,86803,Hepatitis c ab test,hepatitis c ab test
Category I,Pathology & Laboratory,80000–89999,86804,"""Hep c ab test, confirm""","""hep c ab test, confirm"""
Category I,Pathology & Laboratory,80000–89999,86805,Lymphocytotoxicity assay,lymphocytotoxicity assay
Category I,Pathology & Laboratory,80000–89999,86806,Lymphocytotoxicity assay,lymphocytotoxicity assay
Category I,Pathology & Laboratory,80000–89999,86807,Cytotoxic antibody screening,cytotoxic antibody screening
Category I,Pathology & Laboratory,80000–89999,86808,Cytotoxic antibody screening,cytotoxic antibody screening
Category I,Pathology & Laboratory,80000–89999,86812,"""HLA typing, A, B, or C""","""hla typing, a, b, or c"""
Category I,Pathology & Laboratory,80000–89999,86813,"""HLA typing, A, B, or C""","""hla typing, a, b, or c"""
Category I,Pathology & Laboratory,80000–89999,86816,"""HLA typing, DR/DQ""","""hla typing, dr/dq"""
Category I,Pathology & Laboratory,80000–89999,86817,"""HLA typing, DR/DQ""","""hla typing, dr/dq"""
Category I,Pathology & Laboratory,80000–89999,86821,"""Lymphocyte culture, mixed""","""lymphocyte culture, mixed"""
Category I,Pathology & Laboratory,80000–89999,86822,"""Lymphocyte culture, primed""","""lymphocyte culture, primed"""
Category I,Pathology & Laboratory,80000–89999,86849,Immunology procedure,immunology procedure
Category I,Pathology & Laboratory,80000–89999,86850,RBC antibody screen,rbc antibody screen
Category I,Pathology & Laboratory,80000–89999,86860,RBC antibody elution,rbc antibody elution
Category I,Pathology & Laboratory,80000–89999,86870,RBC antibody identification,rbc antibody identification
Category I,Pathology & Laboratory,80000–89999,86880,"""Coombs test, direct""","""coombs test, direct"""
Category I,Pathology & Laboratory,80000–89999,86885,"""Coombs test, indirect, qual""","""coombs test, indirect, qual"""
Category I,Pathology & Laboratory,80000–89999,86886,"""Coombs test, indirect, titer""","""coombs test, indirect, titer"""
Category I,Pathology & Laboratory,80000–89999,86890,Autologous blood process,autologous blood process
Category I,Pathology & Laboratory,80000–89999,86891,"""Autologous blood, op salvage""","""autologous blood, op salvage"""
Category I,Pathology & Laboratory,80000–89999,86900,"""Blood typing, ABO""","""blood typing, abo"""
Category I,Pathology & Laboratory,80000–89999,86901,"""Blood typing, Rh (D)""","""blood typing, rh (d)"""
Category I,Pathology & Laboratory,80000–89999,86903,"""Blood typing, antigen screen""","""blood typing, antigen screen"""
Category I,Pathology & Laboratory,80000–89999,86904,"""Blood typing, patient serum""","""blood typing, patient serum"""
Category I,Pathology & Laboratory,80000–89999,86905,"""Blood typing, RBC antigens""","""blood typing, rbc antigens"""
Category I,Pathology & Laboratory,80000–89999,86906,"""Blood typing, Rh phenotype""","""blood typing, rh phenotype"""
Category I,Pathology & Laboratory,80000–89999,86910,"""Blood typing, paternity test""","""blood typing, paternity test"""
Category I,Pathology & Laboratory,80000–89999,86911,"""Blood typing, antigen system""","""blood typing, antigen system"""
Category I,Pathology & Laboratory,80000–89999,86920,Compatibility test,compatibility test
Category I,Pathology & Laboratory,80000–89999,86921,Compatibility test,compatibility test
Category I,Pathology & Laboratory,80000–89999,86922,Compatibility test,compatibility test
Category I,Pathology & Laboratory,80000–89999,86927,"""Plasma, fresh frozen""","""plasma, fresh frozen"""
Category I,Pathology & Laboratory,80000–89999,86930,Frozen blood prep,frozen blood prep
Category I,Pathology & Laboratory,80000–89999,86931,Frozen blood thaw,frozen blood thaw
Category I,Pathology & Laboratory,80000–89999,86932,Frozen blood freeze/thaw,frozen blood freeze/thaw
Category I,Pathology & Laboratory,80000–89999,86940,"""Hemolysins/agglutinins, auto""","""hemolysins/agglutinins, auto"""
Category I,Pathology & Laboratory,80000–89999,86941,Hemolysins/agglutinins,hemolysins/agglutinins
Category I,Pathology & Laboratory,80000–89999,86945,Blood product/irradiation,blood product/irradiation
Category I,Pathology & Laboratory,80000–89999,86950,Leukacyte transfusion,leukacyte transfusion
Category I,Pathology & Laboratory,80000–89999,86965,Pooling blood platelets,pooling blood platelets
Category I,Pathology & Laboratory,80000–89999,86970,RBC pretreatment,rbc pretreatment
Category I,Pathology & Laboratory,80000–89999,86971,RBC pretreatment,rbc pretreatment
Category I,Pathology & Laboratory,80000–89999,86972,RBC pretreatment,rbc pretreatment
Category I,Pathology & Laboratory,80000–89999,86975,"""RBC pretreatment, serum""","""rbc pretreatment, serum"""
Category I,Pathology & Laboratory,80000–89999,86976,"""RBC pretreatment, serum""","""rbc pretreatment, serum"""
Category I,Pathology & Laboratory,80000–89999,86977,"""RBC pretreatment, serum""","""rbc pretreatment, serum"""
Category I,Pathology & Laboratory,80000–89999,86978,"""RBC pretreatment, serum""","""rbc pretreatment, serum"""
Category I,Pathology & Laboratory,80000–89999,86985,Split blood or products,split blood or products
Category I,Pathology & Laboratory,80000–89999,86999,Transfusion procedure,transfusion procedure
Category I,Pathology & Laboratory,80000–89999,87001,Small animal inoculation,small animal inoculation
Category I,Pathology & Laboratory,80000–89999,87003,Small animal inoculation,small animal inoculation
Category I,Pathology & Laboratory,80000–89999,87015,Specimen concentration,specimen concentration
Category I,Pathology & Laboratory,80000–89999,87040,Blood culture for bacteria,blood culture for bacteria
Category I,Pathology & Laboratory,80000–89999,87045,"""Feces culture, bacteria""","""feces culture, bacteria"""
Category I,Pathology & Laboratory,80000–89999,87046,"""Stool cultr, bacteria, each""","""stool cultr, bacteria, each"""
Category I,Pathology & Laboratory,80000–89999,87070,"""Culture, bacteria, other""","""culture, bacteria, other"""
Category I,Pathology & Laboratory,80000–89999,87071,Culture bacteri aerobic othr,culture bacteri aerobic othr
Category I,Pathology & Laboratory,80000–89999,87073,Culture bacteria anaerobic,culture bacteria anaerobic
Category I,Pathology & Laboratory,80000–89999,87075,"""Cultr bacteria, except blood""","""cultr bacteria, except blood"""
Category I,Pathology & Laboratory,80000–89999,87076,"""Culture anaerobe ident, each""","""culture anaerobe ident, each"""
Category I,Pathology & Laboratory,80000–89999,87077,Culture aerobic identify,culture aerobic identify
Category I,Pathology & Laboratory,80000–89999,87081,Culture screen only,culture screen only
Category I,Pathology & Laboratory,80000–89999,87084,Culture of specimen by kit,culture of specimen by kit
Category I,Pathology & Laboratory,80000–89999,87086,Urine culture/colony count,urine culture/colony count
Category I,Pathology & Laboratory,80000–89999,87088,Urine bacteria culture,urine bacteria culture
Category I,Pathology & Laboratory,80000–89999,87101,Skin fungi culture,skin fungi culture
Category I,Pathology & Laboratory,80000–89999,87102,Fungus isolation culture,fungus isolation culture
Category I,Pathology & Laboratory,80000–89999,87103,Blood fungus culture,blood fungus culture
Category I,Pathology & Laboratory,80000–89999,87106,"""Fungi identification, yeast""","""fungi identification, yeast"""
Category I,Pathology & Laboratory,80000–89999,87107,"""Fungi identification, mold""","""fungi identification, mold"""
Category I,Pathology & Laboratory,80000–89999,87109,Mycoplasma,mycoplasma
Category I,Pathology & Laboratory,80000–89999,87110,Chlamydia culture,chlamydia culture
Category I,Pathology & Laboratory,80000–89999,87116,Mycobacteria culture,mycobacteria culture
Category I,Pathology & Laboratory,80000–89999,87118,Mycobacteric identification,mycobacteric identification
Category I,Pathology & Laboratory,80000–89999,87140,Culture type immunofluoresc,culture type immunofluoresc
Category I,Pathology & Laboratory,80000–89999,87143,"""Culture typing, glc/hplc""","""culture typing, glc/hplc"""
Category I,Pathology & Laboratory,80000–89999,87147,"""Culture type, immunologic""","""culture type, immunologic"""
Category I,Pathology & Laboratory,80000–89999,87149,"""Culture type, nucleic acid""","""culture type, nucleic acid"""
Category I,Pathology & Laboratory,80000–89999,87152,Culture type pulse field gel,culture type pulse field gel
Category I,Pathology & Laboratory,80000–89999,87158,"""Culture typing, added method""","""culture typing, added method"""
Category I,Pathology & Laboratory,80000–89999,87164,Dark field examination,dark field examination
Category I,Pathology & Laboratory,80000–89999,87166,Dark field examination,dark field examination
Category I,Pathology & Laboratory,80000–89999,87168,Macroscopic exam arthropod,macroscopic exam arthropod
Category I,Pathology & Laboratory,80000–89999,87169,Macroscopic exam parasite,macroscopic exam parasite
Category I,Pathology & Laboratory,80000–89999,87172,Pinworm exam,pinworm exam
Category I,Pathology & Laboratory,80000–89999,87176,"""Tissue homogenization, cultr""","""tissue homogenization, cultr"""
Category I,Pathology & Laboratory,80000–89999,87177,Ova and parasites smears,ova and parasites smears
Category I,Pathology & Laboratory,80000–89999,87181,"""Microbe susceptible, diffuse""","""microbe susceptible, diffuse"""
Category I,Pathology & Laboratory,80000–89999,87184,"""Microbe susceptible, disk""","""microbe susceptible, disk"""
Category I,Pathology & Laboratory,80000–89999,87185,"""Microbe susceptible, enzyme""","""microbe susceptible, enzyme"""
Category I,Pathology & Laboratory,80000–89999,87186,"""Microbe susceptible, mic""","""microbe susceptible, mic"""
Category I,Pathology & Laboratory,80000–89999,87187,"""Microbe susceptible, mlc""","""microbe susceptible, mlc"""
Category I,Pathology & Laboratory,80000–89999,87188,"""Microbe suscept, macrobroth""","""microbe suscept, macrobroth"""
Category I,Pathology & Laboratory,80000–89999,87190,"""Microbe suscept, mycobacteri""","""microbe suscept, mycobacteri"""
Category I,Pathology & Laboratory,80000–89999,87197,"""Bactericidal level, serum""","""bactericidal level, serum"""
Category I,Pathology & Laboratory,80000–89999,87205,"""Smear, gram stain""","""smear, gram stain"""
Category I,Pathology & Laboratory,80000–89999,87206,"""Smear, fluorescent/acid stai""","""smear, fluorescent/acid stai"""
Category I,Pathology & Laboratory,80000–89999,87207,"""Smear, special stain""","""smear, special stain"""
Category I,Pathology & Laboratory,80000–89999,87210,"""Smear, wet mount, saline/ink""","""smear, wet mount, saline/ink"""
Category I,Pathology & Laboratory,80000–89999,87220,Tissue exam for fungi,tissue exam for fungi
Category I,Pathology & Laboratory,80000–89999,87230,"""Assay, toxin or antitoxin""","""assay, toxin or antitoxin"""
Category I,Pathology & Laboratory,80000–89999,87250,"""Virus inoculate, eggs/animal""","""virus inoculate, eggs/animal"""
Category I,Pathology & Laboratory,80000–89999,87252,"""Virus inoculation, tissue""","""virus inoculation, tissue"""
Category I,Pathology & Laboratory,80000–89999,87253,"""Virus inoculate tissue, addl""","""virus inoculate tissue, addl"""
Category I,Pathology & Laboratory,80000–89999,87254,"""Virus inoculation, shell via""","""virus inoculation, shell via"""
Category I,Pathology & Laboratory,80000–89999,87255,"""Genet virus isolate, hsv""","""genet virus isolate, hsv"""
Category I,Pathology & Laboratory,80000–89999,87260,"""Adenovirus ag, if""","""adenovirus ag, if"""
Category I,Pathology & Laboratory,80000–89999,87265,"""Pertussis ag, if""","""pertussis ag, if"""
Category I,Pathology & Laboratory,80000–89999,87267,"""Enterovirus antibody, dfa""","""enterovirus antibody, dfa"""
Category I,Pathology & Laboratory,80000–89999,87269,"""Giardia ag, if""","""giardia ag, if"""
Category I,Pathology & Laboratory,80000–89999,87270,"""Chlamydia trachomatis ag, if""","""chlamydia trachomatis ag, if"""
Category I,Pathology & Laboratory,80000–89999,87271,"""Cryptosporidum/gardia ag, if""","""cryptosporidum/gardia ag, if"""
Category I,Pathology & Laboratory,80000–89999,87272,"""Cryptosporidium ag, if""","""cryptosporidium ag, if"""
Category I,Pathology & Laboratory,80000–89999,87273,"""Herpes simplex 2, ag, if""","""herpes simplex 2, ag, if"""
Category I,Pathology & Laboratory,80000–89999,87274,"""Herpes simplex 1, ag, if""","""herpes simplex 1, ag, if"""
Category I,Pathology & Laboratory,80000–89999,87275,"""Influenza b, ag, if""","""influenza b, ag, if"""
Category I,Pathology & Laboratory,80000–89999,87276,"""Influenza a, ag, if""","""influenza a, ag, if"""
Category I,Pathology & Laboratory,80000–89999,87277,"""Legionella micdadei, ag, if""","""legionella micdadei, ag, if"""
Category I,Pathology & Laboratory,80000–89999,87278,"""Legion pneumophilia ag, if""","""legion pneumophilia ag, if"""
Category I,Pathology & Laboratory,80000–89999,87279,"""Parainfluenza, ag, if""","""parainfluenza, ag, if"""
Category I,Pathology & Laboratory,80000–89999,87280,"""Respiratory syncytial ag, if""","""respiratory syncytial ag, if"""
Category I,Pathology & Laboratory,80000–89999,87281,"""Pneumocystis carinii, ag, if""","""pneumocystis carinii, ag, if"""
Category I,Pathology & Laboratory,80000–89999,87283,"""Rubeola, ag, if""","""rubeola, ag, if"""
Category I,Pathology & Laboratory,80000–89999,87285,"""Treponema pallidum, ag, if""","""treponema pallidum, ag, if"""
Category I,Pathology & Laboratory,80000–89999,87290,"""Varicella zoster, ag, if""","""varicella zoster, ag, if"""
Category I,Pathology & Laboratory,80000–89999,87299,"""Antibody detection, nos, if""","""antibody detection, nos, if"""
Category I,Pathology & Laboratory,80000–89999,87300,"""Ag detection, polyval, if""","""ag detection, polyval, if"""
Category I,Pathology & Laboratory,80000–89999,87301,"""Adenovirus ag, eia""","""adenovirus ag, eia"""
Category I,Pathology & Laboratory,80000–89999,87320,"""Chylmd trach ag, eia""","""chylmd trach ag, eia"""
Category I,Pathology & Laboratory,80000–89999,87324,"""Clostridium ag, eia""","""clostridium ag, eia"""
Category I,Pathology & Laboratory,80000–89999,87327,"""Cryptococcus neoform ag, eia""","""cryptococcus neoform ag, eia"""
Category I,Pathology & Laboratory,80000–89999,87328,"""Cryptosporidium ag, eia""","""cryptosporidium ag, eia"""
Category I,Pathology & Laboratory,80000–89999,87329,"""Giardia ag, eia""","""giardia ag, eia"""
Category I,Pathology & Laboratory,80000–89999,87332,"""Cytomegalovirus ag, eia""","""cytomegalovirus ag, eia"""
Category I,Pathology & Laboratory,80000–89999,87335,"""E coli 0157 ag, eia""","""e coli 0157 ag, eia"""
Category I,Pathology & Laboratory,80000–89999,87336,"""Entamoeb hist dispr, ag, eia""","""entamoeb hist dispr, ag, eia"""
Category I,Pathology & Laboratory,80000–89999,87337,"""Entamoeb hist group, ag, eia""","""entamoeb hist group, ag, eia"""
Category I,Pathology & Laboratory,80000–89999,87338,"""Hpylori, stool, eia""","""hpylori, stool, eia"""
Category I,Pathology & Laboratory,80000–89999,87339,"""H pylori ag, eia""","""h pylori ag, eia"""
Category I,Pathology & Laboratory,80000–89999,87340,"""Hepatitis b surface ag, eia""","""hepatitis b surface ag, eia"""
Category I,Pathology & Laboratory,80000–89999,87341,"""Hepatitis b surface, ag, eia""","""hepatitis b surface, ag, eia"""
Category I,Pathology & Laboratory,80000–89999,87350,"""Hepatitis be ag, eia""","""hepatitis be ag, eia"""
Category I,Pathology & Laboratory,80000–89999,87380,"""Hepatitis delta ag, eia""","""hepatitis delta ag, eia"""
Category I,Pathology & Laboratory,80000–89999,87385,"""Histoplasma capsul ag, eia""","""histoplasma capsul ag, eia"""
Category I,Pathology & Laboratory,80000–89999,87390,"""Hiv-1 ag, eia""","""hiv-1 ag, eia"""
Category I,Pathology & Laboratory,80000–89999,87391,"""Hiv-2 ag, eia""","""hiv-2 ag, eia"""
Category I,Pathology & Laboratory,80000–89999,87400,"""Influenza a/b, ag, eia""","""influenza a/b, ag, eia"""
Category I,Pathology & Laboratory,80000–89999,87420,"""Resp syncytial ag, eia""","""resp syncytial ag, eia"""
Category I,Pathology & Laboratory,80000–89999,87425,"""Rotavirus ag, eia""","""rotavirus ag, eia"""
Category I,Pathology & Laboratory,80000–89999,87427,"""Shiga-like toxin ag, eia""","""shiga-like toxin ag, eia"""
Category I,Pathology & Laboratory,80000–89999,87430,"""Strep a ag, eia""","""strep a ag, eia"""
Category I,Pathology & Laboratory,80000–89999,87449,"""Ag detect nos, eia, mult""","""ag detect nos, eia, mult"""
Category I,Pathology & Laboratory,80000–89999,87450,"""Ag detect nos, eia, single""","""ag detect nos, eia, single"""
Category I,Pathology & Laboratory,80000–89999,87451,"""Ag detect polyval, eia, mult""","""ag detect polyval, eia, mult"""
Category I,Pathology & Laboratory,80000–89999,87470,"""Bartonella, dna, dir probe""","""bartonella, dna, dir probe"""
Category I,Pathology & Laboratory,80000–89999,87471,"""Bartonella, dna, amp probe""","""bartonella, dna, amp probe"""
Category I,Pathology & Laboratory,80000–89999,87472,"""Bartonella, dna, quant""","""bartonella, dna, quant"""
Category I,Pathology & Laboratory,80000–89999,87475,"""Lyme dis, dna, dir probe""","""lyme dis, dna, dir probe"""
Category I,Pathology & Laboratory,80000–89999,87476,"""Lyme dis, dna, amp probe""","""lyme dis, dna, amp probe"""
Category I,Pathology & Laboratory,80000–89999,87477,"""Lyme dis, dna, quant""","""lyme dis, dna, quant"""
Category I,Pathology & Laboratory,80000–89999,87480,"""Candida, dna, dir probe""","""candida, dna, dir probe"""
Category I,Pathology & Laboratory,80000–89999,87481,"""Candida, dna, amp probe""","""candida, dna, amp probe"""
Category I,Pathology & Laboratory,80000–89999,87482,"""Candida, dna, quant""","""candida, dna, quant"""
Category I,Pathology & Laboratory,80000–89999,87485,"""Chylmd pneum, dna, dir probe""","""chylmd pneum, dna, dir probe"""
Category I,Pathology & Laboratory,80000–89999,87486,"""Chylmd pneum, dna, amp probe""","""chylmd pneum, dna, amp probe"""
Category I,Pathology & Laboratory,80000–89999,87487,"""Chylmd pneum, dna, quant""","""chylmd pneum, dna, quant"""
Category I,Pathology & Laboratory,80000–89999,87490,"""Chylmd trach, dna, dir probe""","""chylmd trach, dna, dir probe"""
Category I,Pathology & Laboratory,80000–89999,87491,"""Chylmd trach, dna, amp probe""","""chylmd trach, dna, amp probe"""
Category I,Pathology & Laboratory,80000–89999,87492,"""Chylmd trach, dna, quant""","""chylmd trach, dna, quant"""
Category I,Pathology & Laboratory,80000–89999,87495,"""Cytomeg, dna, dir probe""","""cytomeg, dna, dir probe"""
Category I,Pathology & Laboratory,80000–89999,87496,"""Cytomeg, dna, amp probe""","""cytomeg, dna, amp probe"""
Category I,Pathology & Laboratory,80000–89999,87497,"""Cytomeg, dna, quant""","""cytomeg, dna, quant"""
Category I,Pathology & Laboratory,80000–89999,87510,"""Gardner vag, dna, dir probe""","""gardner vag, dna, dir probe"""
Category I,Pathology & Laboratory,80000–89999,87511,"""Gardner vag, dna, amp probe""","""gardner vag, dna, amp probe"""
Category I,Pathology & Laboratory,80000–89999,87512,"""Gardner vag, dna, quant""","""gardner vag, dna, quant"""
Category I,Pathology & Laboratory,80000–89999,87515,"""Hepatitis b, dna, dir probe""","""hepatitis b, dna, dir probe"""
Category I,Pathology & Laboratory,80000–89999,87516,"""Hepatitis b, dna, amp probe""","""hepatitis b, dna, amp probe"""
Category I,Pathology & Laboratory,80000–89999,87517,"""Hepatitis b, dna, quant""","""hepatitis b, dna, quant"""
Category I,Pathology & Laboratory,80000–89999,87520,"""Hepatitis c, rna, dir probe""","""hepatitis c, rna, dir probe"""
Category I,Pathology & Laboratory,80000–89999,87521,"""Hepatitis c, rna, amp probe""","""hepatitis c, rna, amp probe"""
Category I,Pathology & Laboratory,80000–89999,87522,"""Hepatitis c, rna, quant""","""hepatitis c, rna, quant"""
Category I,Pathology & Laboratory,80000–89999,87525,"""Hepatitis g, dna, dir probe""","""hepatitis g, dna, dir probe"""
Category I,Pathology & Laboratory,80000–89999,87526,"""Hepatitis g, dna, amp probe""","""hepatitis g, dna, amp probe"""
Category I,Pathology & Laboratory,80000–89999,87527,"""Hepatitis g, dna, quant""","""hepatitis g, dna, quant"""
Category I,Pathology & Laboratory,80000–89999,87528,"""Hsv, dna, dir probe""","""hsv, dna, dir probe"""
Category I,Pathology & Laboratory,80000–89999,87529,"""Hsv, dna, amp probe""","""hsv, dna, amp probe"""
Category I,Pathology & Laboratory,80000–89999,87530,"""Hsv, dna, quant""","""hsv, dna, quant"""
Category I,Pathology & Laboratory,80000–89999,87531,"""Hhv-6, dna, dir probe""","""hhv-6, dna, dir probe"""
Category I,Pathology & Laboratory,80000–89999,87532,"""Hhv-6, dna, amp probe""","""hhv-6, dna, amp probe"""
Category I,Pathology & Laboratory,80000–89999,87533,"""Hhv-6, dna, quant""","""hhv-6, dna, quant"""
Category I,Pathology & Laboratory,80000–89999,87534,"""Hiv-1, dna, dir probe""","""hiv-1, dna, dir probe"""
Category I,Pathology & Laboratory,80000–89999,87535,"""Hiv-1, dna, amp probe""","""hiv-1, dna, amp probe"""
Category I,Pathology & Laboratory,80000–89999,87536,"""Hiv-1, dna, quant""","""hiv-1, dna, quant"""
Category I,Pathology & Laboratory,80000–89999,87537,"""Hiv-2, dna, dir probe""","""hiv-2, dna, dir probe"""
Category I,Pathology & Laboratory,80000–89999,87538,"""Hiv-2, dna, amp probe""","""hiv-2, dna, amp probe"""
Category I,Pathology & Laboratory,80000–89999,87539,"""Hiv-2, dna, quant""","""hiv-2, dna, quant"""
Category I,Pathology & Laboratory,80000–89999,87540,"""Legion pneumo, dna, dir prob""","""legion pneumo, dna, dir prob"""
Category I,Pathology & Laboratory,80000–89999,87541,"""Legion pneumo, dna, amp prob""","""legion pneumo, dna, amp prob"""
Category I,Pathology & Laboratory,80000–89999,87542,"""Legion pneumo, dna, quant""","""legion pneumo, dna, quant"""
Category I,Pathology & Laboratory,80000–89999,87550,"""Mycobacteria, dna, dir probe""","""mycobacteria, dna, dir probe"""
Category I,Pathology & Laboratory,80000–89999,87551,"""Mycobacteria, dna, amp probe""","""mycobacteria, dna, amp probe"""
Category I,Pathology & Laboratory,80000–89999,87552,"""Mycobacteria, dna, quant""","""mycobacteria, dna, quant"""
Category I,Pathology & Laboratory,80000–89999,87555,"""M.tuberculo, dna, dir probe""","""m.tuberculo, dna, dir probe"""
Category I,Pathology & Laboratory,80000–89999,87556,"""M.tuberculo, dna, amp probe""","""m.tuberculo, dna, amp probe"""
Category I,Pathology & Laboratory,80000–89999,87557,"""M.tuberculo, dna, quant""","""m.tuberculo, dna, quant"""
Category I,Pathology & Laboratory,80000–89999,87560,"""M.avium-intra, dna, dir prob""","""m.avium-intra, dna, dir prob"""
Category I,Pathology & Laboratory,80000–89999,87561,"""M.avium-intra, dna, amp prob""","""m.avium-intra, dna, amp prob"""
Category I,Pathology & Laboratory,80000–89999,87562,"""M.avium-intra, dna, quant""","""m.avium-intra, dna, quant"""
Category I,Pathology & Laboratory,80000–89999,87580,"""M.pneumon, dna, dir probe""","""m.pneumon, dna, dir probe"""
Category I,Pathology & Laboratory,80000–89999,87581,"""M.pneumon, dna, amp probe""","""m.pneumon, dna, amp probe"""
Category I,Pathology & Laboratory,80000–89999,87582,"""M.pneumon, dna, quant""","""m.pneumon, dna, quant"""
Category I,Pathology & Laboratory,80000–89999,87590,"""N.gonorrhoeae, dna, dir prob""","""n.gonorrhoeae, dna, dir prob"""
Category I,Pathology & Laboratory,80000–89999,87591,"""N.gonorrhoeae, dna, amp prob""","""n.gonorrhoeae, dna, amp prob"""
Category I,Pathology & Laboratory,80000–89999,87592,"""N.gonorrhoeae, dna, quant""","""n.gonorrhoeae, dna, quant"""
Category I,Pathology & Laboratory,80000–89999,87620,"""Hpv, dna, dir probe""","""hpv, dna, dir probe"""
Category I,Pathology & Laboratory,80000–89999,87621,"""Hpv, dna, amp probe""","""hpv, dna, amp probe"""
Category I,Pathology & Laboratory,80000–89999,87622,"""Hpv, dna, quant""","""hpv, dna, quant"""
Category I,Pathology & Laboratory,80000–89999,87650,"""Strep a, dna, dir probe""","""strep a, dna, dir probe"""
Category I,Pathology & Laboratory,80000–89999,87651,"""Strep a, dna, amp probe""","""strep a, dna, amp probe"""
Category I,Pathology & Laboratory,80000–89999,87652,"""Strep a, dna, quant""","""strep a, dna, quant"""
Category I,Pathology & Laboratory,80000–89999,87660,"""Trichomonas vagin, dir probe""","""trichomonas vagin, dir probe"""
Category I,Pathology & Laboratory,80000–89999,87797,"""Detect agent nos, dna, dir""","""detect agent nos, dna, dir"""
Category I,Pathology & Laboratory,80000–89999,87798,"""Detect agent nos, dna, amp""","""detect agent nos, dna, amp"""
Category I,Pathology & Laboratory,80000–89999,87799,"""Detect agent nos, dna, quant""","""detect agent nos, dna, quant"""
Category I,Pathology & Laboratory,80000–89999,87800,"""Detect agnt mult, dna, direc""","""detect agnt mult, dna, direc"""
Category I,Pathology & Laboratory,80000–89999,87801,"""Detect agnt mult, dna, ampli""","""detect agnt mult, dna, ampli"""
Category I,Pathology & Laboratory,80000–89999,87802,Strep b assay w/optic,strep b assay w/optic
Category I,Pathology & Laboratory,80000–89999,87803,Clostridium toxin a w/optic,clostridium toxin a w/optic
Category I,Pathology & Laboratory,80000–89999,87804,Influenza assay w/optic,influenza assay w/optic
Category I,Pathology & Laboratory,80000–89999,87807,Rsv assay w/optic,rsv assay w/optic
Category I,Pathology & Laboratory,80000–89999,87810,Chylmd trach assay w/optic,chylmd trach assay w/optic
Category I,Pathology & Laboratory,80000–89999,87850,N. gonorrhoeae assay w/optic,n. gonorrhoeae assay w/optic
Category I,Pathology & Laboratory,80000–89999,87880,Strep a assay w/optic,strep a assay w/optic
Category I,Pathology & Laboratory,80000–89999,87899,Agent nos assay w/optic,agent nos assay w/optic
Category I,Pathology & Laboratory,80000–89999,87901,"""Genotype, dna, hiv reverse t""","""genotype, dna, hiv reverse t"""
Category I,Pathology & Laboratory,80000–89999,87902,"""Genotype, dna, hepatitis C""","""genotype, dna, hepatitis c"""
Category I,Pathology & Laboratory,80000–89999,87903,"""Phenotype, dna hiv w/culture""","""phenotype, dna hiv w/culture"""
Category I,Pathology & Laboratory,80000–89999,87904,"""Phenotype, dna hiv w/clt add""","""phenotype, dna hiv w/clt add"""
Category I,Pathology & Laboratory,80000–89999,87999,Microbiology procedure,microbiology procedure
Category I,Pathology & Laboratory,80000–89999,88000,"""Autopsy (necropsy), gross""","""autopsy (necropsy), gross"""
Category I,Pathology & Laboratory,80000–89999,88005,"""Autopsy (necropsy), gross""","""autopsy (necropsy), gross"""
Category I,Pathology & Laboratory,80000–89999,88007,"""Autopsy (necropsy), gross""","""autopsy (necropsy), gross"""
Category I,Pathology & Laboratory,80000–89999,88012,"""Autopsy (necropsy), gross""","""autopsy (necropsy), gross"""
Category I,Pathology & Laboratory,80000–89999,88014,"""Autopsy (necropsy), gross""","""autopsy (necropsy), gross"""
Category I,Pathology & Laboratory,80000–89999,88016,"""Autopsy (necropsy), gross""","""autopsy (necropsy), gross"""
Category I,Pathology & Laboratory,80000–89999,88020,"""Autopsy (necropsy), complete""","""autopsy (necropsy), complete"""
Category I,Pathology & Laboratory,80000–89999,88025,"""Autopsy (necropsy), complete""","""autopsy (necropsy), complete"""
Category I,Pathology & Laboratory,80000–89999,88027,"""Autopsy (necropsy), complete""","""autopsy (necropsy), complete"""
Category I,Pathology & Laboratory,80000–89999,88028,"""Autopsy (necropsy), complete""","""autopsy (necropsy), complete"""
Category I,Pathology & Laboratory,80000–89999,88029,"""Autopsy (necropsy), complete""","""autopsy (necropsy), complete"""
Category I,Pathology & Laboratory,80000–89999,88036,Limited autopsy,limited autopsy
Category I,Pathology & Laboratory,80000–89999,88037,Limited autopsy,limited autopsy
Category I,Pathology & Laboratory,80000–89999,88040,Forensic autopsy (necropsy),forensic autopsy (necropsy)
Category I,Pathology & Laboratory,80000–89999,88045,Coroner?s autopsy (necropsy),coroner?s autopsy (necropsy)
Category I,Pathology & Laboratory,80000–89999,88099,Necropsy (autopsy) procedure,necropsy (autopsy) procedure
Category I,Pathology & Laboratory,80000–89999,88104,"""Cytopathology, fluids""","""cytopathology, fluids"""
Category I,Pathology & Laboratory,80000–89999,88106,"""Cytopathology, fluids""","""cytopathology, fluids"""
Category I,Pathology & Laboratory,80000–89999,88107,"""Cytopathology, fluids""","""cytopathology, fluids"""
Category I,Pathology & Laboratory,80000–89999,88108,"""Cytopath, concentrate tech""","""cytopath, concentrate tech"""
Category I,Pathology & Laboratory,80000–89999,88112,"""Cytopath, cell enhance tech""","""cytopath, cell enhance tech"""
Category I,Pathology & Laboratory,80000–89999,88125,Forensic cytopathology,forensic cytopathology
Category I,Pathology & Laboratory,80000–89999,88130,Sex chromatin identification,sex chromatin identification
Category I,Pathology & Laboratory,80000–89999,88140,Sex chromatin identification,sex chromatin identification
Category I,Pathology & Laboratory,80000–89999,88141,"""Cytopath, c/v, interpret""","""cytopath, c/v, interpret"""
Category I,Pathology & Laboratory,80000–89999,88142,"""Cytopath, c/v, thin layer""","""cytopath, c/v, thin layer"""
Category I,Pathology & Laboratory,80000–89999,88143,Cytopath c/v thin layer redo,cytopath c/v thin layer redo
Category I,Pathology & Laboratory,80000–89999,88147,"""Cytopath, c/v, automated""","""cytopath, c/v, automated"""
Category I,Pathology & Laboratory,80000–89999,88148,"""Cytopath, c/v, auto rescreen""","""cytopath, c/v, auto rescreen"""
Category I,Pathology & Laboratory,80000–89999,88150,"""Cytopath, c/v, manual""","""cytopath, c/v, manual"""
Category I,Pathology & Laboratory,80000–89999,88152,"""Cytopath, c/v, auto redo""","""cytopath, c/v, auto redo"""
Category I,Pathology & Laboratory,80000–89999,88153,"""Cytopath, c/v, redo""","""cytopath, c/v, redo"""
Category I,Pathology & Laboratory,80000–89999,88154,"""Cytopath, c/v, select""","""cytopath, c/v, select"""
Category I,Pathology & Laboratory,80000–89999,88155,"""Cytopath, c/v, index add-on""","""cytopath, c/v, index add-on"""
Category I,Pathology & Laboratory,80000–89999,88160,"""Cytopath smear, other source""","""cytopath smear, other source"""
Category I,Pathology & Laboratory,80000–89999,88161,"""Cytopath smear, other source""","""cytopath smear, other source"""
Category I,Pathology & Laboratory,80000–89999,88162,"""Cytopath smear, other source""","""cytopath smear, other source"""
Category I,Pathology & Laboratory,80000–89999,88164,"""Cytopath tbs, c/v, manual""","""cytopath tbs, c/v, manual"""
Category I,Pathology & Laboratory,80000–89999,88165,"""Cytopath tbs, c/v, redo""","""cytopath tbs, c/v, redo"""
Category I,Pathology & Laboratory,80000–89999,88166,"""Cytopath tbs, c/v, auto redo""","""cytopath tbs, c/v, auto redo"""
Category I,Pathology & Laboratory,80000–89999,88167,"""Cytopath tbs, c/v, select""","""cytopath tbs, c/v, select"""
Category I,Pathology & Laboratory,80000–89999,88172,Cytopathology eval of fna,cytopathology eval of fna
Category I,Pathology & Laboratory,80000–89999,88173,"""Cytopath eval, fna, report""","""cytopath eval, fna, report"""
Category I,Pathology & Laboratory,80000–89999,88174,"""Cytopath, c/v auto, in fluid""","""cytopath, c/v auto, in fluid"""
Category I,Pathology & Laboratory,80000–89999,88175,Cytopath c/v auto fluid redo,cytopath c/v auto fluid redo
Category I,Pathology & Laboratory,80000–89999,88182,Cell marker study,cell marker study
Category I,Pathology & Laboratory,80000–89999,88184,"""Flowcytometry/ tc, 1 marker""","""flowcytometry/ tc, 1 marker"""
Category I,Pathology & Laboratory,80000–89999,88185,"""Flowcytometry/tc, add-on""","""flowcytometry/tc, add-on"""
Category I,Pathology & Laboratory,80000–89999,88187,"""Flowcytometry/read, 2-8""","""flowcytometry/read, 2-8"""
Category I,Pathology & Laboratory,80000–89999,88188,"""Flowcytometry/read, 9-15""","""flowcytometry/read, 9-15"""
Category I,Pathology & Laboratory,80000–89999,88189,"""Flowcytometry/read, 16 & >""","""flowcytometry/read, 16 & >"""
Category I,Pathology & Laboratory,80000–89999,88199,Cytopathology procedure,cytopathology procedure
Category I,Pathology & Laboratory,80000–89999,88230,"""Tissue culture, lymphocyte""","""tissue culture, lymphocyte"""
Category I,Pathology & Laboratory,80000–89999,88233,"""Tissue culture, skin/biopsy""","""tissue culture, skin/biopsy"""
Category I,Pathology & Laboratory,80000–89999,88235,"""Tissue culture, placenta""","""tissue culture, placenta"""
Category I,Pathology & Laboratory,80000–89999,88237,"""Tissue culture, bone marrow""","""tissue culture, bone marrow"""
Category I,Pathology & Laboratory,80000–89999,88239,"""Tissue culture, tumor""","""tissue culture, tumor"""
Category I,Pathology & Laboratory,80000–89999,88240,Cell cryopreserve/storage,cell cryopreserve/storage
Category I,Pathology & Laboratory,80000–89999,88241,Frozen cell preparation,frozen cell preparation
Category I,Pathology & Laboratory,80000–89999,88245,"""Chromosome analysis, 20-25""","""chromosome analysis, 20-25"""
Category I,Pathology & Laboratory,80000–89999,88248,"""Chromosome analysis, 50-100""","""chromosome analysis, 50-100"""
Category I,Pathology & Laboratory,80000–89999,88249,"""Chromosome analysis, 100""","""chromosome analysis, 100"""
Category I,Pathology & Laboratory,80000–89999,88261,"""Chromosome analysis, 5""","""chromosome analysis, 5"""
Category I,Pathology & Laboratory,80000–89999,88262,"""Chromosome analysis, 15-20""","""chromosome analysis, 15-20"""
Category I,Pathology & Laboratory,80000–89999,88263,"""Chromosome analysis, 45""","""chromosome analysis, 45"""
Category I,Pathology & Laboratory,80000–89999,88264,"""Chromosome analysis, 20-25""","""chromosome analysis, 20-25"""
Category I,Pathology & Laboratory,80000–89999,88267,"""Chromosome analys, placenta""","""chromosome analys, placenta"""
Category I,Pathology & Laboratory,80000–89999,88269,"""Chromosome analys, amniotic""","""chromosome analys, amniotic"""
Category I,Pathology & Laboratory,80000–89999,88271,"""Cytogenetics, dna probe""","""cytogenetics, dna probe"""
Category I,Pathology & Laboratory,80000–89999,88272,"""Cytogenetics, 3-5""","""cytogenetics, 3-5"""
Category I,Pathology & Laboratory,80000–89999,88273,"""Cytogenetics, 10-30""","""cytogenetics, 10-30"""
Category I,Pathology & Laboratory,80000–89999,88274,"""Cytogenetics, 25-99""","""cytogenetics, 25-99"""
Category I,Pathology & Laboratory,80000–89999,88275,"""Cytogenetics, 100-300""","""cytogenetics, 100-300"""
Category I,Pathology & Laboratory,80000–89999,88280,Chromosome karyotype study,chromosome karyotype study
Category I,Pathology & Laboratory,80000–89999,88283,Chromosome banding study,chromosome banding study
Category I,Pathology & Laboratory,80000–89999,88285,"""Chromosome count, additional""","""chromosome count, additional"""
Category I,Pathology & Laboratory,80000–89999,88289,"""Chromosome study, additional""","""chromosome study, additional"""
Category I,Pathology & Laboratory,80000–89999,88291,Cyto/molecular report,cyto/molecular report
Category I,Pathology & Laboratory,80000–89999,88299,Cytogenetic study,cytogenetic study
Category I,Pathology & Laboratory,80000–89999,88300,"""Surgical path, gross""","""surgical path, gross"""
Category I,Pathology & Laboratory,80000–89999,88302,Tissue exam by pathologist,tissue exam by pathologist
Category I,Pathology & Laboratory,80000–89999,88304,Tissue exam by pathologist,tissue exam by pathologist
Category I,Pathology & Laboratory,80000–89999,88305,Tissue exam by pathologist,tissue exam by pathologist
Category I,Pathology & Laboratory,80000–89999,88307,Tissue exam by pathologist,tissue exam by pathologist
Category I,Pathology & Laboratory,80000–89999,88309,Tissue exam by pathologist,tissue exam by pathologist
Category I,Pathology & Laboratory,80000–89999,88311,Decalcify tissue,decalcify tissue
Category I,Pathology & Laboratory,80000–89999,88312,Special stains,special stains
Category I,Pathology & Laboratory,80000–89999,88313,Special stains,special stains
Category I,Pathology & Laboratory,80000–89999,88314,Histochemical stain,histochemical stain
Category I,Pathology & Laboratory,80000–89999,88318,Chemical histochemistry,chemical histochemistry
Category I,Pathology & Laboratory,80000–89999,88319,Enzyme histochemistry,enzyme histochemistry
Category I,Pathology & Laboratory,80000–89999,88321,Microslide consultation,microslide consultation
Category I,Pathology & Laboratory,80000–89999,88323,Microslide consultation,microslide consultation
Category I,Pathology & Laboratory,80000–89999,88325,Comprehensive review of data,comprehensive review of data
Category I,Pathology & Laboratory,80000–89999,88329,Path consult introp,path consult introp
Category I,Pathology & Laboratory,80000–89999,88331,"""Path consult intraop, 1 bloc""","""path consult intraop, 1 bloc"""
Category I,Pathology & Laboratory,80000–89999,88332,"""Path consult intraop, add?l""","""path consult intraop, add?l"""
Category I,Pathology & Laboratory,80000–89999,88342,Immunohistochemistry,immunohistochemistry
Category I,Pathology & Laboratory,80000–89999,88346,Immunofluorescent study,immunofluorescent study
Category I,Pathology & Laboratory,80000–89999,88347,Immunofluorescent study,immunofluorescent study
Category I,Pathology & Laboratory,80000–89999,88348,Electron microscopy,electron microscopy
Category I,Pathology & Laboratory,80000–89999,88349,Scanning electron microscopy,scanning electron microscopy
Category I,Pathology & Laboratory,80000–89999,88355,"""Analysis, skeletal muscle""","""analysis, skeletal muscle"""
Category I,Pathology & Laboratory,80000–89999,88356,"""Analysis, nerve""","""analysis, nerve"""
Category I,Pathology & Laboratory,80000–89999,88358,"""Analysis, tumor""","""analysis, tumor"""
Category I,Pathology & Laboratory,80000–89999,88360,Tumor immunohistochem/manual,tumor immunohistochem/manual
Category I,Pathology & Laboratory,80000–89999,88361,Tumor immunohistochem/comput,tumor immunohistochem/comput
Category I,Pathology & Laboratory,80000–89999,88362,Nerve teasing preparations,nerve teasing preparations
Category I,Pathology & Laboratory,80000–89999,88365,Insitu hybridization (fish),insitu hybridization (fish)
Category I,Pathology & Laboratory,80000–89999,88367,"""Insitu hybridization, auto""","""insitu hybridization, auto"""
Category I,Pathology & Laboratory,80000–89999,88368,"""Insitu hybridization, manual""","""insitu hybridization, manual"""
Category I,Pathology & Laboratory,80000–89999,88371,"""Protein, western blot tissue""","""protein, western blot tissue"""
Category I,Pathology & Laboratory,80000–89999,88372,Protein analysis w/probe,protein analysis w/probe
Category I,Pathology & Laboratory,80000–89999,88380,Microdissection,microdissection
Category I,Pathology & Laboratory,80000–89999,88399,Surgical pathology procedure,surgical pathology procedure
Category I,Pathology & Laboratory,80000–89999,88400,Bilirubin total transcut,bilirubin total transcut
Category I,Pathology & Laboratory,80000–89999,89050,Body fluid cell count,body fluid cell count
Category I,Pathology & Laboratory,80000–89999,89051,Body fluid cell count,body fluid cell count
Category I,Pathology & Laboratory,80000–89999,89055,"""Leukocyte assessment, fecal""","""leukocyte assessment, fecal"""
Category I,Pathology & Laboratory,80000–89999,89060,"""Exam,synovial fluid crystals""","""exam,synovial fluid crystals"""
Category I,Pathology & Laboratory,80000–89999,89100,Sample intestinal contents,sample intestinal contents
Category I,Pathology & Laboratory,80000–89999,89105,Sample intestinal contents,sample intestinal contents
Category I,Pathology & Laboratory,80000–89999,89125,Specimen fat stain,specimen fat stain
Category I,Pathology & Laboratory,80000–89999,89130,Sample stomach contents,sample stomach contents
Category I,Pathology & Laboratory,80000–89999,89132,Sample stomach contents,sample stomach contents
Category I,Pathology & Laboratory,80000–89999,89135,Sample stomach contents,sample stomach contents
Category I,Pathology & Laboratory,80000–89999,89136,Sample stomach contents,sample stomach contents
Category I,Pathology & Laboratory,80000–89999,89140,Sample stomach contents,sample stomach contents
Category I,Pathology & Laboratory,80000–89999,89141,Sample stomach contents,sample stomach contents
Category I,Pathology & Laboratory,80000–89999,89160,Exam feces for meat fibers,exam feces for meat fibers
Category I,Pathology & Laboratory,80000–89999,89190,Nasal smear for eosinophils,nasal smear for eosinophils
Category I,Pathology & Laboratory,80000–89999,89220,Sputum specimen collection,sputum specimen collection
Category I,Pathology & Laboratory,80000–89999,89225,"""Starch granules, feces""","""starch granules, feces"""
Category I,Pathology & Laboratory,80000–89999,89230,Collect sweat for test,collect sweat for test
Category I,Pathology & Laboratory,80000–89999,89235,Water load test,water load test
Category I,Pathology & Laboratory,80000–89999,89240,Pathology lab procedure,pathology lab procedure
Category I,Pathology & Laboratory,80000–89999,89250,Cultr oocyte/embryo <4 days,cultr oocyte/embryo <4 days
Category I,Pathology & Laboratory,80000–89999,89251,Cultr oocyte/embryo <4 days,cultr oocyte/embryo <4 days
Category I,Pathology & Laboratory,80000–89999,89253,Embryo hatching,embryo hatching
Category I,Pathology & Laboratory,80000–89999,89254,Oocyte identification,oocyte identification
Category I,Pathology & Laboratory,80000–89999,89255,Prepare embryo for transfer,prepare embryo for transfer
Category I,Pathology & Laboratory,80000–89999,89257,Sperm identification,sperm identification
Category I,Pathology & Laboratory,80000–89999,89258,Cryopreservation; embryo(s),cryopreservation; embryo(s)
Category I,Pathology & Laboratory,80000–89999,89259,"""Cryopreservation, sperm""","""cryopreservation, sperm"""
Category I,Pathology & Laboratory,80000–89999,89260,"""Sperm isolation, simple""","""sperm isolation, simple"""
Category I,Pathology & Laboratory,80000–89999,89261,"""Sperm isolation, complex""","""sperm isolation, complex"""
Category I,Pathology & Laboratory,80000–89999,89264,Identify sperm tissue,identify sperm tissue
Category I,Pathology & Laboratory,80000–89999,89268,Insemination of oocytes,insemination of oocytes
Category I,Pathology & Laboratory,80000–89999,89272,Extended culture of oocytes,extended culture of oocytes
Category I,Pathology & Laboratory,80000–89999,89280,Assist oocyte fertilization,assist oocyte fertilization
Category I,Pathology & Laboratory,80000–89999,89281,Assist oocyte fertilization,assist oocyte fertilization
Category I,Pathology & Laboratory,80000–89999,89290,"""Biopsy, oocyte polar body""","""biopsy, oocyte polar body"""
Category I,Pathology & Laboratory,80000–89999,89291,"""Biopsy, oocyte polar body""","""biopsy, oocyte polar body"""
Category I,Pathology & Laboratory,80000–89999,89300,Semen analysis w/huhner,semen analysis w/huhner
Category I,Pathology & Laboratory,80000–89999,89310,Semen analysis w/count,semen analysis w/count
Category I,Pathology & Laboratory,80000–89999,89320,"""Semen analysis, complete""","""semen analysis, complete"""
Category I,Pathology & Laboratory,80000–89999,89321,Semen analysis & motility,semen analysis & motility
Category I,Pathology & Laboratory,80000–89999,89325,Sperm antibody test,sperm antibody test
Category I,Pathology & Laboratory,80000–89999,89329,Sperm evaluation test,sperm evaluation test
Category I,Pathology & Laboratory,80000–89999,89330,"""Evaluation, cervical mucus""","""evaluation, cervical mucus"""
Category I,Pathology & Laboratory,80000–89999,89335,Cryopreserve testicular tiss,cryopreserve testicular tiss
Category I,Pathology & Laboratory,80000–89999,89342,Storage/year; embryo(s),storage/year; embryo(s)
Category I,Pathology & Laboratory,80000–89999,89343,Storage/year; sperm/semen,storage/year; sperm/semen
Category I,Pathology & Laboratory,80000–89999,89344,Storage/year; reprod tissue,storage/year; reprod tissue
Category I,Pathology & Laboratory,80000–89999,89346,Storage/year; oocyte(s),storage/year; oocyte(s)
Category I,Pathology & Laboratory,80000–89999,89352,Thawing cryopresrved; embryo,thawing cryopresrved; embryo
Category I,Pathology & Laboratory,80000–89999,89353,Thawing cryopresrved; sperm,thawing cryopresrved; sperm
Category I,Pathology & Laboratory,80000–89999,89354,Thaw cryoprsvrd; reprod tiss,thaw cryoprsvrd; reprod tiss
Category I,Pathology & Laboratory,80000–89999,89356,Thawing cryopresrved; oocyte,thawing cryopresrved; oocyte
Category I,Medicine,90000–99999,90281,"""Human ig, im""","""human ig, im"""
Category I,Medicine,90000–99999,90283,"""Human ig, iv""","""human ig, iv"""
Category I,Medicine,90000–99999,90287,Botulinum antitoxin,botulinum antitoxin
Category I,Medicine,90000–99999,90288,"""Botulism ig, iv""","""botulism ig, iv"""
Category I,Medicine,90000–99999,90291,"""Cmv ig, iv""","""cmv ig, iv"""
Category I,Medicine,90000–99999,90296,Diphtheria antitoxin,diphtheria antitoxin
Category I,Medicine,90000–99999,90371,"""Hep b ig, im""","""hep b ig, im"""
Category I,Medicine,90000–99999,90375,"""Rabies ig, im/sc""","""rabies ig, im/sc"""
Category I,Medicine,90000–99999,90376,"""Rabies ig, heat treated""","""rabies ig, heat treated"""
Category I,Medicine,90000–99999,90378,"""Rsv ig, im, 50mg""","""rsv ig, im, 50mg"""
Category I,Medicine,90000–99999,90379,"""Rsv ig, iv""","""rsv ig, iv"""
Category I,Medicine,90000–99999,90384,"""Rh ig, full-dose, im""","""rh ig, full-dose, im"""
Category I,Medicine,90000–99999,90385,"""Rh ig, minidose, im""","""rh ig, minidose, im"""
Category I,Medicine,90000–99999,90386,"""Rh ig, iv""","""rh ig, iv"""
Category I,Medicine,90000–99999,90389,"""Tetanus ig, im""","""tetanus ig, im"""
Category I,Medicine,90000–99999,90393,"""Vaccina ig, im""","""vaccina ig, im"""
Category I,Medicine,90000–99999,90396,"""Varicella-zoster ig, im""","""varicella-zoster ig, im"""
Category I,Medicine,90000–99999,90399,Immune globulin,immune globulin
Category I,Medicine,90000–99999,90465,"""Immune admin 1 inj, < 8 yrs""","""immune admin 1 inj, < 8 yrs"""
Category I,Medicine,90000–99999,90466,"""Immune admin addl inj, < 8 y""","""immune admin addl inj, < 8 y"""
Category I,Medicine,90000–99999,90467,"""Immune admin o or n, < 8 yrs""","""immune admin o or n, < 8 yrs"""
Category I,Medicine,90000–99999,90468,"""Immune admin o/n, addl < 8 y""","""immune admin o/n, addl < 8 y"""
Category I,Medicine,90000–99999,90471,Immunization admin,immunization admin
Category I,Medicine,90000–99999,90472,"""Immunization admin, each add""","""immunization admin, each add"""
Category I,Medicine,90000–99999,90473,Immune admin oral/nasal,immune admin oral/nasal
Category I,Medicine,90000–99999,90474,Immune admin oral/nasal addl,immune admin oral/nasal addl
Category I,Medicine,90000–99999,90476,"""Adenovirus vaccine, type 4""","""adenovirus vaccine, type 4"""
Category I,Medicine,90000–99999,90477,"""Adenovirus vaccine, type 7""","""adenovirus vaccine, type 7"""
Category I,Medicine,90000–99999,90581,"""Anthrax vaccine, sc""","""anthrax vaccine, sc"""
Category I,Medicine,90000–99999,90585,"""Bcg vaccine, percut""","""bcg vaccine, percut"""
Category I,Medicine,90000–99999,90586,"""Bcg vaccine, intravesical""","""bcg vaccine, intravesical"""
Category I,Medicine,90000–99999,90632,"""Hep a vaccine, adult im""","""hep a vaccine, adult im"""
Category I,Medicine,90000–99999,90633,"""Hep a vacc, ped/adol, 2 dose""","""hep a vacc, ped/adol, 2 dose"""
Category I,Medicine,90000–99999,90634,"""Hep a vacc, ped/adol, 3 dose""","""hep a vacc, ped/adol, 3 dose"""
Category I,Medicine,90000–99999,90636,"""Hep a/hep b vacc, adult im""","""hep a/hep b vacc, adult im"""
Category I,Medicine,90000–99999,90645,"""Hib vaccine, hboc, im""","""hib vaccine, hboc, im"""
Category I,Medicine,90000–99999,90646,"""Hib vaccine, prp-d, im""","""hib vaccine, prp-d, im"""
Category I,Medicine,90000–99999,90647,"""Hib vaccine, prp-omp, im""","""hib vaccine, prp-omp, im"""
Category I,Medicine,90000–99999,90648,"""Hib vaccine, prp-t, im""","""hib vaccine, prp-t, im"""
Category I,Medicine,90000–99999,90655,Flu vaccine no preserv 6-35m,flu vaccine no preserv 6-35m
Category I,Medicine,90000–99999,90656,Flu vaccine no preserv 3 & >,flu vaccine no preserv 3 & >
Category I,Medicine,90000–99999,90657,"""Flu vaccine, 3 yrs, im""","""flu vaccine, 3 yrs, im"""
Category I,Medicine,90000–99999,90658,"""Flu vaccine, 3 yrs & >, im""","""flu vaccine, 3 yrs & >, im"""
Category I,Medicine,90000–99999,90660,"""Flu vaccine, nasal""","""flu vaccine, nasal"""
Category I,Medicine,90000–99999,90665,"""Lyme disease vaccine, im""","""lyme disease vaccine, im"""
Category I,Medicine,90000–99999,90669,"""Pneumococcal vacc, ped <5""","""pneumococcal vacc, ped <5"""
Category I,Medicine,90000–99999,90675,"""Rabies vaccine, im""","""rabies vaccine, im"""
Category I,Medicine,90000–99999,90676,"""Rabies vaccine, id""","""rabies vaccine, id"""
Category I,Medicine,90000–99999,90680,"""Rotovirus vaccine, oral""","""rotovirus vaccine, oral"""
Category I,Medicine,90000–99999,90690,"""Typhoid vaccine, oral""","""typhoid vaccine, oral"""
Category I,Medicine,90000–99999,90691,"""Typhoid vaccine, im""","""typhoid vaccine, im"""
Category I,Medicine,90000–99999,90692,"""Typhoid vaccine, h-p, sc/id""","""typhoid vaccine, h-p, sc/id"""
Category I,Medicine,90000–99999,90693,"""Typhoid vaccine, akd, sc""","""typhoid vaccine, akd, sc"""
Category I,Medicine,90000–99999,90698,"""Dtap-hib-ip vaccine, im""","""dtap-hib-ip vaccine, im"""
Category I,Medicine,90000–99999,90700,"""Dtap vaccine, < 7 yrs, im""","""dtap vaccine, < 7 yrs, im"""
Category I,Medicine,90000–99999,90701,"""Dtp vaccine, im""","""dtp vaccine, im"""
Category I,Medicine,90000–99999,90702,"""Dt vaccine < 7, im""","""dt vaccine < 7, im"""
Category I,Medicine,90000–99999,90703,"""Tetanus vaccine, im""","""tetanus vaccine, im"""
Category I,Medicine,90000–99999,90704,"""Mumps vaccine, sc""","""mumps vaccine, sc"""
Category I,Medicine,90000–99999,90705,"""Measles vaccine, sc""","""measles vaccine, sc"""
Category I,Medicine,90000–99999,90706,"""Rubella vaccine, sc""","""rubella vaccine, sc"""
Category I,Medicine,90000–99999,90707,"""Mmr vaccine, sc""","""mmr vaccine, sc"""
Category I,Medicine,90000–99999,90708,"""Measles-rubella vaccine, sc""","""measles-rubella vaccine, sc"""
Category I,Medicine,90000–99999,90710,"""Mmrv vaccine, sc""","""mmrv vaccine, sc"""
Category I,Medicine,90000–99999,90712,Oral poliovirus vaccine,oral poliovirus vaccine
Category I,Medicine,90000–99999,90713,"""Poliovirus, ipv, sc""","""poliovirus, ipv, sc"""
Category I,Medicine,90000–99999,90715,Tdap vaccine >7 im,tdap vaccine >7 im
Category I,Medicine,90000–99999,90716,"""Chicken pox vaccine, sc""","""chicken pox vaccine, sc"""
Category I,Medicine,90000–99999,90717,"""Yellow fever vaccine, sc""","""yellow fever vaccine, sc"""
Category I,Medicine,90000–99999,90718,"""Td vaccine > 7, im""","""td vaccine > 7, im"""
Category I,Medicine,90000–99999,90719,"""Diphtheria vaccine, im""","""diphtheria vaccine, im"""
Category I,Medicine,90000–99999,90720,"""Dtp/hib vaccine, im""","""dtp/hib vaccine, im"""
Category I,Medicine,90000–99999,90721,"""Dtap/hib vaccine, im""","""dtap/hib vaccine, im"""
Category I,Medicine,90000–99999,90723,"""Dtap-hep b-ipv vaccine, im""","""dtap-hep b-ipv vaccine, im"""
Category I,Medicine,90000–99999,90725,"""Cholera vaccine, injectable""","""cholera vaccine, injectable"""
Category I,Medicine,90000–99999,90727,"""Plague vaccine, im""","""plague vaccine, im"""
Category I,Medicine,90000–99999,90732,Pneumococcal vaccine,pneumococcal vaccine
Category I,Medicine,90000–99999,90733,"""Meningococcal vaccine, sc""","""meningococcal vaccine, sc"""
Category I,Medicine,90000–99999,90734,"""Meningococcal vaccine, im""","""meningococcal vaccine, im"""
Category I,Medicine,90000–99999,90735,"""Encephalitis vaccine, sc""","""encephalitis vaccine, sc"""
Category I,Medicine,90000–99999,90740,"""Hepb vacc, ill pat 3 dose im""","""hepb vacc, ill pat 3 dose im"""
Category I,Medicine,90000–99999,90743,"""Hep b vacc, adol, 2 dose, im""","""hep b vacc, adol, 2 dose, im"""
Category I,Medicine,90000–99999,90744,Hepb vacc ped/adol 3 dose im,hepb vacc ped/adol 3 dose im
Category I,Medicine,90000–99999,90746,"""Hep b vaccine, adult, im""","""hep b vaccine, adult, im"""
Category I,Medicine,90000–99999,90747,"""Hepb vacc, ill pat 4 dose im""","""hepb vacc, ill pat 4 dose im"""
Category I,Medicine,90000–99999,90748,"""Hep b/hib vaccine, im""","""hep b/hib vaccine, im"""
Category I,Medicine,90000–99999,90749,Vaccine toxoid,vaccine toxoid
Category I,Medicine,90000–99999,90780,"""IV infusion therapy, 1 hour""","""iv infusion therapy, 1 hour"""
Category I,Medicine,90000–99999,90781,"""IV infusion, additional hour""","""iv infusion, additional hour"""
Category I,Medicine,90000–99999,90782,"""Injection, sc/im""","""injection, sc/im"""
Category I,Medicine,90000–99999,90783,"""Injection, ia""","""injection, ia"""
Category I,Medicine,90000–99999,90784,"""Injection, iv""","""injection, iv"""
Category I,Medicine,90000–99999,90788,Injection of antibiotic,injection of antibiotic
Category I,Medicine,90000–99999,90799,Ther/prophylactic/dx inject,ther/prophylactic/dx inject
Category I,Medicine,90000–99999,90801,Psy dx interview,psy dx interview
Category I,Medicine,90000–99999,90802,Intac psy dx interview,intac psy dx interview
Category I,Medicine,90000–99999,90804,"""Psytx, office, 20-30 min""","""psytx, office, 20-30 min"""
Category I,Medicine,90000–99999,90805,"""Psytx, off, 20-30 min w/e&m""","""psytx, off, 20-30 min w/e&m"""
Category I,Medicine,90000–99999,90806,"""Psytx, off, 45-50 min""","""psytx, off, 45-50 min"""
Category I,Medicine,90000–99999,90807,"""Psytx, off, 45-50 min w/e&m""","""psytx, off, 45-50 min w/e&m"""
Category I,Medicine,90000–99999,90808,"""Psytx, office, 75-80 min""","""psytx, office, 75-80 min"""
Category I,Medicine,90000–99999,90809,"""Psytx, off, 75-80, w/e&m""","""psytx, off, 75-80, w/e&m"""
Category I,Medicine,90000–99999,90810,"""Intac psytx, off, 20-30 min""","""intac psytx, off, 20-30 min"""
Category I,Medicine,90000–99999,90811,"""Intac psytx, 20-30, w/e&m""","""intac psytx, 20-30, w/e&m"""
Category I,Medicine,90000–99999,90812,"""Intac psytx, off, 45-50 min""","""intac psytx, off, 45-50 min"""
Category I,Medicine,90000–99999,90813,"""Intac psytx, 45-50 min w/e&m""","""intac psytx, 45-50 min w/e&m"""
Category I,Medicine,90000–99999,90814,"""Intac psytx, off, 75-80 min""","""intac psytx, off, 75-80 min"""
Category I,Medicine,90000–99999,90815,"""Intac psytx, 75-80 w/e&m""","""intac psytx, 75-80 w/e&m"""
Category I,Medicine,90000–99999,90816,"""Psytx, hosp, 20-30 min""","""psytx, hosp, 20-30 min"""
Category I,Medicine,90000–99999,90817,"""Psytx, hosp, 20-30 min w/e&m""","""psytx, hosp, 20-30 min w/e&m"""
Category I,Medicine,90000–99999,90818,"""Psytx, hosp, 45-50 min""","""psytx, hosp, 45-50 min"""
Category I,Medicine,90000–99999,90819,"""Psytx, hosp, 45-50 min w/e&m""","""psytx, hosp, 45-50 min w/e&m"""
Category I,Medicine,90000–99999,90821,"""Psytx, hosp, 75-80 min""","""psytx, hosp, 75-80 min"""
Category I,Medicine,90000–99999,90822,"""Psytx, hosp, 75-80 min w/e&m""","""psytx, hosp, 75-80 min w/e&m"""
Category I,Medicine,90000–99999,90823,"""Intac psytx, hosp, 20-30 min""","""intac psytx, hosp, 20-30 min"""
Category I,Medicine,90000–99999,90824,"""Intac psytx, hsp 20-30 w/e&m""","""intac psytx, hsp 20-30 w/e&m"""
Category I,Medicine,90000–99999,90826,"""Intac psytx, hosp, 45-50 min""","""intac psytx, hosp, 45-50 min"""
Category I,Medicine,90000–99999,90827,"""Intac psytx, hsp 45-50 w/e&m""","""intac psytx, hsp 45-50 w/e&m"""
Category I,Medicine,90000–99999,90828,"""Intac psytx, hosp, 75-80 min""","""intac psytx, hosp, 75-80 min"""
Category I,Medicine,90000–99999,90829,"""Intac psytx, hsp 75-80 w/e&m""","""intac psytx, hsp 75-80 w/e&m"""
Category I,Medicine,90000–99999,90845,Psychoanalysis,psychoanalysis
Category I,Medicine,90000–99999,90846,Family psytx w/o patient,family psytx w/o patient
Category I,Medicine,90000–99999,90847,Family psytx w/patient,family psytx w/patient
Category I,Medicine,90000–99999,90849,Multiple family group psytx,multiple family group psytx
Category I,Medicine,90000–99999,90853,Group psychotherapy,group psychotherapy
Category I,Medicine,90000–99999,90857,Intac group psytx,intac group psytx
Category I,Medicine,90000–99999,90862,Medication management,medication management
Category I,Medicine,90000–99999,90865,Narcosynthesis,narcosynthesis
Category I,Medicine,90000–99999,90870,Electroconvulsive therapy,electroconvulsive therapy
Category I,Medicine,90000–99999,90871,Electroconvulsive therapy,electroconvulsive therapy
Category I,Medicine,90000–99999,90875,Psychophysiological therapy,psychophysiological therapy
Category I,Medicine,90000–99999,90876,Psychophysiological therapy,psychophysiological therapy
Category I,Medicine,90000–99999,90880,Hypnotherapy,hypnotherapy
Category I,Medicine,90000–99999,90882,Environmental manipulation,environmental manipulation
Category I,Medicine,90000–99999,90885,Psy evaluation of records,psy evaluation of records
Category I,Medicine,90000–99999,90887,Consultation with family,consultation with family
Category I,Medicine,90000–99999,90889,Preparation of report,preparation of report
Category I,Medicine,90000–99999,90899,Psychiatric service/therapy,psychiatric service/therapy
Category I,Medicine,90000–99999,90901,"""Biofeedback train, any meth""","""biofeedback train, any meth"""
Category I,Medicine,90000–99999,90911,Biofeedback peri/uro/rectal,biofeedback peri/uro/rectal
Category I,Medicine,90000–99999,90918,"""ESRD related services, month""","""esrd related services, month"""
Category I,Medicine,90000–99999,90919,"""ESRD related services, month""","""esrd related services, month"""
Category I,Medicine,90000–99999,90920,"""ESRD related services, month""","""esrd related services, month"""
Category I,Medicine,90000–99999,90921,"""ESRD related services, month""","""esrd related services, month"""
Category I,Medicine,90000–99999,90922,"""ESRD related services, day""","""esrd related services, day"""
Category I,Medicine,90000–99999,90923,"""Esrd related services, day""","""esrd related services, day"""
Category I,Medicine,90000–99999,90924,"""Esrd related services, day""","""esrd related services, day"""
Category I,Medicine,90000–99999,90925,"""Esrd related services, day""","""esrd related services, day"""
Category I,Medicine,90000–99999,90935,"""Hemodialysis, one evaluation""","""hemodialysis, one evaluation"""
Category I,Medicine,90000–99999,90937,"""Hemodialysis, repeated eval""","""hemodialysis, repeated eval"""
Category I,Medicine,90000–99999,90939,"""Hemodialysis study, transcut""","""hemodialysis study, transcut"""
Category I,Medicine,90000–99999,90940,Hemodialysis access study,hemodialysis access study
Category I,Medicine,90000–99999,90945,"""Dialysis, one evaluation""","""dialysis, one evaluation"""
Category I,Medicine,90000–99999,90947,"""Dialysis, repeated eval""","""dialysis, repeated eval"""
Category I,Medicine,90000–99999,90989,"""Dialysis training, complete""","""dialysis training, complete"""
Category I,Medicine,90000–99999,90993,"""Dialysis training, incompl""","""dialysis training, incompl"""
Category I,Medicine,90000–99999,90997,Hemoperfusion,hemoperfusion
Category I,Medicine,90000–99999,90999,Dialysis procedure,dialysis procedure
Category I,Medicine,90000–99999,91000,Esophageal intubation,esophageal intubation
Category I,Medicine,90000–99999,91010,Esophagus motility study,esophagus motility study
Category I,Medicine,90000–99999,91011,Esophagus motility study,esophagus motility study
Category I,Medicine,90000–99999,91012,Esophagus motility study,esophagus motility study
Category I,Medicine,90000–99999,91020,Gastric motility,gastric motility
Category I,Medicine,90000–99999,91030,Acid perfusion of esophagus,acid perfusion of esophagus
Category I,Medicine,90000–99999,91034,Gastroesophageal reflux test,gastroesophageal reflux test
Category I,Medicine,90000–99999,91035,G-esoph reflx tst w/electrod,g-esoph reflx tst w/electrod
Category I,Medicine,90000–99999,91037,Esoph imped function test,esoph imped function test
Category I,Medicine,90000–99999,91038,Esoph imped funct test > 1h,esoph imped funct test > 1h
Category I,Medicine,90000–99999,91040,Esoph balloon distension tst,esoph balloon distension tst
Category I,Medicine,90000–99999,91052,Gastric analysis test,gastric analysis test
Category I,Medicine,90000–99999,91055,Gastric intubation for smear,gastric intubation for smear
Category I,Medicine,90000–99999,91060,Gastric saline load test,gastric saline load test
Category I,Medicine,90000–99999,91065,Breath hydrogen test,breath hydrogen test
Category I,Medicine,90000–99999,91100,Pass intestine bleeding tube,pass intestine bleeding tube
Category I,Medicine,90000–99999,91105,Gastric intubation treatment,gastric intubation treatment
Category I,Medicine,90000–99999,91110,Gi tract capsule endoscopy,gi tract capsule endoscopy
Category I,Medicine,90000–99999,91120,Rectal sensation test,rectal sensation test
Category I,Medicine,90000–99999,91122,Anal pressure record,anal pressure record
Category I,Medicine,90000–99999,91123,Irrigate fecal impaction,irrigate fecal impaction
Category I,Medicine,90000–99999,91132,Electrogastrography,electrogastrography
Category I,Medicine,90000–99999,91133,Electrogastrography w/test,electrogastrography w/test
Category I,Medicine,90000–99999,91299,Gastroenterology procedure,gastroenterology procedure
Category I,Medicine,90000–99999,92002,"""Eye exam, new patient""","""eye exam, new patient"""
Category I,Medicine,90000–99999,92004,"""Eye exam, new patient""","""eye exam, new patient"""
Category I,Medicine,90000–99999,92012,Eye exam established pat,eye exam established pat
Category I,Medicine,90000–99999,92014,Eye exam & treatment,eye exam & treatment
Category I,Medicine,90000–99999,92015,Refraction,refraction
Category I,Medicine,90000–99999,92018,New eye exam & treatment,new eye exam & treatment
Category I,Medicine,90000–99999,92019,Eye exam & treatment,eye exam & treatment
Category I,Medicine,90000–99999,92020,Special eye evaluation,special eye evaluation
Category I,Medicine,90000–99999,92060,Special eye evaluation,special eye evaluation
Category I,Medicine,90000–99999,92065,Orthoptic/pleoptic training,orthoptic/pleoptic training
Category I,Medicine,90000–99999,92070,Fitting of contact lens,fitting of contact lens
Category I,Medicine,90000–99999,92081,Visual field examination(s),visual field examination(s)
Category I,Medicine,90000–99999,92082,Visual field examination(s),visual field examination(s)
Category I,Medicine,90000–99999,92083,Visual field examination(s),visual field examination(s)
Category I,Medicine,90000–99999,92100,Serial tonometry exam(s),serial tonometry exam(s)
Category I,Medicine,90000–99999,92120,Tonography & eye evaluation,tonography & eye evaluation
Category I,Medicine,90000–99999,92130,Water provocation tonography,water provocation tonography
Category I,Medicine,90000–99999,92135,Opthalmic dx imaging,opthalmic dx imaging
Category I,Medicine,90000–99999,92136,Ophthalmic biometry,ophthalmic biometry
Category I,Medicine,90000–99999,92140,Glaucoma provocative tests,glaucoma provocative tests
Category I,Medicine,90000–99999,92225,"""Special eye exam, initial""","""special eye exam, initial"""
Category I,Medicine,90000–99999,92226,"""Special eye exam, subsequent""","""special eye exam, subsequent"""
Category I,Medicine,90000–99999,92230,Eye exam with photos,eye exam with photos
Category I,Medicine,90000–99999,92235,Eye exam with photos,eye exam with photos
Category I,Medicine,90000–99999,92240,Icg angiography,icg angiography
Category I,Medicine,90000–99999,92250,Eye exam with photos,eye exam with photos
Category I,Medicine,90000–99999,92260,Ophthalmoscopy/dynamometry,ophthalmoscopy/dynamometry
Category I,Medicine,90000–99999,92265,Eye muscle evaluation,eye muscle evaluation
Category I,Medicine,90000–99999,92270,Electro-oculography,electro-oculography
Category I,Medicine,90000–99999,92275,Electroretinography,electroretinography
Category I,Medicine,90000–99999,92283,Color vision examination,color vision examination
Category I,Medicine,90000–99999,92284,Dark adaptation eye exam,dark adaptation eye exam
Category I,Medicine,90000–99999,92285,Eye photography,eye photography
Category I,Medicine,90000–99999,92286,Internal eye photography,internal eye photography
Category I,Medicine,90000–99999,92287,Internal eye photography,internal eye photography
Category I,Medicine,90000–99999,92310,Contact lens fitting,contact lens fitting
Category I,Medicine,90000–99999,92311,Contact lens fitting,contact lens fitting
Category I,Medicine,90000–99999,92312,Contact lens fitting,contact lens fitting
Category I,Medicine,90000–99999,92313,Contact lens fitting,contact lens fitting
Category I,Medicine,90000–99999,92314,Prescription of contact lens,prescription of contact lens
Category I,Medicine,90000–99999,92315,Prescription of contact lens,prescription of contact lens
Category I,Medicine,90000–99999,92316,Prescription of contact lens,prescription of contact lens
Category I,Medicine,90000–99999,92317,Prescription of contact lens,prescription of contact lens
Category I,Medicine,90000–99999,92325,Modification of contact lens,modification of contact lens
Category I,Medicine,90000–99999,92326,Replacement of contact lens,replacement of contact lens
Category I,Medicine,90000–99999,92330,Fitting of artificial eye,fitting of artificial eye
Category I,Medicine,90000–99999,92335,Fitting of artificial eye,fitting of artificial eye
Category I,Medicine,90000–99999,92340,Fitting of spectacles,fitting of spectacles
Category I,Medicine,90000–99999,92341,Fitting of spectacles,fitting of spectacles
Category I,Medicine,90000–99999,92342,Fitting of spectacles,fitting of spectacles
Category I,Medicine,90000–99999,92352,Special spectacles fitting,special spectacles fitting
Category I,Medicine,90000–99999,92353,Special spectacles fitting,special spectacles fitting
Category I,Medicine,90000–99999,92354,Special spectacles fitting,special spectacles fitting
Category I,Medicine,90000–99999,92355,Special spectacles fitting,special spectacles fitting
Category I,Medicine,90000–99999,92358,Eye prosthesis service,eye prosthesis service
Category I,Medicine,90000–99999,92370,Repair & adjust spectacles,repair & adjust spectacles
Category I,Medicine,90000–99999,92371,Repair & adjust spectacles,repair & adjust spectacles
Category I,Medicine,90000–99999,92390,Supply of spectacles,supply of spectacles
Category I,Medicine,90000–99999,92391,Supply of contact lenses,supply of contact lenses
Category I,Medicine,90000–99999,92392,Supply of low vision aids,supply of low vision aids
Category I,Medicine,90000–99999,92393,Supply of artificial eye,supply of artificial eye
Category I,Medicine,90000–99999,92395,Supply of spectacles,supply of spectacles
Category I,Medicine,90000–99999,92396,Supply of contact lenses,supply of contact lenses
Category I,Medicine,90000–99999,92499,Eye service or procedure,eye service or procedure
Category I,Medicine,90000–99999,92502,Ear and throat examination,ear and throat examination
Category I,Medicine,90000–99999,92504,Ear microscopy examination,ear microscopy examination
Category I,Medicine,90000–99999,92506,Speech/hearing evaluation,speech/hearing evaluation
Category I,Medicine,90000–99999,92507,Speech/hearing therapy,speech/hearing therapy
Category I,Medicine,90000–99999,92508,Speech/hearing therapy,speech/hearing therapy
Category I,Medicine,90000–99999,92510,Rehab for ear implant,rehab for ear implant
Category I,Medicine,90000–99999,92511,Nasopharyngoscopy,nasopharyngoscopy
Category I,Medicine,90000–99999,92512,Nasal function studies,nasal function studies
Category I,Medicine,90000–99999,92516,Facial nerve function test,facial nerve function test
Category I,Medicine,90000–99999,92520,Laryngeal function studies,laryngeal function studies
Category I,Medicine,90000–99999,92526,Oral function therapy,oral function therapy
Category I,Medicine,90000–99999,92531,Spontaneous nystagmus study,spontaneous nystagmus study
Category I,Medicine,90000–99999,92532,Positional nystagmus test,positional nystagmus test
Category I,Medicine,90000–99999,92533,Caloric vestibular test,caloric vestibular test
Category I,Medicine,90000–99999,92534,Optokinetic nystagmus test,optokinetic nystagmus test
Category I,Medicine,90000–99999,92541,Spontaneous nystagmus test,spontaneous nystagmus test
Category I,Medicine,90000–99999,92542,Positional nystagmus test,positional nystagmus test
Category I,Medicine,90000–99999,92543,Caloric vestibular test,caloric vestibular test
Category I,Medicine,90000–99999,92544,Optokinetic nystagmus test,optokinetic nystagmus test
Category I,Medicine,90000–99999,92545,Oscillating tracking test,oscillating tracking test
Category I,Medicine,90000–99999,92546,Sinusoidal rotational test,sinusoidal rotational test
Category I,Medicine,90000–99999,92547,Supplemental electrical test,supplemental electrical test
Category I,Medicine,90000–99999,92548,Posturography,posturography
Category I,Medicine,90000–99999,92551,"""Pure tone hearing test, air""","""pure tone hearing test, air"""
Category I,Medicine,90000–99999,92552,"""Pure tone audiometry, air""","""pure tone audiometry, air"""
Category I,Medicine,90000–99999,92553,"""Audiometry, air & bone""","""audiometry, air & bone"""
Category I,Medicine,90000–99999,92555,Speech threshold audiometry,speech threshold audiometry
Category I,Medicine,90000–99999,92556,"""Speech audiometry, complete""","""speech audiometry, complete"""
Category I,Medicine,90000–99999,92557,Comprehensive hearing test,comprehensive hearing test
Category I,Medicine,90000–99999,92559,Group audiometric testing,group audiometric testing
Category I,Medicine,90000–99999,92560,"""Bekesy audiometry, screen""","""bekesy audiometry, screen"""
Category I,Medicine,90000–99999,92561,"""Bekesy audiometry, diagnosis""","""bekesy audiometry, diagnosis"""
Category I,Medicine,90000–99999,92562,Loudness balance test,loudness balance test
Category I,Medicine,90000–99999,92563,Tone decay hearing test,tone decay hearing test
Category I,Medicine,90000–99999,92564,Sisi hearing test,sisi hearing test
Category I,Medicine,90000–99999,92565,"""Stenger test, pure tone""","""stenger test, pure tone"""
Category I,Medicine,90000–99999,92567,Tympanometry,tympanometry
Category I,Medicine,90000–99999,92568,Acoustic reflex testing,acoustic reflex testing
Category I,Medicine,90000–99999,92569,Acoustic reflex decay test,acoustic reflex decay test
Category I,Medicine,90000–99999,92571,Filtered speech hearing test,filtered speech hearing test
Category I,Medicine,90000–99999,92572,Staggered spondaic word test,staggered spondaic word test
Category I,Medicine,90000–99999,92573,Lombard test,lombard test
Category I,Medicine,90000–99999,92575,Sensorineural acuity test,sensorineural acuity test
Category I,Medicine,90000–99999,92576,Synthetic sentence test,synthetic sentence test
Category I,Medicine,90000–99999,92577,"""Stenger test, speech""","""stenger test, speech"""
Category I,Medicine,90000–99999,92579,Visual audiometry (vra),visual audiometry (vra)
Category I,Medicine,90000–99999,92582,Conditioning play audiometry,conditioning play audiometry
Category I,Medicine,90000–99999,92583,Select picture audiometry,select picture audiometry
Category I,Medicine,90000–99999,92584,Electrocochleography,electrocochleography
Category I,Medicine,90000–99999,92585,"""Auditor evoke potent, compre""","""auditor evoke potent, compre"""
Category I,Medicine,90000–99999,92586,"""Auditor evoke potent, limit""","""auditor evoke potent, limit"""
Category I,Medicine,90000–99999,92587,Evoked auditory test,evoked auditory test
Category I,Medicine,90000–99999,92588,Evoked auditory test,evoked auditory test
Category I,Medicine,90000–99999,92590,"""Hearing aid exam, one ear""","""hearing aid exam, one ear"""
Category I,Medicine,90000–99999,92591,"""Hearing aid exam, both ears""","""hearing aid exam, both ears"""
Category I,Medicine,90000–99999,92592,"""Hearing aid check, one ear""","""hearing aid check, one ear"""
Category I,Medicine,90000–99999,92593,"""Hearing aid check, both ears""","""hearing aid check, both ears"""
Category I,Medicine,90000–99999,92594,"""Electro hearng aid test, one""","""electro hearng aid test, one"""
Category I,Medicine,90000–99999,92595,"""Electro hearng aid tst, both""","""electro hearng aid tst, both"""
Category I,Medicine,90000–99999,92596,Ear protector evaluation,ear protector evaluation
Category I,Medicine,90000–99999,92597,Oral speech device eval,oral speech device eval
Category I,Medicine,90000–99999,92601,Cochlear implt f/up exam < 7,cochlear implt f/up exam < 7
Category I,Medicine,90000–99999,92602,Reprogram cochlear implt < 7,reprogram cochlear implt < 7
Category I,Medicine,90000–99999,92603,Cochlear implt f/up exam 7 >,cochlear implt f/up exam 7 >
Category I,Medicine,90000–99999,92604,Reprogram cochlear implt 7 >,reprogram cochlear implt 7 >
Category I,Medicine,90000–99999,92605,Eval for nonspeech device rx,eval for nonspeech device rx
Category I,Medicine,90000–99999,92606,Non-speech device service,non-speech device service
Category I,Medicine,90000–99999,92607,"""Ex for speech device rx, 1hr""","""ex for speech device rx, 1hr"""
Category I,Medicine,90000–99999,92608,Ex for speech device rx addl,ex for speech device rx addl
Category I,Medicine,90000–99999,92609,Use of speech device service,use of speech device service
Category I,Medicine,90000–99999,92610,Evaluate swallowing function,evaluate swallowing function
Category I,Medicine,90000–99999,92611,Motion fluoroscopy/swallow,motion fluoroscopy/swallow
Category I,Medicine,90000–99999,92612,Endoscopy swallow tst (fees),endoscopy swallow tst (fees)
Category I,Medicine,90000–99999,92613,Endoscopy swallow tst (fees),endoscopy swallow tst (fees)
Category I,Medicine,90000–99999,92614,Laryngoscopic sensory test,laryngoscopic sensory test
Category I,Medicine,90000–99999,92615,Eval laryngoscopy sense tst,eval laryngoscopy sense tst
Category I,Medicine,90000–99999,92616,Fees w/laryngeal sense test,fees w/laryngeal sense test
Category I,Medicine,90000–99999,92617,Interprt fees/laryngeal test,interprt fees/laryngeal test
Category I,Medicine,90000–99999,92620,"""Auditory function, 60 min""","""auditory function, 60 min"""
Category I,Medicine,90000–99999,92621,"""Auditory function, + 15 min""","""auditory function, + 15 min"""
Category I,Medicine,90000–99999,92625,Tinnitus assessment,tinnitus assessment
Category I,Medicine,90000–99999,92700,Ent procedure/service,ent procedure/service
Category I,Medicine,90000–99999,92950,Heart/lung resuscitation cpr,heart/lung resuscitation cpr
Category I,Medicine,90000–99999,92953,Temporary external pacing,temporary external pacing
Category I,Medicine,90000–99999,92960,"""Cardioversion electric, ext""","""cardioversion electric, ext"""
Category I,Medicine,90000–99999,92961,"""Cardioversion, electric, int""","""cardioversion, electric, int"""
Category I,Medicine,90000–99999,92970,"""Cardioassist, internal""","""cardioassist, internal"""
Category I,Medicine,90000–99999,92971,"""Cardioassist, external""","""cardioassist, external"""
Category I,Medicine,90000–99999,92973,Percut coronary thrombectomy,percut coronary thrombectomy
Category I,Medicine,90000–99999,92974,"""Cath place, cardio brachytx""","""cath place, cardio brachytx"""
Category I,Medicine,90000–99999,92975,"""Dissolve clot, heart vessel""","""dissolve clot, heart vessel"""
Category I,Medicine,90000–99999,92977,"""Dissolve clot, heart vessel""","""dissolve clot, heart vessel"""
Category I,Medicine,90000–99999,92978,"""Intravasc us, heart add-on""","""intravasc us, heart add-on"""
Category I,Medicine,90000–99999,92979,"""Intravasc us, heart add-on""","""intravasc us, heart add-on"""
Category I,Medicine,90000–99999,92980,Insert intracoronary stent,insert intracoronary stent
Category I,Medicine,90000–99999,92981,Insert intracoronary stent,insert intracoronary stent
Category I,Medicine,90000–99999,92982,Coronary artery dilation,coronary artery dilation
Category I,Medicine,90000–99999,92984,Coronary artery dilation,coronary artery dilation
Category I,Medicine,90000–99999,92986,Revision of aortic valve,revision of aortic valve
Category I,Medicine,90000–99999,92987,Revision of mitral valve,revision of mitral valve
Category I,Medicine,90000–99999,92990,Revision of pulmonary valve,revision of pulmonary valve
Category I,Medicine,90000–99999,92992,Revision of heart chamber,revision of heart chamber
Category I,Medicine,90000–99999,92993,Revision of heart chamber,revision of heart chamber
Category I,Medicine,90000–99999,92995,Coronary atherectomy,coronary atherectomy
Category I,Medicine,90000–99999,92996,Coronary atherectomy add-on,coronary atherectomy add-on
Category I,Medicine,90000–99999,92997,"""Pul art balloon repr, percut""","""pul art balloon repr, percut"""
Category I,Medicine,90000–99999,92998,"""Pul art balloon repr, percut""","""pul art balloon repr, percut"""
Category I,Medicine,90000–99999,93000,"""Electrocardiogram, complete""","""electrocardiogram, complete"""
Category I,Medicine,90000–99999,93005,"""Electrocardiogram, tracing""","""electrocardiogram, tracing"""
Category I,Medicine,90000–99999,93010,Electrocardiogram report,electrocardiogram report
Category I,Medicine,90000–99999,93012,Transmission of ecg,transmission of ecg
Category I,Medicine,90000–99999,93014,Report on transmitted ecg,report on transmitted ecg
Category I,Medicine,90000–99999,93015,Cardiovascular stress test,cardiovascular stress test
Category I,Medicine,90000–99999,93016,Cardiovascular stress test,cardiovascular stress test
Category I,Medicine,90000–99999,93017,Cardiovascular stress test,cardiovascular stress test
Category I,Medicine,90000–99999,93018,Cardiovascular stress test,cardiovascular stress test
Category I,Medicine,90000–99999,93024,Cardiac drug stress test,cardiac drug stress test
Category I,Medicine,90000–99999,93025,Microvolt t-wave assess,microvolt t-wave assess
Category I,Medicine,90000–99999,93040,Rhythm ECG with report,rhythm ecg with report
Category I,Medicine,90000–99999,93041,"""Rhythm ECG, tracing""","""rhythm ecg, tracing"""
Category I,Medicine,90000–99999,93042,"""Rhythm ECG, report""","""rhythm ecg, report"""
Category I,Medicine,90000–99999,93224,"""ECG monitor/report, 24 hrs""","""ecg monitor/report, 24 hrs"""
Category I,Medicine,90000–99999,93225,"""ECG monitor/record, 24 hrs""","""ecg monitor/record, 24 hrs"""
Category I,Medicine,90000–99999,93226,"""ECG monitor/report, 24 hrs""","""ecg monitor/report, 24 hrs"""
Category I,Medicine,90000–99999,93227,"""ECG monitor/review, 24 hrs""","""ecg monitor/review, 24 hrs"""
Category I,Medicine,90000–99999,93230,"""ECG monitor/report, 24 hrs""","""ecg monitor/report, 24 hrs"""
Category I,Medicine,90000–99999,93231,"""Ecg monitor/record, 24 hrs""","""ecg monitor/record, 24 hrs"""
Category I,Medicine,90000–99999,93232,"""ECG monitor/report, 24 hrs""","""ecg monitor/report, 24 hrs"""
Category I,Medicine,90000–99999,93233,"""ECG monitor/review, 24 hrs""","""ecg monitor/review, 24 hrs"""
Category I,Medicine,90000–99999,93235,"""ECG monitor/report, 24 hrs""","""ecg monitor/report, 24 hrs"""
Category I,Medicine,90000–99999,93236,"""ECG monitor/report, 24 hrs""","""ecg monitor/report, 24 hrs"""
Category I,Medicine,90000–99999,93237,"""ECG monitor/review, 24 hrs""","""ecg monitor/review, 24 hrs"""
Category I,Medicine,90000–99999,93268,ECG record/review,ecg record/review
Category I,Medicine,90000–99999,93270,ECG recording,ecg recording
Category I,Medicine,90000–99999,93271,Ecg/monitoring and analysis,ecg/monitoring and analysis
Category I,Medicine,90000–99999,93272,"""Ecg/review, interpret only""","""ecg/review, interpret only"""
Category I,Medicine,90000–99999,93278,ECG/signal-averaged,ecg/signal-averaged
Category I,Medicine,90000–99999,93303,Echo transthoracic,echo transthoracic
Category I,Medicine,90000–99999,93304,Echo transthoracic,echo transthoracic
Category I,Medicine,90000–99999,93307,Echo exam of heart,echo exam of heart
Category I,Medicine,90000–99999,93308,Echo exam of heart,echo exam of heart
Category I,Medicine,90000–99999,93312,Echo transesophageal,echo transesophageal
Category I,Medicine,90000–99999,93313,Echo transesophageal,echo transesophageal
Category I,Medicine,90000–99999,93314,Echo transesophageal,echo transesophageal
Category I,Medicine,90000–99999,93315,Echo transesophageal,echo transesophageal
Category I,Medicine,90000–99999,93316,Echo transesophageal,echo transesophageal
Category I,Medicine,90000–99999,93317,Echo transesophageal,echo transesophageal
Category I,Medicine,90000–99999,93318,Echo transesophageal intraop,echo transesophageal intraop
Category I,Medicine,90000–99999,93320,"""Doppler echo exam, heart""","""doppler echo exam, heart"""
Category I,Medicine,90000–99999,93321,"""Doppler echo exam, heart""","""doppler echo exam, heart"""
Category I,Medicine,90000–99999,93325,Doppler color flow add-on,doppler color flow add-on
Category I,Medicine,90000–99999,93350,Echo transthoracic,echo transthoracic
Category I,Medicine,90000–99999,93501,Right heart catheterization,right heart catheterization
Category I,Medicine,90000–99999,93503,Insert/place heart catheter,insert/place heart catheter
Category I,Medicine,90000–99999,93505,Biopsy of heart lining,biopsy of heart lining
Category I,Medicine,90000–99999,93508,"""Cath placement, angiography""","""cath placement, angiography"""
Category I,Medicine,90000–99999,93510,Left heart catheterization,left heart catheterization
Category I,Medicine,90000–99999,93511,Left heart catheterization,left heart catheterization
Category I,Medicine,90000–99999,93514,Left heart catheterization,left heart catheterization
Category I,Medicine,90000–99999,93524,Left heart catheterization,left heart catheterization
Category I,Medicine,90000–99999,93526,Rt & Lt heart catheters,rt & lt heart catheters
Category I,Medicine,90000–99999,93527,Rt & Lt heart catheters,rt & lt heart catheters
Category I,Medicine,90000–99999,93528,Rt & Lt heart catheters,rt & lt heart catheters
Category I,Medicine,90000–99999,93529,"""Rt, lt heart catheterization""","""rt, lt heart catheterization"""
Category I,Medicine,90000–99999,93530,"""Rt heart cath, congenital""","""rt heart cath, congenital"""
Category I,Medicine,90000–99999,93531,"""R & l heart cath, congenital""","""r & l heart cath, congenital"""
Category I,Medicine,90000–99999,93532,"""R & l heart cath, congenital""","""r & l heart cath, congenital"""
Category I,Medicine,90000–99999,93533,"""R & l heart cath, congenital""","""r & l heart cath, congenital"""
Category I,Medicine,90000–99999,93539,"""Injection, cardiac cath""","""injection, cardiac cath"""
Category I,Medicine,90000–99999,93540,"""Injection, cardiac cath""","""injection, cardiac cath"""
Category I,Medicine,90000–99999,93541,Injection for lung angiogram,injection for lung angiogram
Category I,Medicine,90000–99999,93542,Injection for heart x-rays,injection for heart x-rays
Category I,Medicine,90000–99999,93543,Injection for heart x-rays,injection for heart x-rays
Category I,Medicine,90000–99999,93544,Injection for aortography,injection for aortography
Category I,Medicine,90000–99999,93545,Inject for coronary x-rays,inject for coronary x-rays
Category I,Medicine,90000–99999,93555,"""Imaging, cardiac cath""","""imaging, cardiac cath"""
Category I,Medicine,90000–99999,93556,"""Imaging, cardiac cath""","""imaging, cardiac cath"""
Category I,Medicine,90000–99999,93561,Cardiac output measurement,cardiac output measurement
Category I,Medicine,90000–99999,93562,Cardiac output measurement,cardiac output measurement
Category I,Medicine,90000–99999,93571,Heart flow reserve measure,heart flow reserve measure
Category I,Medicine,90000–99999,93572,Heart flow reserve measure,heart flow reserve measure
Category I,Medicine,90000–99999,93580,Transcath closure of asd,transcath closure of asd
Category I,Medicine,90000–99999,93581,Transcath closure of vsd,transcath closure of vsd
Category I,Medicine,90000–99999,93600,Bundle of His recording,bundle of his recording
Category I,Medicine,90000–99999,93602,Intra-atrial recording,intra-atrial recording
Category I,Medicine,90000–99999,93603,Right ventricular recording,right ventricular recording
Category I,Medicine,90000–99999,93609,"""Map tachycardia, add-on""","""map tachycardia, add-on"""
Category I,Medicine,90000–99999,93610,Intra-atrial pacing,intra-atrial pacing
Category I,Medicine,90000–99999,93612,Intraventricular pacing,intraventricular pacing
Category I,Medicine,90000–99999,93613,"""Electrophys map 3d, add-on""","""electrophys map 3d, add-on"""
Category I,Medicine,90000–99999,93615,Esophageal recording,esophageal recording
Category I,Medicine,90000–99999,93616,Esophageal recording,esophageal recording
Category I,Medicine,90000–99999,93618,Heart rhythm pacing,heart rhythm pacing
Category I,Medicine,90000–99999,93619,Electrophysiology evaluation,electrophysiology evaluation
Category I,Medicine,90000–99999,93620,Electrophysiology evaluation,electrophysiology evaluation
Category I,Medicine,90000–99999,93621,Electrophysiology evaluation,electrophysiology evaluation
Category I,Medicine,90000–99999,93622,Electrophysiology evaluation,electrophysiology evaluation
Category I,Medicine,90000–99999,93623,"""Stimulation, pacing heart""","""stimulation, pacing heart"""
Category I,Medicine,90000–99999,93624,Electrophysiologic study,electrophysiologic study
Category I,Medicine,90000–99999,93631,"""Heart pacing, mapping""","""heart pacing, mapping"""
Category I,Medicine,90000–99999,93640,Evaluation heart device,evaluation heart device
Category I,Medicine,90000–99999,93641,Electrophysiology evaluation,electrophysiology evaluation
Category I,Medicine,90000–99999,93642,Electrophysiology evaluation,electrophysiology evaluation
Category I,Medicine,90000–99999,93650,Ablate heart dysrhythm focus,ablate heart dysrhythm focus
Category I,Medicine,90000–99999,93651,Ablate heart dysrhythm focus,ablate heart dysrhythm focus
Category I,Medicine,90000–99999,93652,Ablate heart dysrhythm focus,ablate heart dysrhythm focus
Category I,Medicine,90000–99999,93660,Tilt table evaluation,tilt table evaluation
Category I,Medicine,90000–99999,93662,Intracardiac ecg (ice),intracardiac ecg (ice)
Category I,Medicine,90000–99999,93668,Peripheral vascular rehab,peripheral vascular rehab
Category I,Medicine,90000–99999,93701,"""Bioimpedance, thoracic""","""bioimpedance, thoracic"""
Category I,Medicine,90000–99999,93720,Total body plethysmography,total body plethysmography
Category I,Medicine,90000–99999,93721,Plethysmography tracing,plethysmography tracing
Category I,Medicine,90000–99999,93722,Plethysmography report,plethysmography report
Category I,Medicine,90000–99999,93724,Analyze pacemaker system,analyze pacemaker system
Category I,Medicine,90000–99999,93727,Analyze ilr system,analyze ilr system
Category I,Medicine,90000–99999,93731,Analyze pacemaker system,analyze pacemaker system
Category I,Medicine,90000–99999,93732,Analyze pacemaker system,analyze pacemaker system
Category I,Medicine,90000–99999,93733,"""Telephone analy, pacemaker""","""telephone analy, pacemaker"""
Category I,Medicine,90000–99999,93734,Analyze pacemaker system,analyze pacemaker system
Category I,Medicine,90000–99999,93735,Analyze pacemaker system,analyze pacemaker system
Category I,Medicine,90000–99999,93736,"""Telephonic analy, pacemaker""","""telephonic analy, pacemaker"""
Category I,Medicine,90000–99999,93740,Temperature gradient studies,temperature gradient studies
Category I,Medicine,90000–99999,93741,Analyze ht pace device sngl,analyze ht pace device sngl
Category I,Medicine,90000–99999,93742,Analyze ht pace device sngl,analyze ht pace device sngl
Category I,Medicine,90000–99999,93743,Analyze ht pace device dual,analyze ht pace device dual
Category I,Medicine,90000–99999,93744,Analyze ht pace device dual,analyze ht pace device dual
Category I,Medicine,90000–99999,93745,Set-up cardiovert-defibrill,set-up cardiovert-defibrill
Category I,Medicine,90000–99999,93760,Cephalic thermogram,cephalic thermogram
Category I,Medicine,90000–99999,93762,Peripheral thermogram,peripheral thermogram
Category I,Medicine,90000–99999,93770,Measure venous pressure,measure venous pressure
Category I,Medicine,90000–99999,93784,Ambulatory BP monitoring,ambulatory bp monitoring
Category I,Medicine,90000–99999,93786,Ambulatory BP recording,ambulatory bp recording
Category I,Medicine,90000–99999,93788,Ambulatory BP analysis,ambulatory bp analysis
Category I,Medicine,90000–99999,93790,Review/report BP recording,review/report bp recording
Category I,Medicine,90000–99999,93797,Cardiac rehab,cardiac rehab
Category I,Medicine,90000–99999,93798,Cardiac rehab/monitor,cardiac rehab/monitor
Category I,Medicine,90000–99999,93799,Cardiovascular procedure,cardiovascular procedure
Category I,Medicine,90000–99999,93875,Extracranial study,extracranial study
Category I,Medicine,90000–99999,93880,Extracranial study,extracranial study
Category I,Medicine,90000–99999,93882,Extracranial study,extracranial study
Category I,Medicine,90000–99999,93886,Intracranial study,intracranial study
Category I,Medicine,90000–99999,93888,Intracranial study,intracranial study
Category I,Medicine,90000–99999,93890,"""Tcd, vasoreactivity study""","""tcd, vasoreactivity study"""
Category I,Medicine,90000–99999,93892,"""Tcd, emboli detect w/o inj""","""tcd, emboli detect w/o inj"""
Category I,Medicine,90000–99999,93893,"""Tcd, emboli detect w/inj""","""tcd, emboli detect w/inj"""
Category I,Medicine,90000–99999,93922,Extremity study,extremity study
Category I,Medicine,90000–99999,93923,Extremity study,extremity study
Category I,Medicine,90000–99999,93924,Extremity study,extremity study
Category I,Medicine,90000–99999,93925,Lower extremity study,lower extremity study
Category I,Medicine,90000–99999,93926,Lower extremity study,lower extremity study
Category I,Medicine,90000–99999,93930,Upper extremity study,upper extremity study
Category I,Medicine,90000–99999,93931,Upper extremity study,upper extremity study
Category I,Medicine,90000–99999,93965,Extremity study,extremity study
Category I,Medicine,90000–99999,93970,Extremity study,extremity study
Category I,Medicine,90000–99999,93971,Extremity study,extremity study
Category I,Medicine,90000–99999,93975,Vascular study,vascular study
Category I,Medicine,90000–99999,93976,Vascular study,vascular study
Category I,Medicine,90000–99999,93978,Vascular study,vascular study
Category I,Medicine,90000–99999,93979,Vascular study,vascular study
Category I,Medicine,90000–99999,93980,Penile vascular study,penile vascular study
Category I,Medicine,90000–99999,93981,Penile vascular study,penile vascular study
Category I,Medicine,90000–99999,93990,Doppler flow testing,doppler flow testing
Category I,Medicine,90000–99999,94010,Breathing capacity test,breathing capacity test
Category I,Medicine,90000–99999,94014,Patient recorded spirometry,patient recorded spirometry
Category I,Medicine,90000–99999,94015,Patient recorded spirometry,patient recorded spirometry
Category I,Medicine,90000–99999,94016,Review patient spirometry,review patient spirometry
Category I,Medicine,90000–99999,94060,Evaluation of wheezing,evaluation of wheezing
Category I,Medicine,90000–99999,94070,Evaluation of wheezing,evaluation of wheezing
Category I,Medicine,90000–99999,94150,Vital capacity test,vital capacity test
Category I,Medicine,90000–99999,94200,Lung function test (MBC/MVV),lung function test (mbc/mvv)
Category I,Medicine,90000–99999,94240,Residual lung capacity,residual lung capacity
Category I,Medicine,90000–99999,94250,Expired gas collection,expired gas collection
Category I,Medicine,90000–99999,94260,Thoracic gas volume,thoracic gas volume
Category I,Medicine,90000–99999,94350,Lung nitrogen washout curve,lung nitrogen washout curve
Category I,Medicine,90000–99999,94360,Measure airflow resistance,measure airflow resistance
Category I,Medicine,90000–99999,94370,Breath airway closing volume,breath airway closing volume
Category I,Medicine,90000–99999,94375,Respiratory flow volume loop,respiratory flow volume loop
Category I,Medicine,90000–99999,94400,CO2 breathing response curve,co2 breathing response curve
Category I,Medicine,90000–99999,94450,Hypoxia response curve,hypoxia response curve
Category I,Medicine,90000–99999,94452,Hast w/report,hast w/report
Category I,Medicine,90000–99999,94453,Hast w/oxygen titrate,hast w/oxygen titrate
Category I,Medicine,90000–99999,94620,Pulmonary stress test/simple,pulmonary stress test/simple
Category I,Medicine,90000–99999,94621,Pulm stress test/complex,pulm stress test/complex
Category I,Medicine,90000–99999,94640,Airway inhalation treatment,airway inhalation treatment
Category I,Medicine,90000–99999,94642,Aerosol inhalation treatment,aerosol inhalation treatment
Category I,Medicine,90000–99999,94656,Initial ventilator mgmt,initial ventilator mgmt
Category I,Medicine,90000–99999,94657,Continued ventilator mgmt,continued ventilator mgmt
Category I,Medicine,90000–99999,94660,"""Pos airway pressure, CPAP""","""pos airway pressure, cpap"""
Category I,Medicine,90000–99999,94662,"""Neg press ventilation, cnp""","""neg press ventilation, cnp"""
Category I,Medicine,90000–99999,94664,Evaluate pt use of inhaler,evaluate pt use of inhaler
Category I,Medicine,90000–99999,94667,Chest wall manipulation,chest wall manipulation
Category I,Medicine,90000–99999,94668,Chest wall manipulation,chest wall manipulation
Category I,Medicine,90000–99999,94680,"""Exhaled air analysis, o2""","""exhaled air analysis, o2"""
Category I,Medicine,90000–99999,94681,"""Exhaled air analysis, o2/co2""","""exhaled air analysis, o2/co2"""
Category I,Medicine,90000–99999,94690,Exhaled air analysis,exhaled air analysis
Category I,Medicine,90000–99999,94720,Monoxide diffusing capacity,monoxide diffusing capacity
Category I,Medicine,90000–99999,94725,Membrane diffusion capacity,membrane diffusion capacity
Category I,Medicine,90000–99999,94750,Pulmonary compliance study,pulmonary compliance study
Category I,Medicine,90000–99999,94760,Measure blood oxygen level,measure blood oxygen level
Category I,Medicine,90000–99999,94761,Measure blood oxygen level,measure blood oxygen level
Category I,Medicine,90000–99999,94762,Measure blood oxygen level,measure blood oxygen level
Category I,Medicine,90000–99999,94770,Exhaled carbon dioxide test,exhaled carbon dioxide test
Category I,Medicine,90000–99999,94772,"""Breath recording, infant""","""breath recording, infant"""
Category I,Medicine,90000–99999,94799,Pulmonary service/procedure,pulmonary service/procedure
Category I,Medicine,90000–99999,95004,Percut allergy skin tests,percut allergy skin tests
Category I,Medicine,90000–99999,95010,Percut allergy titrate test,percut allergy titrate test
Category I,Medicine,90000–99999,95015,Id allergy titrate-drug/bug,id allergy titrate-drug/bug
Category I,Medicine,90000–99999,95024,"""Id allergy test, drug/bug""","""id allergy test, drug/bug"""
Category I,Medicine,90000–99999,95027,Id allergy titrate-airborne,id allergy titrate-airborne
Category I,Medicine,90000–99999,95028,Id allergy test-delayed type,id allergy test-delayed type
Category I,Medicine,90000–99999,95044,Allergy patch tests,allergy patch tests
Category I,Medicine,90000–99999,95052,Photo patch test,photo patch test
Category I,Medicine,90000–99999,95056,Photosensitivity tests,photosensitivity tests
Category I,Medicine,90000–99999,95060,Eye allergy tests,eye allergy tests
Category I,Medicine,90000–99999,95065,Nose allergy test,nose allergy test
Category I,Medicine,90000–99999,95070,Bronchial allergy tests,bronchial allergy tests
Category I,Medicine,90000–99999,95071,Bronchial allergy tests,bronchial allergy tests
Category I,Medicine,90000–99999,95075,Ingestion challenge test,ingestion challenge test
Category I,Medicine,90000–99999,95078,Provocative testing,provocative testing
Category I,Medicine,90000–99999,95115,"""Immunotherapy, one injection""","""immunotherapy, one injection"""
Category I,Medicine,90000–99999,95117,Immunotherapy injections,immunotherapy injections
Category I,Medicine,90000–99999,95120,"""Immunotherapy, one injection""","""immunotherapy, one injection"""
Category I,Medicine,90000–99999,95125,"""Immunotherapy, many antigens""","""immunotherapy, many antigens"""
Category I,Medicine,90000–99999,95130,"""Immunotherapy, insect venom""","""immunotherapy, insect venom"""
Category I,Medicine,90000–99999,95131,"""Immunotherapy, insect venoms""","""immunotherapy, insect venoms"""
Category I,Medicine,90000–99999,95132,"""Immunotherapy, insect venoms""","""immunotherapy, insect venoms"""
Category I,Medicine,90000–99999,95133,"""Immunotherapy, insect venoms""","""immunotherapy, insect venoms"""
Category I,Medicine,90000–99999,95134,"""Immunotherapy, insect venoms""","""immunotherapy, insect venoms"""
Category I,Medicine,90000–99999,95144,Antigen therapy services,antigen therapy services
Category I,Medicine,90000–99999,95145,Antigen therapy services,antigen therapy services
Category I,Medicine,90000–99999,95146,Antigen therapy services,antigen therapy services
Category I,Medicine,90000–99999,95147,Antigen therapy services,antigen therapy services
Category I,Medicine,90000–99999,95148,Antigen therapy services,antigen therapy services
Category I,Medicine,90000–99999,95149,Antigen therapy services,antigen therapy services
Category I,Medicine,90000–99999,95165,Antigen therapy services,antigen therapy services
Category I,Medicine,90000–99999,95170,Antigen therapy services,antigen therapy services
Category I,Medicine,90000–99999,95180,Rapid desensitization,rapid desensitization
Category I,Medicine,90000–99999,95199,Allergy immunology services,allergy immunology services
Category I,Medicine,90000–99999,95250,"""Glucose monitoring, cont""","""glucose monitoring, cont"""
Category I,Medicine,90000–99999,95805,Multiple sleep latency test,multiple sleep latency test
Category I,Medicine,90000–99999,95806,"""Sleep study, unattended""","""sleep study, unattended"""
Category I,Medicine,90000–99999,95807,"""Sleep study, attended""","""sleep study, attended"""
Category I,Medicine,90000–99999,95808,"""Polysomnography, 1-3""","""polysomnography, 1-3"""
Category I,Medicine,90000–99999,95810,"""Polysomnography, 4 or more""","""polysomnography, 4 or more"""
Category I,Medicine,90000–99999,95811,Polysomnography w/cpap,polysomnography w/cpap
Category I,Medicine,90000–99999,95812,"""Eeg, 41-60 minutes""","""eeg, 41-60 minutes"""
Category I,Medicine,90000–99999,95813,"""Eeg, over 1 hour""","""eeg, over 1 hour"""
Category I,Medicine,90000–99999,95816,"""Eeg, awake and drowsy""","""eeg, awake and drowsy"""
Category I,Medicine,90000–99999,95819,"""Eeg, awake and asleep""","""eeg, awake and asleep"""
Category I,Medicine,90000–99999,95822,"""Eeg, coma or sleep only""","""eeg, coma or sleep only"""
Category I,Medicine,90000–99999,95824,"""Eeg, cerebral death only""","""eeg, cerebral death only"""
Category I,Medicine,90000–99999,95827,"""Eeg, all night recording""","""eeg, all night recording"""
Category I,Medicine,90000–99999,95829,Surgery electrocorticogram,surgery electrocorticogram
Category I,Medicine,90000–99999,95830,Insert electrodes for EEG,insert electrodes for eeg
Category I,Medicine,90000–99999,95831,"""Limb muscle testing, manual""","""limb muscle testing, manual"""
Category I,Medicine,90000–99999,95832,"""Hand muscle testing, manual""","""hand muscle testing, manual"""
Category I,Medicine,90000–99999,95833,"""Body muscle testing, manual""","""body muscle testing, manual"""
Category I,Medicine,90000–99999,95834,"""Body muscle testing, manual""","""body muscle testing, manual"""
Category I,Medicine,90000–99999,95851,Range of motion measurements,range of motion measurements
Category I,Medicine,90000–99999,95852,Range of motion measurements,range of motion measurements
Category I,Medicine,90000–99999,95857,Tensilon test,tensilon test
Category I,Medicine,90000–99999,95858,Tensilon test & myogram,tensilon test & myogram
Category I,Medicine,90000–99999,95860,"""Muscle test, one limb""","""muscle test, one limb"""
Category I,Medicine,90000–99999,95861,"""Muscle test, 2 limbs""","""muscle test, 2 limbs"""
Category I,Medicine,90000–99999,95863,"""Muscle test, 3 limbs""","""muscle test, 3 limbs"""
Category I,Medicine,90000–99999,95864,"""Muscle test, 4 limbs""","""muscle test, 4 limbs"""
Category I,Medicine,90000–99999,95867,Muscle test cran nerv unilat,muscle test cran nerv unilat
Category I,Medicine,90000–99999,95868,Muscle test cran nerve bilat,muscle test cran nerve bilat
Category I,Medicine,90000–99999,95869,"""Muscle test, thor paraspinal""","""muscle test, thor paraspinal"""
Category I,Medicine,90000–99999,95870,"""Muscle test, nonparaspinal""","""muscle test, nonparaspinal"""
Category I,Medicine,90000–99999,95872,"""Muscle test, one fiber""","""muscle test, one fiber"""
Category I,Medicine,90000–99999,95875,Limb exercise test,limb exercise test
Category I,Medicine,90000–99999,95900,Motor nerve conduction test,motor nerve conduction test
Category I,Medicine,90000–99999,95903,Motor nerve conduction test,motor nerve conduction test
Category I,Medicine,90000–99999,95904,Sense nerve conduction test,sense nerve conduction test
Category I,Medicine,90000–99999,95920,Intraop nerve test add-on,intraop nerve test add-on
Category I,Medicine,90000–99999,95921,Autonomic nerv function test,autonomic nerv function test
Category I,Medicine,90000–99999,95922,Autonomic nerv function test,autonomic nerv function test
Category I,Medicine,90000–99999,95923,Autonomic nerv function test,autonomic nerv function test
Category I,Medicine,90000–99999,95925,Somatosensory testing,somatosensory testing
Category I,Medicine,90000–99999,95926,Somatosensory testing,somatosensory testing
Category I,Medicine,90000–99999,95927,Somatosensory testing,somatosensory testing
Category I,Medicine,90000–99999,95928,"""C motor evoked, uppr limbs""","""c motor evoked, uppr limbs"""
Category I,Medicine,90000–99999,95929,"""C motor evoked, lwr limbs""","""c motor evoked, lwr limbs"""
Category I,Medicine,90000–99999,95930,Visual evoked potential test,visual evoked potential test
Category I,Medicine,90000–99999,95933,Blink reflex test,blink reflex test
Category I,Medicine,90000–99999,95934,H-reflex test,h-reflex test
Category I,Medicine,90000–99999,95936,H-reflex test,h-reflex test
Category I,Medicine,90000–99999,95937,Neuromuscular junction test,neuromuscular junction test
Category I,Medicine,90000–99999,95950,Ambulatory eeg monitoring,ambulatory eeg monitoring
Category I,Medicine,90000–99999,95951,EEG monitoring/videorecord,eeg monitoring/videorecord
Category I,Medicine,90000–99999,95953,EEG monitoring/computer,eeg monitoring/computer
Category I,Medicine,90000–99999,95954,EEG monitoring/giving drugs,eeg monitoring/giving drugs
Category I,Medicine,90000–99999,95955,EEG during surgery,eeg during surgery
Category I,Medicine,90000–99999,95956,"""Eeg monitoring, cable/radio""","""eeg monitoring, cable/radio"""
Category I,Medicine,90000–99999,95957,EEG digital analysis,eeg digital analysis
Category I,Medicine,90000–99999,95958,EEG monitoring/function test,eeg monitoring/function test
Category I,Medicine,90000–99999,95961,"""Electrode stimulation, brain""","""electrode stimulation, brain"""
Category I,Medicine,90000–99999,95962,"""Electrode stim, brain add-on""","""electrode stim, brain add-on"""
Category I,Medicine,90000–99999,95965,"""Meg, spontaneous""","""meg, spontaneous"""
Category I,Medicine,90000–99999,95966,"""Meg, evoked, single""","""meg, evoked, single"""
Category I,Medicine,90000–99999,95967,"""Meg, evoked, each add?l""","""meg, evoked, each add?l"""
Category I,Medicine,90000–99999,95970,"""Analyze neurostim, no prog""","""analyze neurostim, no prog"""
Category I,Medicine,90000–99999,95971,"""Analyze neurostim, simple""","""analyze neurostim, simple"""
Category I,Medicine,90000–99999,95972,"""Analyze neurostim, complex""","""analyze neurostim, complex"""
Category I,Medicine,90000–99999,95973,"""Analyze neurostim, complex""","""analyze neurostim, complex"""
Category I,Medicine,90000–99999,95974,"""Cranial neurostim, complex""","""cranial neurostim, complex"""
Category I,Medicine,90000–99999,95975,"""Cranial neurostim, complex""","""cranial neurostim, complex"""
Category I,Medicine,90000–99999,95978,Analyze neurostim brain/1h,analyze neurostim brain/1h
Category I,Medicine,90000–99999,95979,Analyz neurostim brain addon,analyz neurostim brain addon
Category I,Medicine,90000–99999,95990,Spin/brain pump refil & main,spin/brain pump refil & main
Category I,Medicine,90000–99999,95991,Spin/brain pump refil & main,spin/brain pump refil & main
Category I,Medicine,90000–99999,95999,Neurological procedure,neurological procedure
Category I,Medicine,90000–99999,96000,"""Motion analysis, video/3d""","""motion analysis, video/3d"""
Category I,Medicine,90000–99999,96001,Motion test w/ft press meas,motion test w/ft press meas
Category I,Medicine,90000–99999,96002,Dynamic surface emg,dynamic surface emg
Category I,Medicine,90000–99999,96003,Dynamic fine wire emg,dynamic fine wire emg
Category I,Medicine,90000–99999,96004,Phys review of motion tests,phys review of motion tests
Category I,Medicine,90000–99999,96100,Psychological testing,psychological testing
Category I,Medicine,90000–99999,96105,Assessment of aphasia,assessment of aphasia
Category I,Medicine,90000–99999,96110,"""Developmental test, lim""","""developmental test, lim"""
Category I,Medicine,90000–99999,96111,"""Developmental test, extend""","""developmental test, extend"""
Category I,Medicine,90000–99999,96115,Neurobehavior status exam,neurobehavior status exam
Category I,Medicine,90000–99999,96117,Neuropsych test battery,neuropsych test battery
Category I,Medicine,90000–99999,96150,"""Assess hlth/behave, init""","""assess hlth/behave, init"""
Category I,Medicine,90000–99999,96151,"""Assess hlth/behave, subseq""","""assess hlth/behave, subseq"""
Category I,Medicine,90000–99999,96152,"""Intervene hlth/behave, indiv""","""intervene hlth/behave, indiv"""
Category I,Medicine,90000–99999,96153,"""Intervene hlth/behave, group""","""intervene hlth/behave, group"""
Category I,Medicine,90000–99999,96154,"""Interv hlth/behav, fam w/pt""","""interv hlth/behav, fam w/pt"""
Category I,Medicine,90000–99999,96155,Interv hlth/behav fam no pt,interv hlth/behav fam no pt
Category I,Medicine,90000–99999,96400,"""Chemotherapy, sc/im""","""chemotherapy, sc/im"""
Category I,Medicine,90000–99999,96405,Intralesional chemo admin,intralesional chemo admin
Category I,Medicine,90000–99999,96406,Intralesional chemo admin,intralesional chemo admin
Category I,Medicine,90000–99999,96408,"""Chemotherapy, push technique""","""chemotherapy, push technique"""
Category I,Medicine,90000–99999,96410,"""Chemotherapy,infusion method""","""chemotherapy,infusion method"""
Category I,Medicine,90000–99999,96412,"""Chemo, infuse method add-on""","""chemo, infuse method add-on"""
Category I,Medicine,90000–99999,96414,"""Chemo, infuse method add-on""","""chemo, infuse method add-on"""
Category I,Medicine,90000–99999,96420,"""Chemotherapy, push technique""","""chemotherapy, push technique"""
Category I,Medicine,90000–99999,96422,"""Chemotherapy,infusion method""","""chemotherapy,infusion method"""
Category I,Medicine,90000–99999,96423,"""Chemo, infuse method add-on""","""chemo, infuse method add-on"""
Category I,Medicine,90000–99999,96425,"""Chemotherapy,infusion method""","""chemotherapy,infusion method"""
Category I,Medicine,90000–99999,96440,"""Chemotherapy, intracavitary""","""chemotherapy, intracavitary"""
Category I,Medicine,90000–99999,96445,"""Chemotherapy, intracavitary""","""chemotherapy, intracavitary"""
Category I,Medicine,90000–99999,96450,"""Chemotherapy, into CNS""","""chemotherapy, into cns"""
Category I,Medicine,90000–99999,96520,Port pump refill & main,port pump refill & main
Category I,Medicine,90000–99999,96530,Syst pump refill & main,syst pump refill & main
Category I,Medicine,90000–99999,96542,Chemotherapy injection,chemotherapy injection
Category I,Medicine,90000–99999,96545,Provide chemotherapy agent,provide chemotherapy agent
Category I,Medicine,90000–99999,96549,"""Chemotherapy, unspecified""","""chemotherapy, unspecified"""
Category I,Medicine,90000–99999,96567,"""Photodynamic tx, skin""","""photodynamic tx, skin"""
Category I,Medicine,90000–99999,96570,"""Photodynamic tx, 30 min""","""photodynamic tx, 30 min"""
Category I,Medicine,90000–99999,96571,"""Photodynamic tx, addl 15 min""","""photodynamic tx, addl 15 min"""
Category I,Medicine,90000–99999,96900,Ultraviolet light therapy,ultraviolet light therapy
Category I,Medicine,90000–99999,96902,Trichogram,trichogram
Category I,Medicine,90000–99999,96910,Photochemotherapy with UV-B,photochemotherapy with uv-b
Category I,Medicine,90000–99999,96912,Photochemotherapy with UV-A,photochemotherapy with uv-a
Category I,Medicine,90000–99999,96913,"""Photochemotherapy, UV-A or B""","""photochemotherapy, uv-a or b"""
Category I,Medicine,90000–99999,96920,"""Laser tx, skin < 250 sq cm""","""laser tx, skin < 250 sq cm"""
Category I,Medicine,90000–99999,96921,"""Laser tx, skin 250-500 sq cm""","""laser tx, skin 250-500 sq cm"""
Category I,Medicine,90000–99999,96922,"""Laser tx, skin > 500 sq cm""","""laser tx, skin > 500 sq cm"""
Category I,Medicine,90000–99999,96999,Dermatological procedure,dermatological procedure
Category I,Medicine,90000–99999,97001,Pt evaluation,pt evaluation
Category I,Medicine,90000–99999,97002,Pt re-evaluation,pt re-evaluation
Category I,Medicine,90000–99999,97003,Ot evaluation,ot evaluation
Category I,Medicine,90000–99999,97004,Ot re-evaluation,ot re-evaluation
Category I,Medicine,90000–99999,97005,Athletic train eval,athletic train eval
Category I,Medicine,90000–99999,97006,Athletic train reeval,athletic train reeval
Category I,Medicine,90000–99999,97010,Hot or cold packs therapy,hot or cold packs therapy
Category I,Medicine,90000–99999,97012,Mechanical traction therapy,mechanical traction therapy
Category I,Medicine,90000–99999,97014,Electric stimulation therapy,electric stimulation therapy
Category I,Medicine,90000–99999,97016,Vasopneumatic device therapy,vasopneumatic device therapy
Category I,Medicine,90000–99999,97018,Paraffin bath therapy,paraffin bath therapy
Category I,Medicine,90000–99999,97020,Microwave therapy,microwave therapy
Category I,Medicine,90000–99999,97022,Whirlpool therapy,whirlpool therapy
Category I,Medicine,90000–99999,97024,Diathermy treatment,diathermy treatment
Category I,Medicine,90000–99999,97026,Infrared therapy,infrared therapy
Category I,Medicine,90000–99999,97028,Ultraviolet therapy,ultraviolet therapy
Category I,Medicine,90000–99999,97032,Electrical stimulation,electrical stimulation
Category I,Medicine,90000–99999,97033,Electric current therapy,electric current therapy
Category I,Medicine,90000–99999,97034,Contrast bath therapy,contrast bath therapy
Category I,Medicine,90000–99999,97035,Ultrasound therapy,ultrasound therapy
Category I,Medicine,90000–99999,97036,Hydrotherapy,hydrotherapy
Category I,Medicine,90000–99999,97039,Physical therapy treatment,physical therapy treatment
Category I,Medicine,90000–99999,97110,Therapeutic exercises,therapeutic exercises
Category I,Medicine,90000–99999,97112,Neuromuscular reeducation,neuromuscular reeducation
Category I,Medicine,90000–99999,97113,Aquatic therapy/exercises,aquatic therapy/exercises
Category I,Medicine,90000–99999,97116,Gait training therapy,gait training therapy
Category I,Medicine,90000–99999,97124,Massage therapy,massage therapy
Category I,Medicine,90000–99999,97139,Physical medicine procedure,physical medicine procedure
Category I,Medicine,90000–99999,97140,Manual therapy,manual therapy
Category I,Medicine,90000–99999,97150,Group therapeutic procedures,group therapeutic procedures
Category I,Medicine,90000–99999,97504,Orthotic training,orthotic training
Category I,Medicine,90000–99999,97520,Prosthetic training,prosthetic training
Category I,Medicine,90000–99999,97530,Therapeutic activities,therapeutic activities
Category I,Medicine,90000–99999,97532,Cognitive skills development,cognitive skills development
Category I,Medicine,90000–99999,97533,Sensory integration,sensory integration
Category I,Medicine,90000–99999,97535,Self care mngment training,self care mngment training
Category I,Medicine,90000–99999,97537,Community/work reintegration,community/work reintegration
Category I,Medicine,90000–99999,97542,Wheelchair mngment training,wheelchair mngment training
Category I,Medicine,90000–99999,97545,Work hardening,work hardening
Category I,Medicine,90000–99999,97546,Work hardening add-on,work hardening add-on
Category I,Medicine,90000–99999,97597,Active wound care/20 cm or <,active wound care/20 cm or <
Category I,Medicine,90000–99999,97598,Active wound care > 20 cm,active wound care > 20 cm
Category I,Medicine,90000–99999,97602,Wound(s) care non-selective,wound(s) care non-selective
Category I,Medicine,90000–99999,97605,"""Neg press wound tx, < 50 cm""","""neg press wound tx, < 50 cm"""
Category I,Medicine,90000–99999,97606,"""Neg press wound tx, > 50 cm""","""neg press wound tx, > 50 cm"""
Category I,Medicine,90000–99999,97703,Prosthetic checkout,prosthetic checkout
Category I,Medicine,90000–99999,97750,Physical performance test,physical performance test
Category I,Medicine,90000–99999,97755,Assistive technology assess,assistive technology assess
Category I,Medicine,90000–99999,97799,Physical medicine procedure,physical medicine procedure
Category I,Medicine,90000–99999,97802,"""Medical nutrition, indiv, in""","""medical nutrition, indiv, in"""
Category I,Medicine,90000–99999,97803,"""Med nutrition, indiv, subseq""","""med nutrition, indiv, subseq"""
Category I,Medicine,90000–99999,97804,"""Medical nutrition, group""","""medical nutrition, group"""
Category I,Medicine,90000–99999,97810,Acupunct w/o stimul 15 min,acupunct w/o stimul 15 min
Category I,Medicine,90000–99999,97811,Acupunct w/o stimul addl 15m,acupunct w/o stimul addl 15m
Category I,Medicine,90000–99999,97813,Acupunct w/stimul 15 min,acupunct w/stimul 15 min
Category I,Medicine,90000–99999,97814,Acupunct w/stimul addl 15m,acupunct w/stimul addl 15m
Category I,Medicine,90000–99999,98925,Osteopathic manipulation,osteopathic manipulation
Category I,Medicine,90000–99999,98926,Osteopathic manipulation,osteopathic manipulation
Category I,Medicine,90000–99999,98927,Osteopathic manipulation,osteopathic manipulation
Category I,Medicine,90000–99999,98928,Osteopathic manipulation,osteopathic manipulation
Category I,Medicine,90000–99999,98929,Osteopathic manipulation,osteopathic manipulation
Category I,Medicine,90000–99999,98940,Chiropractic manipulation,chiropractic manipulation
Category I,Medicine,90000–99999,98941,Chiropractic manipulation,chiropractic manipulation
Category I,Medicine,90000–99999,98942,Chiropractic manipulation,chiropractic manipulation
Category I,Medicine,90000–99999,98943,Chiropractic manipulation,chiropractic manipulation
Category I,Medicine,90000–99999,99000,Specimen handling,specimen handling
Category I,Medicine,90000–99999,99001,Specimen handling,specimen handling
Category I,Medicine,90000–99999,99002,Device handling,device handling
Category I,Medicine,90000–99999,99024,Postop follow-up visit,postop follow-up visit
Category I,Medicine,90000–99999,99026,In-hospital on call service,in-hospital on call service
Category I,Medicine,90000–99999,99027,Out-of-hosp on call service,out-of-hosp on call service
Category I,Medicine,90000–99999,99050,Medical services after hrs,medical services after hrs
Category I,Medicine,90000–99999,99052,Medical services at night,medical services at night
Category I,Medicine,90000–99999,99054,"""Medical servcs, unusual hrs""","""medical servcs, unusual hrs"""
Category I,Medicine,90000–99999,99056,Non-office medical services,non-office medical services
Category I,Medicine,90000–99999,99058,Office emergency care,office emergency care
Category I,Medicine,90000–99999,99070,Special supplies,special supplies
Category I,Medicine,90000–99999,99071,Patient education materials,patient education materials
Category I,Medicine,90000–99999,99075,Medical testimony,medical testimony
Category I,Medicine,90000–99999,99078,Group health education,group health education
Category I,Medicine,90000–99999,99080,Special reports or forms,special reports or forms
Category I,Medicine,90000–99999,99082,Unusual physician travel,unusual physician travel
Category I,Medicine,90000–99999,99090,Computer data analysis,computer data analysis
Category I,Medicine,90000–99999,99091,Collect/review data from pt,collect/review data from pt
Category I,Medicine,90000–99999,99100,Special anesthesia service,special anesthesia service
Category I,Medicine,90000–99999,99116,Anesthesia with hypothermia,anesthesia with hypothermia
Category I,Medicine,90000–99999,99135,Special anesthesia procedure,special anesthesia procedure
Category I,Medicine,90000–99999,99140,Emergency anesthesia,emergency anesthesia
Category I,Medicine,90000–99999,99141,"""Sedation, iv/im or inhalant""","""sedation, iv/im or inhalant"""
Category I,Medicine,90000–99999,99142,"""Sedation, oral/rectal/nasal""","""sedation, oral/rectal/nasal"""
Category I,Medicine,90000–99999,99170,"""Anogenital exam, child""","""anogenital exam, child"""
Category I,Medicine,90000–99999,99172,Ocular function screen,ocular function screen
Category I,Medicine,90000–99999,99173,Visual acuity screen,visual acuity screen
Category I,Medicine,90000–99999,99175,Induction of vomiting,induction of vomiting
Category I,Medicine,90000–99999,99183,Hyperbaric oxygen therapy,hyperbaric oxygen therapy
Category I,Medicine,90000–99999,99185,Regional hypothermia,regional hypothermia
Category I,Medicine,90000–99999,99186,Total body hypothermia,total body hypothermia
Category I,Medicine,90000–99999,99190,Special pump services,special pump services
Category I,Medicine,90000–99999,99191,Special pump services,special pump services
Category I,Medicine,90000–99999,99192,Special pump services,special pump services
Category I,Medicine,90000–99999,99195,Phlebotomy,phlebotomy
Category I,Medicine,90000–99999,99199,Special service/proc/report,special service/proc/report
Category I,Medicine,90000–99999,99201,"""Office/outpatient visit, new""","""office/outpatient visit, new"""
Category I,Medicine,90000–99999,99202,"""Office/outpatient visit, new""","""office/outpatient visit, new"""
Category I,Medicine,90000–99999,99203,"""Office/outpatient visit, new""","""office/outpatient visit, new"""
Category I,Medicine,90000–99999,99204,"""Office/outpatient visit, new""","""office/outpatient visit, new"""
Category I,Medicine,90000–99999,99205,"""Office/outpatient visit, new""","""office/outpatient visit, new"""
Category I,Medicine,90000–99999,99211,"""Office/outpatient visit, est""","""office/outpatient visit, est"""
Category I,Medicine,90000–99999,99212,"""Office/outpatient visit, est""","""office/outpatient visit, est"""
Category I,Medicine,90000–99999,99213,"""Office/outpatient visit, est""","""office/outpatient visit, est"""
Category I,Medicine,90000–99999,99214,"""Office/outpatient visit, est""","""office/outpatient visit, est"""
Category I,Medicine,90000–99999,99215,"""Office/outpatient visit, est""","""office/outpatient visit, est"""
Category I,Medicine,90000–99999,99217,Observation care discharge,observation care discharge
Category I,Medicine,90000–99999,99218,Observation care,observation care
Category I,Medicine,90000–99999,99219,Observation care,observation care
Category I,Medicine,90000–99999,99220,Observation care,observation care
Category I,Medicine,90000–99999,99221,Initial hospital care,initial hospital care
Category I,Medicine,90000–99999,99222,Initial hospital care,initial hospital care
Category I,Medicine,90000–99999,99223,Initial hospital care,initial hospital care
Category I,Medicine,90000–99999,99231,Subsequent hospital care,subsequent hospital care
Category I,Medicine,90000–99999,99232,Subsequent hospital care,subsequent hospital care
Category I,Medicine,90000–99999,99233,Subsequent hospital care,subsequent hospital care
Category I,Medicine,90000–99999,99234,Observ/hosp same date,observ/hosp same date
Category I,Medicine,90000–99999,99235,Observ/hosp same date,observ/hosp same date
Category I,Medicine,90000–99999,99236,Observ/hosp same date,observ/hosp same date
Category I,Medicine,90000–99999,99238,Hospital discharge day,hospital discharge day
Category I,Medicine,90000–99999,99239,Hospital discharge day,hospital discharge day
Category I,Medicine,90000–99999,99241,Office consultation,office consultation
Category I,Medicine,90000–99999,99242,Office consultation,office consultation
Category I,Medicine,90000–99999,99243,Office consultation,office consultation
Category I,Medicine,90000–99999,99244,Office consultation,office consultation
Category I,Medicine,90000–99999,99245,Office consultation,office consultation
Category I,Medicine,90000–99999,99251,Initial inpatient consult,initial inpatient consult
Category I,Medicine,90000–99999,99252,Initial inpatient consult,initial inpatient consult
Category I,Medicine,90000–99999,99253,Initial inpatient consult,initial inpatient consult
Category I,Medicine,90000–99999,99254,Initial inpatient consult,initial inpatient consult
Category I,Medicine,90000–99999,99255,Initial inpatient consult,initial inpatient consult
Category I,Medicine,90000–99999,99261,Follow-up inpatient consult,follow-up inpatient consult
Category I,Medicine,90000–99999,99262,Follow-up inpatient consult,follow-up inpatient consult
Category I,Medicine,90000–99999,99263,Follow-up inpatient consult,follow-up inpatient consult
Category I,Medicine,90000–99999,99271,Confirmatory consultation,confirmatory consultation
Category I,Medicine,90000–99999,99272,Confirmatory consultation,confirmatory consultation
Category I,Medicine,90000–99999,99273,Confirmatory consultation,confirmatory consultation
Category I,Medicine,90000–99999,99274,Confirmatory consultation,confirmatory consultation
Category I,Medicine,90000–99999,99275,Confirmatory consultation,confirmatory consultation
Category I,Medicine,90000–99999,99281,Emergency dept visit,emergency dept visit
Category I,Medicine,90000–99999,99282,Emergency dept visit,emergency dept visit
Category I,Medicine,90000–99999,99283,Emergency dept visit,emergency dept visit
Category I,Medicine,90000–99999,99284,Emergency dept visit,emergency dept visit
Category I,Medicine,90000–99999,99285,Emergency dept visit,emergency dept visit
Category I,Medicine,90000–99999,99288,Direct advanced life support,direct advanced life support
Category I,Medicine,90000–99999,99289,Ped crit care transport,ped crit care transport
Category I,Medicine,90000–99999,99290,Ped crit care transport addl,ped crit care transport addl
Category I,Medicine,90000–99999,99291,"""Critical care, first hour""","""critical care, first hour"""
Category I,Medicine,90000–99999,99292,"""Critical care, add?l 30 min""","""critical care, add?l 30 min"""
Category I,Medicine,90000–99999,99293,"""Ped critical care, initial""","""ped critical care, initial"""
Category I,Medicine,90000–99999,99294,"""Ped critical care, subseq""","""ped critical care, subseq"""
Category I,Medicine,90000–99999,99295,"""Neonate crit care, initial""","""neonate crit care, initial"""
Category I,Medicine,90000–99999,99296,Neonate critical care subseq,neonate critical care subseq
Category I,Medicine,90000–99999,99298,Ic for lbw infant < 1500 gm,ic for lbw infant < 1500 gm
Category I,Medicine,90000–99999,99299,"""Ic, lbw infant 1500-2500 gm""","""ic, lbw infant 1500-2500 gm"""
Category I,Medicine,90000–99999,99301,Nursing facility care,nursing facility care
Category I,Medicine,90000–99999,99302,Nursing facility care,nursing facility care
Category I,Medicine,90000–99999,99303,Nursing facility care,nursing facility care
Category I,Medicine,90000–99999,99311,"""Nursing fac care, subseq""","""nursing fac care, subseq"""
Category I,Medicine,90000–99999,99312,"""Nursing fac care, subseq""","""nursing fac care, subseq"""
Category I,Medicine,90000–99999,99313,"""Nursing fac care, subseq""","""nursing fac care, subseq"""
Category I,Medicine,90000–99999,99315,Nursing fac discharge day,nursing fac discharge day
Category I,Medicine,90000–99999,99316,Nursing fac discharge day,nursing fac discharge day
Category I,Medicine,90000–99999,99321,"""Rest home visit, new patient""","""rest home visit, new patient"""
Category I,Medicine,90000–99999,99322,"""Rest home visit, new patient""","""rest home visit, new patient"""
Category I,Medicine,90000–99999,99323,"""Rest home visit, new patient""","""rest home visit, new patient"""
Category I,Medicine,90000–99999,99331,"""Rest home visit, est pat""","""rest home visit, est pat"""
Category I,Medicine,90000–99999,99332,"""Rest home visit, est pat""","""rest home visit, est pat"""
Category I,Medicine,90000–99999,99333,"""Rest home visit, est pat""","""rest home visit, est pat"""
Category I,Medicine,90000–99999,99341,"""Home visit, new patient""","""home visit, new patient"""
Category I,Medicine,90000–99999,99342,"""Home visit, new patient""","""home visit, new patient"""
Category I,Medicine,90000–99999,99343,"""Home visit, new patient""","""home visit, new patient"""
Category I,Medicine,90000–99999,99344,"""Home visit, new patient""","""home visit, new patient"""
Category I,Medicine,90000–99999,99345,"""Home visit, new patient""","""home visit, new patient"""
Category I,Medicine,90000–99999,99347,"""Home visit, est patient""","""home visit, est patient"""
Category I,Medicine,90000–99999,99348,"""Home visit, est patient""","""home visit, est patient"""
Category I,Medicine,90000–99999,99349,"""Home visit, est patient""","""home visit, est patient"""
Category I,Medicine,90000–99999,99350,"""Home visit, est patient""","""home visit, est patient"""
Category I,Medicine,90000–99999,99354,"""Prolonged service, office""","""prolonged service, office"""
Category I,Medicine,90000–99999,99355,"""Prolonged service, office""","""prolonged service, office"""
Category I,Medicine,90000–99999,99356,"""Prolonged service, inpatient""","""prolonged service, inpatient"""
Category I,Medicine,90000–99999,99357,"""Prolonged service, inpatient""","""prolonged service, inpatient"""
Category I,Medicine,90000–99999,99358,"""Prolonged serv, w/o contact""","""prolonged serv, w/o contact"""
Category I,Medicine,90000–99999,99359,"""Prolonged serv, w/o contact""","""prolonged serv, w/o contact"""
Category I,Medicine,90000–99999,99360,Physician standby services,physician standby services
Category I,Medicine,90000–99999,99361,Physician/team conference,physician/team conference
Category I,Medicine,90000–99999,99362,Physician/team conference,physician/team conference
Category I,Medicine,90000–99999,99371,Physician phone consultation,physician phone consultation
Category I,Medicine,90000–99999,99372,Physician phone consultation,physician phone consultation
Category I,Medicine,90000–99999,99373,Physician phone consultation,physician phone consultation
Category I,Medicine,90000–99999,99374,Home health care supervision,home health care supervision
Category I,Medicine,90000–99999,99375,Home health care supervision,home health care supervision
Category I,Medicine,90000–99999,99377,Hospice care supervision,hospice care supervision
Category I,Medicine,90000–99999,99378,Hospice care supervision,hospice care supervision
Category I,Medicine,90000–99999,99379,Nursing fac care supervision,nursing fac care supervision
Category I,Medicine,90000–99999,99380,Nursing fac care supervision,nursing fac care supervision
Category I,Medicine,90000–99999,99381,"""Prev visit, new, infant""","""prev visit, new, infant"""
Category I,Medicine,90000–99999,99382,"""Prev visit, new, age 1-4""","""prev visit, new, age 1-4"""
Category I,Medicine,90000–99999,99383,"""Prev visit, new, age 5-11""","""prev visit, new, age 5-11"""
Category I,Medicine,90000–99999,99384,"""Prev visit, new, age 12-17""","""prev visit, new, age 12-17"""
Category I,Medicine,90000–99999,99385,"""Prev visit, new, age 18-39""","""prev visit, new, age 18-39"""
Category I,Medicine,90000–99999,99386,"""Prev visit, new, age 40-64""","""prev visit, new, age 40-64"""
Category I,Medicine,90000–99999,99387,"""Prev visit, new, 65 & over""","""prev visit, new, 65 & over"""
Category I,Medicine,90000–99999,99391,"""Prev visit, est, infant""","""prev visit, est, infant"""
Category I,Medicine,90000–99999,99392,"""Prev visit, est, age 1-4""","""prev visit, est, age 1-4"""
Category I,Medicine,90000–99999,99393,"""Prev visit, est, age 5-11""","""prev visit, est, age 5-11"""
Category I,Medicine,90000–99999,99394,"""Prev visit, est, age 12-17""","""prev visit, est, age 12-17"""
Category I,Medicine,90000–99999,99395,"""Prev visit, est, age 18-39""","""prev visit, est, age 18-39"""
Category I,Medicine,90000–99999,99396,"""Prev visit, est, age 40-64""","""prev visit, est, age 40-64"""
Category I,Medicine,90000–99999,99397,"""Prev visit, est, 65 & over""","""prev visit, est, 65 & over"""
Category I,Medicine,90000–99999,99401,"""Preventive counseling, indiv""","""preventive counseling, indiv"""
Category I,Medicine,90000–99999,99402,"""Preventive counseling, indiv""","""preventive counseling, indiv"""
Category I,Medicine,90000–99999,99403,"""Preventive counseling, indiv""","""preventive counseling, indiv"""
Category I,Medicine,90000–99999,99404,"""Preventive counseling, indiv""","""preventive counseling, indiv"""
Category I,Medicine,90000–99999,99411,"""Preventive counseling, group""","""preventive counseling, group"""
Category I,Medicine,90000–99999,99412,"""Preventive counseling, group""","""preventive counseling, group"""
Category I,Medicine,90000–99999,99420,Health risk assessment test,health risk assessment test
Category I,Medicine,90000–99999,99429,Unlisted preventive service,unlisted preventive service
Category I,Medicine,90000–99999,99431,"""Initial care, normal newborn""","""initial care, normal newborn"""
Category I,Medicine,90000–99999,99432,"""Newborn care, not in hosp""","""newborn care, not in hosp"""
Category I,Medicine,90000–99999,99433,Normal newborn care/hospital,normal newborn care/hospital
Category I,Medicine,90000–99999,99435,Newborn discharge day hosp,newborn discharge day hosp
Category I,Medicine,90000–99999,99436,"""Attendance, birth""","""attendance, birth"""
Category I,Medicine,90000–99999,99440,Newborn resuscitation,newborn resuscitation
Category I,Medicine,90000–99999,99450,Life/disability evaluation,life/disability evaluation
Category I,Medicine,90000–99999,99455,Disability examination,disability examination
Category I,Medicine,90000–99999,99456,Disability examination,disability examination
Category I,Medicine,90000–99999,99499,Unlisted e&m service,unlisted e&m service
Category I,Medicine,90000–99999,99500,"""Home visit, prenatal""","""home visit, prenatal"""
Category I,Medicine,90000–99999,99501,"""Home visit, postnatal""","""home visit, postnatal"""
Category I,Medicine,90000–99999,99502,"""Home visit, nb care""","""home visit, nb care"""
Category I,Medicine,90000–99999,99503,"""Home visit, resp therapy""","""home visit, resp therapy"""
Category I,Medicine,90000–99999,99504,Home visit mech ventilator,home visit mech ventilator
Category I,Medicine,90000–99999,99505,"""Home visit, stoma care""","""home visit, stoma care"""
Category I,Medicine,90000–99999,99506,"""Home visit, im injection""","""home visit, im injection"""
Category I,Medicine,90000–99999,99507,"""Home visit, cath maintain""","""home visit, cath maintain"""
Category I,Medicine,90000–99999,99509,Home visit day life activity,home visit day life activity
Category I,Medicine,90000–99999,99510,"""Home visit, sing/m/fam couns""","""home visit, sing/m/fam couns"""
Category I,Medicine,90000–99999,99511,"""Home visit, fecal/enema mgmt""","""home visit, fecal/enema mgmt"""
Category I,Medicine,90000–99999,99512,Home visit for hemodialysis,home visit for hemodialysis
Category I,Medicine,90000–99999,99600,Home visit nos,home visit nos
Category I,Medicine,90000–99999,99601,"""Home infusion/visit, 2 hrs""","""home infusion/visit, 2 hrs"""
Category I,Medicine,90000–99999,99602,"""Home infusion, each addtl hr""","""home infusion, each addtl hr"""
